1.038773589215123419e-08,1.218242827571198224e-03,1.523189103913817318e-03,4.749139415018660375e-04,1.638399266912104850e-03,2.716834271100433988e-04,1.621892672110070068e-03,4.635596678244925358e-04,6.583014423977523108e-03,1.747283016169064434e-04,5.867586263365238627e-03,9.463613804406198829e-03,4.471774771862797176e-03,3.290563249711211599e-03,2.842593371686674524e-03,2.003007279871376570e-04,6.083511395716901735e-04,4.781461136292772078e-03,3.857623771007876595e-04,3.653647767078180373e-03,7.395848045980606481e-04,8.253277368472316893e-05,7.460139557073850987e-04,2.964340895589116093e-03,6.534707669740936814e-04,1.273140739300390734e-03,3.387726318795918241e-03,2.709211705251320774e-05,6.598707415323159207e-04,6.830283577136847355e-03
8.236076942902333942e-01,2.997231519815003048e-03,2.379495491247000244e-04,1.578681505704122206e-03,9.286372279057831733e-04,1.077703598272793236e-03,1.449613554283928855e-03,6.732931625155938026e-04,9.566610384846740327e-04,5.476631038518840061e-05,1.571343843585319873e-03,6.477056582706273991e-03,1.434511609947380223e-03,5.811278682689860822e-04,2.563415859096820903e-04,2.455682694688909851e-04,6.605356918470596398e-04,4.729621794875166381e-03,6.526144407483832482e-04,1.530911633989828942e-02,1.194896061861885602e-04,9.740827064170239731e-04,6.042875568204532540e-04,2.136606086023197341e-03,1.027882349682732567e-03,4.137830137503226147e-03,1.891847680395894460e-03,5.673085264146589170e-04,1.145839613543850116e-03,7.741118597531290030e-03
2.555353672229592199e-01,1.232667629450480244e-03,1.628580208887909272e-03,1.498733459236738404e-03,1.531100144077483750e-03,5.306257722128152401e-04,3.102226043645856923e-03,5.042745323415531939e-04,7.898892528382875236e-04,3.671968335425456354e-03,6.365946825620546687e-03,6.550549611001200284e-03,8.844425573273848040e-04,8.125790829040982054e-04,2.842836385590521379e-03,1.427805234592845023e-04,2.384506383815589549e-04,4.390167737147564718e-03,8.543771772130974093e-05,1.205794933349941221e-03,3.219067547531587930e-04,1.479720585051153697e-04,7.211818273819599204e-04,1.985740504138704902e-03,9.471197142505319386e-04,4.117250839951471474e-04,1.778682984759955184e-03,2.050248012677723954e-04,1.411148809162029571e-03,1.652514512127861766e-04
8.321499174912451446e-02,2.119342849881873832e-03,5.827863912439847603e-04,1.362663557674410192e-05,1.012188216514722187e-03,2.556180716134756658e-04,2.133795745426573728e-03,1.018237698938415407e-04,9.796724485045152191e-04,1.095720818963786224e-04,1.234565400943771207e-03,9.699300196177460670e-03,8.619232565886766374e-04,6.120013399352939275e-04,2.978597380362108058e-03,1.391729036669173527e-04,1.256700261274146767e-03,4.558288189863510947e-03,3.931282861338470519e-04,4.083010161869658934e-03,5.476344278351006484e-04,8.787874607817103279e-05,5.217826167091693407e-04,2.099703281878362738e-03,9.017299853451603764e-04,3.452231306619092145e-04,2.864608513326580069e-04,1.359271566158551251e-03,4.580011956485648215e-04,1.523788049256390512e-04
8.528455573002878820e-01,1.215087953265681781e-03,7.753865000647793861e-05,1.612184929687850155e-05,9.292163194455978648e-04,4.913195510453046994e-04,2.230994483397076306e-03,6.661743841578394998e-04,3.513530766866631455e-04,3.666384824963663316e-03,5.683872066991925431e-03,6.557493862088112010e-03,1.023414521002451085e-03,3.055054371474194910e-03,2.471886350956555446e-03,2.358238889384792452e-04,1.989860786130526540e-04,2.213625664912619636e-03,2.552764524605074994e-03,1.375600075580666291e-02,8.391395070699971329e-04,4.325778723073792314e-04,8.113346605444855721e-04,1.969819625817966716e-03,4.018531025488788154e-04,3.567221150536670563e-03,1.905269347230479195e-03,5.064192773676743243e-04,4.027552572678982576e-03,7.263842924301506382e-03
4.536117334742852392e-01,1.198612923435557779e-03,1.519925608311394408e-04,7.241207614424628736e-05,8.304080475570954504e-04,7.638682256187080818e-04,1.214824560672399630e-04,1.393348764277506499e-04,9.586489991806350277e-04,9.601388707952346682e-04,5.768783924657232276e-03,6.611661064448718511e-03,1.000931365113645090e-03,6.221564565732065535e-04,3.230604667423930126e-05,1.421676092577273402e-04,3.937938138707249393e-05,4.865941935544809520e-03,5.930876692648135752e-03,1.931861739479364456e-03,3.910648211892528230e-04,4.199537682997809282e-04,2.317192863381800226e-04,1.840826497806084816e-03,8.895959151790438450e-04,4.345771212963876577e-03,4.085848366474045985e-03,4.729618349555148168e-04,2.456013145900731113e-03,1.574393532355351094e-04
4.096234554016660034e-01,1.441733521593334009e-03,4.858118206294311306e-03,1.014221041630404899e-04,8.318523906000162022e-04,1.049882419529778350e-03,6.706591543869364937e-05,1.583943985395595507e-04,9.654664524122560975e-05,1.383650545974635885e-05,1.278952635453074142e-03,6.586320858240578106e-03,9.527613139871295850e-04,3.406341412984481261e-05,2.748668747670789982e-05,5.371523421576557744e-04,1.794615702239357323e-04,4.865944592081402655e-03,2.452978913638296284e-03,1.930579148702806988e-03,1.196744181786580763e-04,9.385560123738390451e-04,8.146067607890167999e-04,1.839598400094897114e-03,8.876319965939786193e-04,4.079307657909930426e-03,4.090061717181753959e-03,6.117685440184404591e-05,7.122533235708121760e-03,2.825369972531419430e-03
6.530641769160481225e-01,3.614870813199392435e-04,2.565783557292328904e-04,2.131716085956008450e-04,8.875073738857678848e-04,1.021013977861357945e-04,1.568919997197877007e-03,5.214562527944458610e-04,1.956198936265369191e-03,1.223170432881283865e-04,5.840318117609861678e-03,5.793609847965079142e-04,6.115226445908342450e-04,8.387392400262375135e-05,2.454777804782426465e-03,5.366429064520636264e-04,3.480329393565405414e-05,2.842539245736944512e-03,6.568455208460046487e-04,1.358007097074599712e-02,1.559840954291186708e-04,7.938194672621957297e-05,2.143317823748183378e-04,1.535087904180963692e-03,6.718368701498581832e-04,4.063163194954057082e-03,3.247285275938208409e-03,2.218882373544459399e-04,2.505882554812835939e-03,1.635289793717447510e-04
6.217529326561155312e-01,4.226236178020713915e-04,2.117685663829348922e-03,2.174863552083579777e-04,1.024041274571909754e-03,5.306117929531335535e-04,2.849506226082506796e-03,7.495349939861311933e-04,3.142964622172197270e-04,4.715808548552084117e-03,1.354372540636698992e-03,6.548938725185688217e-03,2.254798200138773741e-03,2.552178734867427325e-03,3.475651062018546289e-03,1.987983533644911271e-04,2.365482204068587247e-04,4.799629550576155548e-03,2.957563960905277515e-03,3.552832950042605475e-03,7.095735739119048667e-03,1.221557550851368711e-04,2.006910796160268722e-04,2.515205183322310849e-03,6.336274937656698192e-03,7.475731661152743880e-04,1.954617338680421021e-03,1.265970567783359334e-03,2.772949108265210412e-03,2.103977789555833838e-04
4.245659882059000800e-01,3.164222521535663135e-03,7.303816148080108156e-04,7.099980967369966776e-03,1.033669482852322659e-03,3.706428137080286034e-04,2.804334767419738340e-03,7.061412760890376189e-05,2.311235159843838712e-04,3.979269613578991123e-03,5.769132255248495683e-03,6.748718813105651290e-03,1.619542086435766821e-03,4.639214536992426231e-04,3.426546225017142004e-05,1.447911137808450058e-04,1.228612897098758580e-03,5.441613008612393443e-03,2.471887870344559313e-03,1.529503322773745171e-02,2.675505152843851188e-04,1.001785636408313571e-04,3.654440328833752014e-04,1.923675003572039273e-03,1.093781633144685385e-03,1.448546170845576610e-03,2.022709976390305552e-03,8.227944915219611091e-05,8.588502672492681579e-04,3.063516573272129055e-03
1.837170351583881089e-01,1.205187490938377983e-03,1.545369047384413013e-03,1.648248942031651197e-05,8.818469156065108974e-04,7.513936234861400432e-04,1.621917272143992084e-03,1.729628303880410454e-04,9.550005019072422326e-04,3.698235000926272317e-03,5.881071344062539612e-03,9.686812934629050742e-03,6.290361148385587194e-04,6.089939038995261390e-04,2.494138178268397784e-03,4.314464332710063552e-05,6.500185068320843678e-04,4.732837582413527283e-03,1.830448075242737749e-03,1.237191271094654869e-03,7.722964914151723417e-04,1.370749432732963819e-04,8.392159228444328505e-04,1.989459289742230054e-03,6.533996027441050982e-04,4.065748867552411959e-03,7.519539822338659404e-04,3.967721583792304003e-04,8.552380924114290133e-04,6.921337765986499552e-03
8.237354350033249117e-01,1.933625666180083117e-03,1.092745909225710781e-03,4.933090627917517679e-05,8.868014847475036346e-04,2.687092901465702949e-04,2.283097436520839865e-03,6.734269311516107590e-04,9.503639081268343324e-04,1.920670453534635818e-04,2.037072679627483299e-02,9.682474886942168957e-03,9.603337544754804184e-04,3.292938682520415647e-03,7.367032140155067160e-04,2.273100385269921880e-04,6.497260317395540117e-04,4.750241666515956675e-03,1.363419275776609711e-03,2.404951662813540822e-03,7.635775325747628118e-04,9.430931496416690559e-04,3.067477029855229928e-04,2.013289533262115159e-03,6.393177387221439262e-04,1.274427327917397948e-03,7.964324596573799965e-04,1.372968861611854798e-03,6.642372577811687939e-03,5.360032955321858764e-03
1.933200813228933279e-01,1.171999634241643103e-03,9.120765325734965338e-04,7.715983198575972549e-03,8.321832470535683694e-04,7.533891682545405420e-04,1.074460976897939450e-04,1.843550430240970136e-04,5.188707250769902541e-04,9.557478292591379838e-04,5.832204651924184462e-03,4.104050574220687204e-03,2.175289265956303376e-03,8.608917326236389684e-05,2.985234173801708073e-03,1.433635907003823011e-04,1.800243537783947456e-04,4.866242043747044839e-03,9.328820997863940603e-03,1.428665844151549673e-02,3.307773023108750445e-04,1.099301340258891277e-04,8.426846188579816899e-04,1.964826204559867121e-03,6.828880071532865198e-04,8.715950917838505285e-02,4.201370293789743679e-03,1.299341857147031602e-03,9.035778488756637979e-04,2.637671311603933914e-03
6.278490430731186178e-01,1.178800156250409993e-03,3.369226765571145012e-03,6.949715514275599942e-03,8.980352724115098434e-04,2.697117281798539867e-04,3.187602161434617293e-03,1.386017804461960176e-03,7.689274061333653066e-04,3.667906502988496197e-03,6.057685169754576868e-03,6.556147155784872865e-03,1.958124213709795192e-04,5.823637773738607254e-04,2.853435394879295147e-03,1.458302351500275471e-04,2.428268147542798807e-04,1.065784826171245828e-02,4.884372177232942404e-04,2.256803862811302373e-03,2.724969734301496390e-04,1.336638036038301377e-04,1.804694064935216734e-04,6.137336066585133421e-05,9.471197142505319386e-04,8.408516849478810638e-04,1.549619245206293331e-04,2.006820121487229869e-04,8.162899752234701115e-04,1.687788976761369719e-04
6.991216352975282433e-02,3.114094629677514967e-03,5.269704632481003390e-03,2.048225047798376782e-04,1.482889777833551730e-03,5.562614892351607984e-04,3.069607447009440335e-04,6.908395755935207126e-05,3.107498092998739448e-04,3.669378115249793699e-03,1.202673024047784187e-03,1.365917926981818215e-02,2.229956602680521326e-03,1.029374329311164601e-04,2.510283329541055774e-03,2.319560986613915699e-04,2.100726470921426771e-04,4.991346811080866336e-03,9.393357232801081980e-03,1.357772762034633457e-02,2.077909355357174422e-03,1.564601181777176961e-04,7.171770075642924487e-04,1.959082915392669662e-03,8.898088009905574802e-04,4.901720911943137360e-03,1.911819992804374450e-03,3.445277644660246254e-05,3.173229845810296434e-04,2.745341740939072784e-03
7.519748997407825486e-02,1.655879563495490361e-03,3.446645137762433973e-04,1.084074775499399047e-03,3.432268905150225182e-05,4.752820368144013478e-04,1.723064805415930843e-03,7.223259456816620008e-04,8.269074287888015466e-04,1.771099286615784646e-04,5.792180435907635580e-03,6.522528250341249126e-03,2.282422684013016897e-03,1.591584598441376722e-05,2.302751809835224504e-03,1.599317763761417990e-04,1.210892456318931514e-03,4.640330428905960029e-03,6.789822943337972885e-03,4.573708978291503476e-03,3.684924193294802051e-04,1.191270775139753813e-04,5.465187843271349924e-04,1.626420847010378451e-03,5.424623450609335597e-04,3.356829353107569636e-03,4.938447226603985465e-04,5.318913931474137605e-04,1.076773630237731197e-03,1.086662621549083427e-04
2.010216568457590114e-01,3.098478066910293274e-03,6.360973001704377325e-04,8.595537223969678189e-03,9.952550755940880751e-04,2.817013735534480267e-04,2.797352233606452236e-03,1.391472262108296102e-04,1.060064622519672414e-03,2.032929863461001643e-05,5.953799977384817248e-03,9.580366579226487836e-03,2.851817131115604032e-03,6.576455466472258538e-04,2.895996795175959440e-03,2.435829731719691706e-04,4.798281811600768089e-05,5.441613008612393443e-03,4.063762353984787723e-04,1.364910971564984449e-02,6.472307674845061837e-03,1.791832855537649552e-04,3.734576907282262425e-04,1.655022914998790194e-03,6.534431656073492025e-04,2.743036354336801565e-03,3.453213126085169764e-03,2.299076981941664856e-03,3.907641901815231758e-03,3.113443761233969116e-03
4.319232568837522712e-01,1.440206992509467272e-03,4.858118206294311306e-03,3.379234378158776919e-05,8.327646334856156872e-04,5.497670792034382381e-04,1.639662736454737969e-03,7.049865744796173081e-04,8.717293833656977091e-04,3.647164630229614637e-03,1.044604668196904250e-03,6.586130678321862157e-03,9.480166013268475668e-04,2.542436468985500957e-03,3.172508032960677255e-04,5.371523421576557744e-04,2.651577541235862999e-05,4.874447487737583462e-03,3.147586518741766950e-03,4.067557569880792152e-03,1.159852001728148692e-04,4.065786067487599546e-04,6.141554779157361917e-04,1.837915873215834137e-03,6.831474530448555880e-04,4.079307657909930426e-03,1.859300774609332768e-03,5.176983742272663926e-04,4.035218049860355566e-03,2.077113328743478409e-04
5.763530735230351643e-03,7.314600693497845616e-04,1.711420389673154268e-04,2.748832379343736643e-06,7.214456572855516446e-04,7.488302422042344498e-04,1.234357013016921471e-04,1.357774872031459481e-04,2.254020237243450062e-04,7.723981517973967960e-05,5.987347610011752551e-03,9.643782569887062936e-03,1.270295591407308387e-03,5.840760479375360983e-04,2.935641037180908644e-03,7.746484114665886528e-05,3.887135114732974753e-05,4.967170465422833005e-03,5.930876692648135752e-03,2.248429786513067921e-03,3.518764818938887695e-04,9.343287483629624229e-04,2.317192863381800226e-04,1.628406448131604302e-03,8.585859371346314314e-04,4.286736434179863262e-03,2.566410479914798745e-05,1.463344343723840617e-05,2.483754463607378959e-03,1.578770743671648849e-04
1.340362379006915239e-02,1.175854826967164717e-03,7.143509431083913935e-04,5.170205382995420734e-06,8.978504965615474731e-04,2.716834271100433988e-04,3.138028783371488942e-03,1.439667284402794335e-04,7.084933723320796344e-03,3.970732210187395521e-03,5.992391424442336870e-03,9.685042491574695489e-03,1.586960291835117810e-03,3.198398592200181120e-03,2.701912783775979338e-03,3.404695890421832304e-05,2.579727981006608387e-04,4.856243488969064562e-03,2.486918223066907248e-03,3.653647767078180373e-03,2.674936839946951881e-04,9.182360037117396918e-04,7.216117015067404330e-04,1.964665011375781381e-03,8.450112277060808832e-04,2.062978307145794075e-04,1.302923338214159905e-04,4.623783374894346160e-04,6.559803919042035518e-04,5.224219367500451509e-03
2.167685147778633525e-01,1.721734748550195941e-03,5.549036532318731441e-04,1.056045361570303893e-03,7.750106410380649914e-04,3.716507460093744540e-04,4.500143260952206960e-04,6.532837250602565714e-04,9.550214198480407903e-04,5.546179135991600887e-05,1.590120266681226135e-03,9.677645293676368290e-03,8.617386106681140800e-04,6.258907592607816737e-04,2.346365173782980623e-04,3.454571638092371398e-05,7.280789716690469308e-04,4.737579709648821052e-03,6.664596189286678407e-03,2.351658614402611647e-03,8.519270638523657136e-04,1.361169380436449668e-04,5.199228610262308101e-04,1.967163950242835444e-03,6.765303817744432787e-04,4.472689129764095481e-03,6.776394655809620839e-04,1.334744903171422321e-03,7.147573714811803446e-04,2.266249614714926225e-04
8.374647881080996559e-01,6.725201928837337435e-04,1.498159526648112916e-03,1.934667855472250271e-05,8.809646515115124137e-04,7.528638591402527468e-04,1.632799462433892276e-03,6.170413832831410416e-04,8.105696134940326182e-04,3.657740331243569502e-03,5.960436506909119227e-03,4.106763912094352556e-03,2.240431070069167242e-03,3.780563022253601762e-05,2.500241847281897689e-03,2.343761482346199527e-04,2.085958126181669883e-04,3.701205151973909532e-03,1.830386288879796205e-03,1.501641808496229774e-02,1.150540509656173193e-04,2.219165484310283007e-05,1.005891279556421491e-03,2.005448722408368755e-03,8.917154988808334093e-04,8.459983170921265769e-04,3.594395091316123728e-03,7.089087128354929000e-05,8.574257686438289082e-04,6.074949948413517486e-05
2.492410957111919068e-01,1.565442595680984579e-03,4.133105964733650370e-03,6.700904636163105416e-03,9.094458069968287817e-04,5.209927515885087301e-04,3.095202862766066945e-03,4.833123740099327351e-04,4.220246115084350449e-04,3.671968335425456354e-03,6.164226432019452410e-03,6.526771015670724055e-03,8.844425573273848040e-04,8.125790829040982054e-04,2.842836385590521379e-03,1.419460418732176475e-04,2.573373351556920512e-04,1.124852709857926750e-04,6.620797057942925945e-03,3.092219522785161732e-03,3.285687880743140337e-04,1.343327046312633587e-04,7.181222510024831956e-04,1.984983023938430291e-03,8.798407669330446379e-04,4.174713282489282977e-04,1.779530263853510092e-03,6.801610220945240274e-05,1.344883992590467344e-03,1.652491492003624763e-04
8.245179081400610954e-01,1.070667888694422278e-03,2.629709118419902179e-05,6.870830905150331937e-03,7.622032587453792148e-04,4.777168079270436175e-04,3.006370174484941215e-03,6.911965692794082685e-04,6.613903476610926042e-05,3.639007026244293723e-03,1.294405255895203673e-03,6.550531447800684616e-03,2.272008712552604868e-03,1.700009363470166880e-03,3.894602690007408462e-04,1.628962646304017053e-04,2.503995168343796547e-04,4.890849898856075573e-03,6.406260518471106752e-03,3.213542110897609459e-03,1.942971484616993387e-03,9.723263032071208971e-04,4.504612652126540120e-04,1.967521989447816502e-03,8.474333249749581602e-04,5.747063770768475258e-04,1.656563585026451114e-03,1.708651775890942691e-03,6.807310993059207576e-04,2.884530572594208326e-03
2.223067158500181550e-01,1.506164209539240500e-03,1.471654264909930772e-03,7.001262672467136947e-03,8.994951437449370075e-04,4.746019839766154160e-04,3.019285395082243854e-03,6.945113099785803256e-04,4.158421535543513434e-04,3.514004147375331816e-03,9.987720067946913131e-04,6.535963386633517405e-03,2.272008712552604868e-03,1.730360257983376213e-03,2.846744507073216759e-03,1.545265379245946155e-04,6.952016137589289886e-05,1.069537127156799938e-02,4.238862530582280727e-04,3.203868083870613052e-03,1.943417059267594973e-03,8.555962937034477644e-04,1.765704011316081528e-04,1.976636210423353586e-03,8.433185919499469781e-04,4.468754397655800778e-04,1.660161325882625197e-03,1.683627419017275561e-03,6.940764435592311661e-03,7.677468576556233104e-06
6.385440838334031088e-01,1.069919523783237824e-03,1.625094524581055131e-03,2.190089254025291352e-03,1.555512158410995039e-03,5.153305513227084481e-04,1.985356917102811848e-03,6.724718513989253257e-04,3.324832129218771581e-02,1.079075673151215845e-03,1.307705957008493871e-03,1.374870773607076227e-04,1.009761111928055878e-03,1.446261460489824992e-05,2.574508537007617719e-04,5.243962301539377901e-04,2.287494854001044032e-04,4.379000622808392612e-03,6.077867253325892633e-04,1.380831799275960073e-02,6.386030413387647794e-05,3.941427793872815527e-03,3.829858995751326666e-03,1.417993682128651511e-03,9.355614546725874586e-05,4.341224612107033760e-03,4.077746379448427688e-03,1.648764697063545602e-03,7.196184043686311947e-03,1.628497081171232730e-04
4.145749822238662397e-01,1.577310770024631902e-03,1.625094524581055131e-03,2.290461080390679936e-03,3.291839850494535005e-05,1.021647562911413539e-03,2.297956517888106835e-03,9.735247660014087587e-05,6.482920430314186716e-05,3.986441022627384631e-03,6.958850992408194616e-03,6.656953112856704192e-03,1.897029315310864170e-03,1.140935540319052127e-04,2.577095412902653858e-04,4.688853448264962897e-05,1.649235249908898786e-04,4.373118185952231535e-03,8.983591514062888583e-03,9.785887830703835638e-04,6.838729102246667176e-05,1.405157106881247428e-04,3.763197729487753867e-03,1.404876454979337840e-03,1.033259675222484393e-03,4.338846746622858526e-03,4.122242133993809891e-03,1.341001114685256602e-03,6.709384004959504690e-03,2.889846706509713314e-03
8.384681900358893492e-01,1.905507054398256593e-03,1.135947091838543713e-03,4.933090627917517679e-05,8.897394030489325133e-04,2.687092901465702949e-04,2.283097436520839865e-03,6.734269311516107590e-04,9.500929199160478879e-04,1.920670453534635818e-04,6.474129926579337904e-03,9.462986195761762323e-03,9.603337544754804184e-04,3.228003698948155985e-03,2.834350827082126982e-03,2.368611958779922601e-04,6.618355793608726939e-04,2.999051161542041870e-03,1.363419275776609711e-03,1.521834488339931894e-02,1.341239835484838577e-04,9.430931496416690559e-04,3.067477029855229928e-04,2.013289533262115159e-03,9.485500332364096539e-04,1.302439692332970755e-03,3.405077929002728754e-03,1.372968861611854798e-03,6.642372577811687939e-03,5.360032955321858764e-03
5.397439963100911231e-02,3.009706511491565695e-03,6.366114555996488624e-04,3.309576148670577422e-03,8.752456833506437302e-04,3.083488183349671280e-04,9.271993522728103933e-05,1.491502165622940511e-04,5.875282127776656343e-04,1.965013207466895055e-03,5.953799977384817248e-03,4.889281369269164387e-04,5.196148025116939170e-03,6.798664774778570563e-04,2.849236409585816868e-03,2.035241338304557082e-04,1.775849841525407868e-02,4.852249925114901670e-03,2.095819541293128009e-04,1.358311158463921739e-02,6.485484114051131080e-03,1.791832855537649552e-04,3.338642339813242387e-04,1.919018348260237471e-03,6.533649433155308594e-04,1.041152256584933905e-03,7.687101520173233483e-04,5.021945655259531845e-04,2.614711810529314270e-03,2.676598498216387799e-05
2.345118540513063676e-01,1.476810879258634492e-03,4.854833056696255568e-03,1.507017691592207583e-03,8.306288602379622741e-04,2.791614784549914388e-04,3.039475246149806950e-03,4.817259767953616773e-04,5.483994021317063847e-04,3.612310520327686406e-03,3.182658140489184190e-04,6.586000848561964459e-03,8.614201912713741758e-04,6.800801846153400583e-04,2.481994171755729818e-03,5.253059985764090608e-04,6.387059405280083851e-04,4.854200038294387114e-03,2.446367046510549391e-03,1.518942722601001639e-02,3.251255287620842494e-04,1.481107163284100712e-04,3.180925233539015737e-04,1.669222996534412869e-03,6.658572072421862532e-04,3.950150642615295540e-03,4.069262459199559159e-03,1.976138682381356232e-04,8.162899752234701115e-04,1.674201187930116075e-04
8.295534189240760803e-01,1.643108637083661111e-03,6.307049746108132210e-04,6.923844060173598054e-05,1.027441074541911087e-03,3.358578596420896695e-04,2.887213980668042884e-03,4.794623085672089459e-04,3.058767057685212181e-04,1.272035888467624694e-03,1.240083506849354485e-03,4.149120646045351829e-03,1.292332670938744002e-03,3.240430651174522163e-04,2.708272874038904036e-03,7.770623525925657890e-05,1.887816936258012801e-04,8.162959995944725142e-03,9.328452315452475871e-03,8.185649026000274553e-03,3.857885016877157574e-04,1.268787944308083829e-04,8.356597582585785283e-04,1.391218548096948959e-03,9.019538434441377091e-04,2.872947400805020077e-03,3.229137637954875538e-04,7.676811135096572105e-06,7.172405421631090905e-03,2.520409147608704704e-03
4.657602817414806251e-02,1.266434669901286445e-03,9.321146465393471796e-04,1.144868455628483784e-04,1.023039895882514984e-03,3.707663812644292284e-04,2.826250749086183477e-03,1.289209387620499536e-04,8.813866181527232977e-04,1.145748675738722446e-04,5.987310033900104973e-03,6.598040116807206597e-03,9.178259792640749287e-04,7.058161989821805111e-05,5.509774353984779258e-05,2.419971051629536836e-04,6.814216759225444776e-04,1.057518687555198018e-02,1.884625160154299126e-03,1.529502250955590802e-02,1.042142200298391830e-03,1.073637503594079042e-04,1.873139759736554711e-03,1.655384691964096027e-03,6.465795881828184134e-04,2.802387948520809573e-03,2.049916103937549257e-03,2.305836274928027303e-03,1.189371907455871562e-03,3.151660481786071246e-03
6.992539386637375287e-02,3.188738069177446746e-03,5.101261671456927549e-03,6.406645723963481920e-05,7.123760090599309987e-04,4.989498921092152183e-04,3.074031576238190917e-04,8.816624705354654794e-05,1.007087701614475274e-04,4.923362434449793552e-04,2.237886987432159171e-03,6.586638147419212816e-03,2.234653120542580331e-03,1.103981070057162952e-05,2.981341629448736822e-03,5.590310714608533833e-04,4.687010503667933612e-05,4.863915592535582137e-03,2.971165893000101386e-03,1.358966191110285923e-02,7.660238677952230582e-05,5.327303674193190671e-04,8.317878420447080050e-04,1.845912688035105786e-03,8.814419557258729599e-04,4.681875416948783064e-03,1.910381968017863192e-03,4.905472948665400706e-06,5.765217348763949576e-04,2.828587843200606154e-03
7.396212398592394432e-02,2.128429065693086646e-03,3.446645137762433973e-04,1.084074775499399047e-03,3.450763116829907648e-05,4.864648445888164019e-04,1.723064805415930843e-03,7.223259456816620008e-04,8.269074287888015466e-04,1.771099286615784646e-04,5.806309166774733729e-03,3.969173489451007820e-03,2.282422684013016897e-03,1.522492475931826357e-05,3.051091020467344098e-03,1.599317763761417990e-04,1.210892456318931514e-03,4.640330428905960029e-03,6.789822943337972885e-03,4.081794645156961408e-03,3.513831767294459986e-04,1.191270775139753813e-04,5.465187843271349924e-04,1.626420847010378451e-03,5.434206460956047223e-04,3.329400740739779131e-03,1.882832535634305221e-03,5.192532213310282769e-04,1.076773630237731197e-03,1.086662621549083427e-04
9.936193616930100170e-04,1.186964693550610376e-03,1.519925608311394408e-04,7.067155853788413544e-03,7.214456572855516446e-04,7.486614804113034781e-04,1.234357013016921471e-04,1.357253811784048996e-04,9.586489991806350277e-04,8.800873865030204440e-05,5.987347610011752551e-03,9.692059271822071193e-03,2.178444820603837352e-03,6.161673880182817146e-04,2.935641037180908644e-03,1.429451927718833435e-04,3.887135114732974753e-05,4.865992288184180919e-03,5.930876692648135752e-03,2.248429786513067921e-03,3.305078975928243522e-04,9.343287483629624229e-04,2.317192863381800226e-04,1.965736415470853080e-03,8.585859371346314314e-04,4.286736434179863262e-03,7.823277076388643683e-06,1.463344343723840617e-05,2.483754463607378959e-03,1.578770743671648849e-04
4.219440629013548882e-01,1.436420181339139335e-03,4.961920512599902501e-03,1.500695629898484741e-03,1.494776056690736918e-03,5.493681184947081346e-04,1.665365230521312790e-03,3.683724622359030396e-05,8.712938822605308890e-04,9.401335240669329765e-04,7.444201536648502445e-04,6.601613356647302068e-03,5.178060297926516745e-03,1.030281025730781950e-04,2.517073421108835182e-03,2.804973525300264868e-04,6.847957275647674176e-04,2.662626318323936189e-03,5.417671825514009352e-04,4.164390323220111718e-03,1.928612024118811887e-03,1.455017421920418489e-04,7.188836464358550624e-04,1.838480866272280446e-03,6.824442772427452954e-04,4.271057649939834135e-04,1.255247771438985091e-04,1.395235561943423529e-03,9.992829492773745801e-04,2.480897461824243914e-03
2.402157364266648276e-01,1.971207048225169078e-03,4.165094833108319572e-03,3.339463559861753292e-04,1.026638262033302464e-03,3.800889488726360600e-04,2.071713562424496553e-04,6.742021991682637435e-04,1.184841276232365126e-02,3.977463394573851549e-03,9.486966842367568382e-04,5.958656331433876546e-04,9.092127235126657488e-04,5.074685702463368510e-03,2.831415357492946590e-03,1.828057536195852432e-05,6.077531503902112910e-04,4.362999073604953947e-03,3.169234978174952436e-03,3.653763515211252543e-03,4.326779727682182088e-04,4.151792758256056862e-05,9.396512091091336065e-05,1.391622008977846155e-03,9.704446248793422748e-04,3.061349153727616458e-04,8.205006955937381484e-04,1.819254565848431662e-05,9.171022153476875334e-04,1.348125805807862641e-03
3.099329353955979083e-02,1.562387214480042167e-03,4.133105964733650370e-03,6.949211779890813664e-03,9.094458069968287817e-04,4.763385306001156894e-04,3.116119105353159016e-03,1.578442554155342920e-04,4.104251850851364141e-04,3.667906502988496197e-03,5.964859976248156406e-03,6.527958359505359881e-03,2.257549760964937518e-03,1.752973414768818801e-03,2.833902752914934080e-03,1.591462694059797133e-04,2.521861608289543760e-04,1.065784826171245828e-02,4.817536963441555352e-04,3.353352642842854017e-03,5.620356955994531547e-04,1.351538038066285152e-04,8.242894462215611881e-04,1.484301853523484899e-03,8.812851896440342982e-04,8.408516849478810638e-04,1.916411800949953522e-03,6.599947069700498950e-05,9.751387947472888807e-04,1.652491492003624763e-04
4.352577998390496083e-01,2.125107102074168773e-03,7.155883928192017206e-04,1.753622064544865800e-03,9.311094716265210999e-04,4.897417217904515441e-04,2.133335635088235999e-03,6.958323565890731175e-04,6.463466352659512880e-04,5.151831715128436448e-05,5.678843907835867504e-03,6.476106502193488754e-03,9.566098310041701823e-04,6.121424127935842351e-04,1.558645831093672177e-02,1.381760786406472166e-04,1.720719597781941897e-04,4.557419936771737491e-03,2.897691122678380023e-03,4.380971747811509762e-03,5.476227359285869463e-04,1.213033716376763220e-04,6.774899537491229501e-04,1.970001407818026181e-03,1.012051160574790583e-03,3.844953520887597832e-04,1.915401177306414945e-03,4.885097671561320579e-04,6.558353878009159574e-04,2.824501251651063364e-03
2.442220199515244827e-01,1.971207048225169078e-03,6.229741295016408449e-04,3.746385457198196482e-04,1.026638262033302464e-03,1.506138486084916857e-03,2.218641836440515738e-04,6.717055927870391619e-04,1.227576165415737719e-02,3.754911703856885635e-04,9.488891573647448936e-04,8.790113742071286804e-05,2.295023570045329718e-03,3.099788917472014182e-03,2.830964472184695040e-03,2.399316156409774371e-04,6.389290856904637252e-04,4.366619780936170300e-03,3.075503983884634619e-03,3.642244642887242784e-03,4.429557080791192945e-04,4.164941923949706153e-05,1.007507331487029166e-04,1.397704958785532352e-03,9.729610951685320691e-04,4.222082328818474450e-03,3.401931611361852601e-03,1.819254565848431662e-05,9.171022153476875334e-04,1.355862926760189636e-03
4.275405718384929499e-02,2.117630784306480125e-03,7.047137493038667161e-04,7.175966590453154888e-03,4.196285841097689907e-05,4.874644415949632944e-04,3.708214451286636032e-04,1.085593110932615672e-03,5.789938656393317853e-04,1.825309251483496834e-02,5.474005516271689131e-03,3.937665820545755389e-03,5.800628217769237486e-04,5.740155166209507569e-05,3.054582985175362426e-03,1.002763003059215961e-04,6.731251366402398167e-04,4.856861584663554193e-03,6.419207520009632267e-03,1.510155565453184280e-02,6.057795239025267828e-03,1.321859809649718190e-04,7.247745494839657847e-04,1.967118415556883514e-03,6.335373782132843563e-04,5.071687155847135614e-03,1.913472663281884324e-03,2.260024801292899455e-03,7.727093407564509468e-04,6.240507483697641140e-03
8.404714320083686019e-01,1.898257097342693350e-03,1.135947091838543713e-03,4.933090627917517679e-05,9.785626189427751656e-04,2.687092901465702949e-04,2.302175557750383260e-03,6.734269311516107590e-04,7.089528182552908009e-03,4.137162610569259866e-03,5.839035518389012504e-03,9.857945488552444929e-03,2.652889013513755074e-04,3.230890599672140220e-03,2.834350827082126982e-03,1.039501791783810684e-04,1.702456383615909199e-03,2.999051161542041870e-03,2.135644257507628846e-03,1.468534429902294998e-02,9.632934587850197888e-05,9.405190704577404571e-04,3.067477029855229928e-04,2.015366314467915022e-03,9.926310481516167038e-04,5.961997006431103002e-02,3.224373435378087311e-03,1.372968861611854798e-03,2.375097845759028842e-03,5.403325665946969933e-03
2.503379670158379922e-01,7.070861774460883127e-04,4.133105964733650370e-03,6.700904636163105416e-03,9.083449738964488943e-04,5.209927515885087301e-04,1.566228257861604052e-03,4.833123740099327351e-04,7.731492811118659833e-04,3.671968335425456354e-03,6.165557795446333263e-03,6.526771015670724055e-03,8.460061735264053258e-04,3.077919739922845791e-05,2.842836385590521379e-03,1.419460418732176475e-04,2.573373351556920512e-04,1.124852709857926750e-04,1.727736973697244476e-03,3.092219522785161732e-03,8.878652814043125558e-04,1.343327046312633587e-04,7.181222510024831956e-04,2.005885549288353303e-03,8.798407669330446379e-04,8.770322598748369562e-04,1.779530263853510092e-03,6.801610220945240274e-05,1.344883992590467344e-03,1.652491492003624763e-04
8.267085750085172435e-01,1.530876611159529260e-03,1.498159526648112916e-03,6.127575824491440521e-04,8.820654846118923011e-04,7.528638591402527468e-04,3.161774067342682654e-03,6.172546015364650850e-04,4.170191954903915881e-04,3.659005919251357222e-03,5.957667554732113367e-03,4.106763912094352556e-03,2.279040984147705576e-03,8.225801358229876785e-04,2.500241847281897689e-03,2.362785996784451967e-04,2.231901849912746412e-04,3.701205151973909532e-03,6.723447886069896726e-03,1.754592427830913189e-03,3.187737337718063967e-04,2.219165484310283007e-05,1.005891279556421491e-03,1.984546197058446176e-03,6.314973496311276132e-04,4.207625722098518560e-04,3.594395091316123728e-03,3.748355256757586853e-04,8.574257686438289082e-04,6.702950649245459694e-05
8.404899523424879115e-01,1.261335972635544084e-03,1.514647473728991407e-03,2.523411957102227043e-03,6.561351138223591633e-04,3.394484507629930733e-04,3.047440685109709634e-03,5.053959684095027166e-04,6.186238331317391644e-04,3.640489342074677403e-03,7.317088859654591673e-04,6.336137467408752694e-03,1.271556027051380959e-03,3.615750073481817893e-05,2.994238622219765490e-03,2.327938425497510155e-04,6.629160880238134379e-06,2.991042059145319031e-03,8.784733165814470959e-03,7.537667662276272516e-03,3.893368572359288352e-04,1.300159489331405966e-04,7.072265091505736253e-04,2.162538593188853379e-03,4.610758987158605467e-04,2.818438373082600770e-03,2.001089819906200391e-03,5.697155293578061138e-05,1.054415064328716135e-03,3.764903879928879760e-04
2.114971116035541110e-02,1.440206992509467272e-03,4.858118206294311306e-03,3.379234378158776919e-05,8.327646334856156872e-04,5.497670792034382381e-04,1.639662736454737969e-03,6.581994574391616818e-04,8.717293833656977091e-04,8.720787483505285532e-04,1.026037323226779586e-03,6.586320858240578106e-03,9.480166013268475668e-04,2.472390682737244001e-03,3.105204453223280600e-04,5.371523421576557744e-04,2.651577541235862999e-05,4.875854084754705636e-03,3.147586518741766950e-03,4.067557569880792152e-03,1.159852001728148692e-04,3.805395445402859063e-04,6.128547414754775043e-04,1.837915873215834137e-03,6.831474530448555880e-04,4.079307657909930426e-03,1.860528747743977595e-03,9.397029278095518396e-05,7.154780631981724238e-03,2.077113328743478409e-04
3.262569723682687273e-02,3.817583882174549817e-04,4.274601262726530036e-03,1.002851556141981829e-04,9.087123983198233017e-04,3.466568511353838888e-04,1.834126943612061043e-05,5.204534737888947670e-04,3.340665299965202457e-04,9.123944018144681655e-04,6.169743822336937362e-03,4.182252992766954600e-03,2.304847070723863457e-03,5.832711279324637827e-04,1.405091446474752591e-03,1.920789454698908682e-04,5.370539202975482471e-05,8.111140882920470432e-03,8.742698683223363437e-03,3.673771713584855422e-03,1.162729062314056191e-04,9.093703897891070812e-04,8.357531794130842757e-04,1.972717592039142237e-03,1.728930661958502603e-04,5.093709386052009888e-03,5.720548449725778098e-04,4.657498406330027717e-04,6.576173540398713019e-03,2.520409147608704704e-03
4.618121129445965090e-02,1.197086378286548770e-03,1.519925608311394408e-04,1.900659345233105414e-03,1.569280281961188059e-05,7.486614804113034781e-04,1.234357013016921471e-04,1.392716565431293806e-04,6.784207281290584139e-03,9.601388707952346682e-04,5.768783924657232276e-03,9.474679267341433453e-03,5.063617426315010495e-03,6.221564565732065535e-04,3.070583623993618488e-03,1.421676092577273402e-04,4.508283528151647932e-05,4.865992288184180919e-03,5.930876692648135752e-03,2.248429786513067921e-03,3.820647757902428032e-04,4.210356277562373427e-04,2.317192863381800226e-04,2.147582867522327289e-03,8.467263375565851251e-04,4.490181544230246145e-03,3.664788575005184946e-03,4.729618349555148168e-04,2.456013145900731113e-03,2.917571913630564312e-03
5.682269178067790583e-02,1.520565390118667820e-03,5.907324189021649716e-04,3.404673203525667227e-03,1.657844701439710900e-03,7.649663638095992617e-04,2.298372476567294223e-03,1.145729040608411877e-03,6.628144408559940096e-03,4.489529495764704812e-05,5.991335736663672314e-03,9.462112498913885852e-03,8.583283274825625510e-04,3.346060444890901556e-03,2.845734319206921683e-03,1.065012307083028603e-04,5.897581737651329389e-04,4.381371447275489439e-03,2.518754442757084253e-03,1.544961644602281699e-02,7.703527660016870745e-04,1.103402651845459843e-04,8.438646873869745397e-04,2.148416944842032085e-03,4.070172422735268171e-03,9.435771273838194440e-04,8.097023218264240516e-04,4.537078318118671324e-05,6.583859046064700730e-04,1.351049899312261704e-05
5.760198491801626908e-02,1.520745842239620057e-03,5.948354415697277697e-04,3.292955017886617722e-03,8.756777192218865268e-04,7.649663638095992617e-04,2.298372476567294223e-03,1.145729040608411877e-03,6.628144408559940096e-03,6.630297063158158231e-05,5.991335736663672314e-03,9.462112498913885852e-03,5.180004465611249415e-03,3.345868791304601811e-03,3.025553404804251154e-03,1.065012307083028603e-04,1.253963733091790047e-03,4.381371447275489439e-03,2.518754442757084253e-03,1.544961644602281699e-02,7.703527660016870745e-04,1.103402651845459843e-04,8.438646873869745397e-04,2.141980806838729434e-03,6.411208218590870936e-04,9.435771273838194440e-04,8.097023218264240516e-04,5.040780459523919914e-04,8.239499107373959071e-04,9.780500373361288198e-05
4.168608841528974596e-01,1.262851600436156255e-03,1.382270538002773955e-03,2.236777635555960500e-02,9.448974505450468981e-04,4.921780445375883691e-04,3.003259832662241117e-03,7.375905079693182917e-04,7.571619593815684043e-03,8.203458893817246189e-05,2.442278138942871948e-03,9.675928359853614227e-03,2.126483810784050334e-03,2.630055312985226778e-03,1.220659922643371233e-03,1.411938753014125290e-04,2.678323313246307289e-04,5.089999573201125019e-03,1.953563933272876689e-03,1.451034269985335655e-02,1.950807818060647800e-03,1.023962357825389333e-04,1.782053175525906332e-04,1.955730451988702684e-03,8.387793427263213900e-04,6.494572393627388168e-04,5.887154461987793852e-03,2.701840364943082539e-04,1.369242200515725233e-03,1.553223261685256207e-04
8.336824566431614292e-01,1.190936712797701367e-03,1.498159526648112916e-03,6.127575824491440521e-04,8.809646515115124137e-04,7.528638591402527468e-04,1.632799462433892276e-03,1.717963186385351195e-04,7.681438650937615943e-04,3.659005919251357222e-03,5.958998918158994219e-03,9.724578283402379036e-03,8.719168175261179064e-04,3.780563022253601762e-05,2.500241847281897689e-03,2.362785996784451967e-04,6.077432545154677276e-04,3.701205151973909532e-03,1.830386288879796205e-03,1.754592427830913189e-03,7.151805012910822379e-03,2.219165484310283007e-05,1.005891279556421491e-03,2.007344393979735436e-03,6.291728564629670614e-04,8.803235038336131978e-04,3.594395091316123728e-03,3.748355256757586853e-04,8.574257686438289082e-04,6.739412748183468485e-05
4.148561592702336154e-01,1.509316174863570585e-03,2.536245297457451371e-04,7.157707337684563603e-03,1.590896670269823865e-03,1.041104339010708935e-04,1.417790694197112707e-04,7.385944603182565717e-04,7.561943651927555132e-03,1.147623063987592527e-04,5.839595506569797770e-03,9.610871225719939265e-03,1.004726324211386310e-03,6.033523689298087196e-04,2.489885063743801745e-03,1.418328965744101392e-04,2.676932137695582073e-04,8.086546078830740558e-03,5.921907748282440043e-03,1.518408533409892555e-02,1.902542292815159177e-03,9.773820525303282330e-05,2.358842574744425113e-03,1.644398686187363481e-03,9.581964047741284123e-04,5.356475635886095814e-04,3.436178078766175242e-03,2.953620340265666346e-04,1.045789433286755743e-03,5.702235460511100550e-04
6.355406365911268063e-01,9.130457408631274894e-04,6.144599656162796778e-04,7.816029435422550825e-03,7.123760090599309987e-04,5.302072892653923340e-04,5.101296464626781015e-04,5.026055939988214195e-04,4.112638486721809615e-04,3.605989792985499730e-04,9.627217354598546252e-04,6.368267395993114539e-03,3.527340035412819064e-04,2.577866797869718483e-03,2.925455151028735074e-04,1.396106356927305785e-04,6.694288443232962980e-04,7.342113846880563011e-03,2.404946668336376946e-03,1.466541540403946270e-02,6.788602558029471182e-05,5.431484248881782682e-04,8.120495400778582123e-04,1.941893704850323381e-03,1.092106929755892525e-03,4.349423551120465067e-03,3.513014979178555146e-03,4.188940026285271206e-04,6.988454731864220115e-03,2.976156663597525424e-05
8.418945768337395830e-01,2.995879079298320417e-03,4.442435787375500524e-03,8.030885366574423354e-03,9.190582658937651713e-04,4.984778152805180006e-04,3.001417271610579010e-04,5.675370428349040377e-05,4.112638486721809615e-04,1.448790669510575382e-04,6.018451142844375400e-03,9.362149381907424253e-03,8.766257890143429191e-04,8.536462950393874580e-04,2.475187818585895469e-03,2.363308356181404465e-04,4.306512699237929464e-05,4.610674653451433957e-03,3.630243867387573237e-04,3.479057986363967743e-03,1.735424930982938912e-03,8.345727147087182111e-05,8.120495400778582123e-04,2.162277053645035238e-03,6.536770187848537413e-04,4.776835171782204889e-03,1.455301953914142328e-03,2.825779798121789976e-02,6.652349908772923343e-04,2.905957057349247558e-03
2.121008895917256276e-01,3.047310065531589392e-03,6.360973001704377325e-04,6.952324978490764286e-03,9.954821307313320173e-04,2.790835347553489000e-04,9.271993522728103933e-05,1.491502165622940511e-04,5.581905665294748832e-04,1.965013207466895055e-03,5.953799977384817248e-03,4.889281369269164387e-04,2.911661067286359494e-03,6.798664774778570563e-04,2.849236409585816868e-03,2.035241338304557082e-04,1.791353858786591535e-02,4.852249925114901670e-03,2.095819541293128009e-04,1.358311158463921739e-02,6.136211691910442058e-03,1.791832855537649552e-04,3.338642339813242387e-04,1.919018348260237471e-03,6.534431656073492025e-04,4.347022792470392125e-03,3.379897206162473140e-03,5.021945655259531845e-04,2.614711810529314270e-03,2.893510553098727588e-05
2.276745151188079852e-01,1.726061306019544429e-03,1.517130020608014858e-03,8.307738493795898543e-03,2.765454102785355056e-02,3.713263040550895933e-04,4.500143260952206960e-04,6.532837250602565714e-04,3.358826755214200724e-04,5.546179135991600887e-05,1.621575715223989508e-03,9.677645293676368290e-03,9.223285107807200570e-04,3.382749615919002865e-03,2.918555327667685280e-03,3.454571638092371398e-05,6.093060413980533850e-04,4.787605104552954301e-03,4.022899145492975226e-04,2.348084541137249008e-03,6.703462245591935119e-03,1.359343907427673149e-04,5.143711840565535392e-04,1.967163950242835444e-03,6.725037792645798072e-04,4.398027875196285769e-03,3.454748007861739578e-03,1.334744903171422321e-03,7.147573714811803446e-04,2.266249614714926225e-04
2.192579474672106676e-01,2.967641676004882309e-03,1.543598212926013385e-03,1.001616724953472565e-04,1.649223716395476370e-03,4.721973209737314724e-04,3.006370174484941215e-03,6.911965692794082685e-04,3.198200915675158962e-04,3.972253284406738853e-03,1.283496980179978705e-03,6.550531447800684616e-03,6.521986234685069571e-03,2.599375987174112543e-03,1.460078789236813127e-02,1.114389999024913982e-04,5.955730274596512366e-05,1.069373660116678705e-02,4.238862530582280727e-04,3.626411591023339601e-03,9.418293742419437883e-04,1.014762100623609921e-03,1.780540182545447669e-04,1.955501292429090605e-03,8.480720359304131121e-04,6.861034989558501343e-04,1.660161325882625197e-03,1.620285324696405784e-03,7.160614274511515991e-03,1.090706671033106999e-04
2.196863568430127978e-01,1.449858455578075965e-03,3.685445801644951676e-04,4.351920882997330209e-04,1.671255873277757362e-03,1.947835213026272540e-04,1.727545895927867954e-03,6.631444908285378127e-04,5.342458586234500413e-04,8.767665601966891271e-04,5.988396446326360416e-03,6.313870323884491348e-03,1.024095222240913646e-03,1.096761538479235076e-04,5.520381868049937038e-04,1.139694282640696128e-04,6.641269746087151470e-05,4.440865928610224743e-03,2.828937645229376990e-03,1.542361104887307946e-02,3.545280031014921580e-04,9.955347865154904989e-04,1.819100437670969055e-03,6.325521016304301841e-04,1.798826794435310185e-03,5.574787184185077665e-04,3.842179048673900667e-04,5.141004320944942731e-04,8.476782266773259279e-04,2.906516114928349437e-04
6.471901100654390282e-01,1.238331874905060359e-03,1.625094524581055131e-03,2.225791472872807718e-04,1.555512158410995039e-03,5.306200596961712767e-04,1.460143227598794747e-03,4.893699363866509675e-04,3.307354056015730792e-02,4.417067163349517288e-03,2.488280892932312558e-03,6.697275188616678629e-03,2.160400743602025261e-03,2.556729272868933384e-03,1.390027077586518649e-04,2.369360886291844049e-04,8.409220321608191703e-03,4.562245554189959043e-03,5.102492676128544567e-04,1.380501428974531021e-02,1.143162436022179818e-04,4.001095733022596267e-03,8.010474268216121688e-04,1.417993682128651511e-03,1.207712544993708257e-03,4.341224612107033760e-03,1.718776713648801063e-03,1.292480497909769552e-03,7.361828119762313730e-03,1.632299086660353243e-04
4.433069650897706881e-01,4.701901653519883367e-04,4.217084989578180100e-03,4.927951488716063137e-05,8.876566783999063600e-04,7.626587118081744028e-04,7.062023364012620565e-05,5.240954823886295050e-04,4.908541935325049649e-02,1.284131592698722663e-04,2.019932510381598073e-02,5.723088165482143486e-04,1.282201635619715455e-03,2.515368054851283567e-05,2.504702944201968491e-03,5.438829603025016699e-04,1.220843111160487384e-03,4.635875203506339623e-03,1.836018433759552607e-03,1.237636095184027618e-03,8.282223375544999627e-04,1.102807841967699202e-04,1.903051841572928537e-03,1.625227141799431710e-03,6.541167928389991478e-04,4.074083497166204083e-03,1.801260272704705880e-03,5.168164585731574402e-04,8.620846034287755295e-04,1.628472363849066114e-04
2.573463625558803508e-02,1.575385774886777033e-03,8.957674775884223728e-03,1.001616724953472565e-04,3.698757825943898778e-04,3.524457465719267341e-04,6.929568781822645351e-05,8.695215989089809196e-05,6.635764173181960685e-03,9.476307362596780946e-04,6.158457660921669817e-03,6.591809903693164260e-03,2.202808796293333898e-03,1.418610736912608462e-04,1.998170916336944759e-03,5.560482447701596120e-04,2.286795143867114181e-04,1.078131144822024393e-02,1.541055344356128190e-03,3.396398551520568923e-03,1.231781460707089329e-04,1.015544169964515070e-03,5.054079456419959503e-04,1.963975871316005640e-03,1.027450611042673772e-03,5.772610946044734806e-03,1.996559526783783876e-03,1.145427407069574686e-05,6.710557783813742017e-03,2.767719672242673502e-04
2.926386223538225695e-04,1.380864799781805112e-03,4.993751887696915373e-03,8.268498866435627231e-03,1.302572123656825552e-03,2.749577767684878459e-04,7.978249563891922497e-03,5.957951326605723978e-04,4.374545257299536360e-03,3.972554567433335231e-03,6.323945268278233917e-03,9.767035031896298403e-03,5.430988184369297048e-03,8.349379097907886097e-04,3.349905804008612535e-03,2.219132753505614853e-04,8.286026876736251896e-04,4.764314698783013620e-03,8.030808706882823500e-03,2.977739187187666489e-03,2.597707010489495871e-03,1.711879970487343184e-04,5.360129187917429816e-04,2.135701030654897289e-03,6.117416736908966443e-04,4.067323380271818667e-03,4.073399309423323886e-03,2.268540133237208364e-05,8.298559027153677367e-04,3.064532934248062179e-03
6.313326412938325971e-01,1.245549829004553681e-03,1.519925608311394408e-04,7.067155853788413544e-03,1.930916622472478479e-03,2.527184365887750897e-04,1.301605283641302398e-04,5.727000072700219753e-05,9.586489991806350277e-04,6.080118807832816941e-06,5.768783924657232276e-03,6.772380180208957719e-03,2.327849141874266999e-04,6.230145414034601176e-04,2.611166800094834404e-04,1.421676092577273402e-04,3.875620533556715252e-05,4.865992288184180919e-03,5.929721086410922465e-03,2.248429786513067921e-03,6.434334829722950823e-05,4.211030151440013788e-04,3.888981205568806023e-04,1.962488162289934175e-03,5.165808762517416211e-04,4.322436652109749693e-03,1.941264538515208825e-03,1.299941859567305775e-03,2.456013145900731113e-03,4.329727343449158231e-04
2.111285428169462075e-01,3.047310065531589392e-03,9.287125276302160429e-04,6.952324978490764286e-03,1.030344548888380155e-03,2.790835347553489000e-04,9.271993522728103933e-05,6.572831439967944571e-04,5.581905665294748832e-04,1.965013207466895055e-03,5.733693497300150488e-03,4.889281369269164387e-04,8.603114598020420323e-04,6.798664774778570563e-04,4.701003567359840572e-04,5.252842507576460868e-04,1.791353858786591535e-02,4.852249925114901670e-03,1.912382086251258537e-03,1.519405121208869738e-02,6.136211691910442058e-03,1.787414691608132011e-04,3.338642339813242387e-04,1.654895825365443069e-03,6.545204205276189272e-04,4.315581540161474335e-03,3.405027671637527852e-03,5.021945655259531845e-04,2.614711810529314270e-03,4.146808213779441289e-05
2.244690626586618443e-01,1.563259342051170160e-03,1.338368417269940325e-03,7.175966590453154888e-03,4.177791629418007441e-05,4.762816338205481861e-04,9.096604483639855483e-04,1.080979723361869893e-03,5.789938656393317853e-04,3.513524559829774626e-03,5.558762107701780732e-03,6.491020581435989756e-03,5.516853425125145538e-04,5.809246659251028719e-05,2.319343673353672485e-03,1.018037012828914591e-04,6.731251366402398167e-04,4.856861584663554193e-03,6.419207520009632267e-03,1.527957823634573664e-02,6.065453281574307437e-03,1.321859809649718190e-04,8.820924096438836036e-04,1.961584210170601132e-03,6.325790771786131937e-04,1.007693985647259817e-03,1.573349524476400823e-03,2.272661795764266586e-03,7.727093407564509468e-04,6.397813267951242382e-03
4.259141758312552928e-01,9.135232571762913999e-04,1.631779567607618761e-03,2.118778374226998329e-03,1.577087936182160026e-03,5.305412987590326377e-04,2.027643967612648840e-03,4.885075083442512456e-04,8.397547449404688591e-04,3.971218820021018420e-03,5.823180533164760454e-03,4.196228093847193669e-03,1.923457049259711922e-03,3.106928117108819290e-03,2.515582563029514652e-03,1.123093397903081390e-04,2.359755759829860544e-04,3.713624342773133233e-03,2.770842111979143329e-03,1.723329779858293834e-03,6.005871485106900479e-05,3.931298161096745056e-04,9.869329554575033067e-04,1.417993682128651511e-03,2.620124583496043083e-04,8.356221154598175455e-04,3.580397483673889922e-03,1.646238897553920248e-03,7.187542558788497134e-03,1.007797824920427310e-05
4.296963350800455661e-01,1.074853196531873421e-03,5.508076884540916412e-04,1.014221041630404899e-04,7.585564992250155673e-04,3.657914688764371557e-04,3.788602667201504837e-04,6.529373025461508110e-04,7.271137690391279952e-05,9.720579117085542675e-04,1.596746171340326058e-03,6.371786450112904357e-03,9.512299005102298026e-04,2.751105211144756410e-06,3.121552970448487289e-04,5.371523421576557744e-04,1.787501099522739918e-04,4.870014472217108065e-03,4.987029473330541890e-04,1.442867093098532637e-02,1.194895655627021197e-04,9.738628165914169164e-04,4.495393221856658350e-04,1.842123630912006864e-03,1.030120071977766449e-03,4.347679952519355184e-04,4.092864538428034674e-03,6.404896482579535560e-05,7.145096647216903421e-04,2.830657664463736515e-03
2.760085359493032534e-02,1.512308580799493537e-03,1.523189103913817318e-03,8.463737819529547346e-03,1.648950746597243385e-03,2.716834271100433988e-04,1.620915090259300150e-03,4.862348509320123463e-04,6.557933690890565409e-03,4.027396497627274384e-03,5.993322327539092782e-03,9.463613804406198829e-03,2.319503406862918459e-03,3.290563249711211599e-03,2.980290384956666393e-03,2.004462491459332797e-04,6.714507813092995695e-05,4.786724478188032587e-03,3.877190685686597756e-04,3.653647767078180373e-03,4.290506604212943921e-03,5.476698498090176205e-04,7.473886211522815003e-04,3.053540522546070203e-03,8.814049198355455340e-04,1.234856092339230117e-03,3.453071140261135003e-03,2.709211705251320774e-05,6.598707415323159207e-04,1.439451241282293202e-04
6.308574229383345777e-01,1.241193134107678765e-03,2.565783557292328904e-04,3.555345333259444032e-04,8.779431164115394318e-04,1.027732169356617223e-04,1.023670186636144001e-04,5.214562527944458610e-04,9.277516961358147794e-04,1.223170432881283865e-04,5.840318117609861678e-03,9.613096926017767468e-03,6.329074895365888274e-04,8.387392400262375135e-05,9.097253128584063125e-03,5.366429064520636264e-04,3.462673158245187558e-05,2.842539245736944512e-03,6.097196472880849968e-04,1.360532228256336809e-02,1.559840954291186708e-04,7.938194672621957297e-05,2.143317823748183378e-04,1.535087904180963692e-03,6.630032191348721486e-04,4.348207447317344390e-03,3.247285275938208409e-03,2.218882373544459399e-04,2.505882554812835939e-03,1.635289793717447510e-04
2.903389403409595282e-02,3.188738069177446746e-03,2.141757677806203734e-04,8.030885366574423354e-03,7.123760090599309987e-04,4.989498921092152183e-04,3.430239983339998045e-04,8.816624705354654794e-05,4.112638486721809615e-04,4.923362434449793552e-04,2.206806734575947337e-03,6.527700090671145934e-03,2.213909294196842684e-03,6.672121887752231360e-04,2.981341629448736822e-03,1.410891162566964123e-04,4.306512699237929464e-05,4.610674653451433957e-03,3.299566234982228424e-04,1.467542851532937370e-02,4.160792620219817307e-03,5.353033032333525927e-04,8.120495400778582123e-04,2.128126335729431384e-03,8.814419557258729599e-04,4.681875416948783064e-03,1.910381968017863192e-03,1.331460171306380995e-03,9.733514605124336458e-04,2.828587843200606154e-03
6.250112639984747309e-01,1.242809089212504456e-03,1.601291712375038645e-03,6.985785350261392371e-03,7.250692539794411631e-04,5.270011788392066051e-04,2.780758327032214604e-03,4.628612658156990543e-04,1.337492152784786580e-03,4.414346838268552210e-03,4.020279148731976254e-03,8.726924093170303556e-05,4.954209218893143411e-04,5.553771080506555730e-05,2.569433246876190804e-03,1.422602638360257908e-04,2.405833325046729350e-04,4.568062618535300573e-03,5.935468521000938739e-03,1.071867358106574040e-02,6.414345931824893458e-05,3.920383428524689198e-03,3.846230693275761846e-04,1.951028054894738545e-03,6.349541706699780505e-03,4.348531388487551254e-03,1.942470499633606367e-03,4.429144483042846484e-03,9.671663414680272373e-04,3.014345420486927267e-03
4.472728857565208549e-01,4.726371498990516486e-04,4.217084989578180100e-03,4.927951488716063137e-05,8.926184194610684974e-04,7.626587118081744028e-04,7.062023364012620565e-05,1.729629078183763822e-04,9.599029226430239384e-04,9.444789270492002153e-04,2.019932510381598073e-02,4.253396313881814203e-03,1.267140036759766605e-03,2.074510465969569683e-05,2.505769394118745157e-03,1.113948806833284125e-04,1.220843111160487384e-03,4.635875203506339623e-03,1.836018433759552607e-03,1.237636095184027618e-03,8.282223375544999627e-04,1.103300732883724503e-04,1.840161547565684515e-03,1.625227141799431710e-03,6.533996027441050982e-04,4.074083497166204083e-03,1.801260272704705880e-03,5.177053137016160390e-04,8.620846034287755295e-04,9.508985826438840286e-05
6.311057063127964994e-01,1.248551022679307955e-03,1.519925608311394408e-04,7.067155853788413544e-03,7.214456572855516446e-04,7.568268480185197117e-04,1.301605283641302398e-04,1.392716565431293806e-04,9.586489991806350277e-04,6.080118807832816941e-06,5.768783924657232276e-03,9.641749155697277793e-03,2.327849141874266999e-04,6.230145414034601176e-04,2.611542315573986764e-04,1.421676092577273402e-04,3.916055454589375412e-05,4.865992288184180919e-03,5.930876692648135752e-03,2.248429786513067921e-03,6.434334829722950823e-05,4.211030151440013788e-04,8.115792435516716585e-04,1.962488162289934175e-03,8.828225715974024517e-04,4.345771212963876577e-03,1.941264538515208825e-03,1.299941859567305775e-03,2.456013145900731113e-03,4.329727343449158231e-04
6.958000487770107934e-03,1.527345890711053790e-03,1.429211041216788556e-03,6.915844591650000678e-03,1.685003682793197871e-03,2.716834271100433988e-04,3.020595590300186820e-03,4.635596678244925358e-04,8.807355152738284912e-04,4.022743778002357481e-03,9.654007051524988309e-04,9.454008615786426914e-03,8.486139918492564957e-04,3.290563249711211599e-03,2.842593371686674524e-03,2.016709730493075094e-04,6.083511395716901735e-04,4.786724478188032587e-03,3.858295888392477830e-04,3.215694168261147914e-03,1.695366559377767431e-03,8.420526132170983368e-05,7.351261964999469649e-04,4.357677387605358305e-03,4.078180928324752832e-03,3.364852093391283196e-03,3.391678638452340008e-03,2.708565358958868940e-05,6.598707415323159207e-04,1.406559954182324884e-04
2.329051539410414706e-01,1.244333512149255758e-03,1.852947223131731595e-04,1.570617712360483382e-04,8.874175952509075292e-04,3.251262486668402832e-04,1.457643308996533008e-03,4.624778552504376196e-04,9.587144428499680101e-04,3.747550366744961756e-03,2.458868490490570807e-03,6.619877848331325899e-03,8.388127982009770806e-04,7.575937450291490328e-04,2.780138233518631655e-04,2.372101284010424982e-04,6.625749457541838189e-04,4.562363062257776894e-03,5.665239638732314301e-04,2.545521775107226908e-03,4.180765563487065517e-06,4.021045412570619162e-03,7.212725845200717916e-04,4.478164897866082454e-03,8.828942936681905213e-04,4.314617823118814186e-03,1.933167848965351970e-03,1.300330728119719398e-03,5.771052551718968077e-04,2.888910267832952607e-03
1.875778534496249095e-01,1.563949330190180127e-03,4.216599540369196999e-03,1.204871895569836759e-04,9.099395738757539006e-04,3.687533743494382597e-04,1.621882274210554274e-03,2.755764879240483111e-04,9.557381878632969976e-04,3.341591336574102448e-03,2.019932510381598073e-02,9.714038934424880714e-03,4.447622465543261960e-03,6.092981449821848741e-04,3.034945486884573721e-03,4.652528306217770717e-05,7.774026660031247826e-04,4.732837582413527283e-03,1.836018433759552607e-03,1.237191271094654869e-03,5.622976320728920868e-04,1.370749432732963819e-04,8.437109690225130668e-04,1.232903900364663071e-04,6.533996027441050982e-04,4.065748867552411959e-03,7.519539822338659404e-04,3.967721583792304003e-04,8.158284876299268847e-04,6.921337765986499552e-03
1.957789811231268051e-01,1.181879996927213137e-03,9.314585209353404630e-04,1.138851607356970892e-05,8.321832470535683694e-04,7.537346839343241501e-04,1.074460976897939450e-04,1.715087014582346628e-04,9.669240077356670068e-04,9.608409662499353384e-04,5.769599019266100255e-03,4.055773871799112432e-03,1.058355461545384350e-03,5.369693729413992133e-05,2.985234173801708073e-03,7.788323907514875630e-05,2.066189126228185633e-05,4.967420220985696924e-03,9.328820997863940603e-03,1.239441608751617845e-02,3.541362645754936875e-04,4.208456002692343161e-04,8.426846188579816899e-04,1.627496237220617909e-03,6.828880071532865198e-04,2.826317760527273168e-03,4.122281923522882509e-03,1.299341857147031602e-03,9.035778488756637979e-04,2.637671311603933914e-03
2.109318690746095001e-02,1.440206992509467272e-03,4.850525534465556510e-03,3.379234378158776919e-05,8.327646334856156872e-04,5.500459656075772780e-04,1.639662736454737969e-03,6.603867740606458783e-04,8.717293833656977091e-04,9.720579117085542675e-04,9.805124509641859228e-04,6.586277117255469847e-03,9.480166013268475668e-04,1.026248173442885492e-04,3.105204453223280600e-04,5.371523421576557744e-04,1.940526749388784731e-05,4.844157904205077109e-03,3.914442155526437830e-04,3.397288593207715198e-03,1.231542708714144303e-04,9.367725811274171246e-04,6.128547414754775043e-04,1.834141115275450713e-03,6.831474530448555880e-04,5.867648998426715917e-03,5.708792085057978055e-02,9.255792173572436905e-05,6.699490821057045922e-03,2.077113328743478409e-04
2.022467748636582185e-01,1.351963232931485161e-03,4.300475578604729017e-03,1.570617712360483382e-04,8.874175952509075292e-04,2.866331228958678579e-04,1.457643308996533008e-03,4.624778552504376196e-04,9.285153716869527915e-04,1.064116368973801532e-05,2.338901063801275462e-03,6.620042754675846582e-03,8.388127982009770806e-04,6.851625422409093023e-04,2.763950047897088466e-03,2.372101284010424982e-04,6.605356918470596398e-04,4.554959077144742768e-03,5.384869040704013538e-04,1.441571169076196271e-02,7.187253276164389318e-03,4.035113366909537369e-03,5.460771343975823200e-04,4.344044484111613674e-03,9.552203990955412342e-04,3.253619401538700856e-03,3.392694628921163764e-03,3.348265705984295989e-04,6.166586546408532078e-04,2.888910267832952607e-03
