1.433055799075015679e+00,1.295398637651942124e+02
2.525074921220990531e-01,1.295475441418893183e+02
2.051530866144981036e-01,1.295476277877730524e+02
3.009917827571134552e+01,5.520937572182651110e+01
3.853012174743650320e+01,4.969371608759583836e+01
3.851094863245099731e+01,4.970857607994400240e+01
3.850911286389060706e+01,4.970999825893172641e+01
2.230224378033179278e+01,5.879324470404327485e+01
3.851094863245099731e+01,4.970857607994400240e+01
3.840704099415403761e+01,4.978890340768946032e+01
2.230224378033179278e+01,5.879324470404327485e+01
3.851094863245099731e+01,4.970857607994400240e+01
5.270932135644537908e+01,3.428940277417836313e+01
3.851094863245099731e+01,4.970857607994400240e+01
3.853641201371118541e+01,4.968883827960114985e+01
3.911333478192104707e+01,4.923599031911743396e+01
2.230224378033179278e+01,5.879324470404327485e+01
3.853012174743650320e+01,4.969371608759583836e+01
2.230224378033179278e+01,5.879324470404327485e+01
2.552901490695806430e+01,5.746568626882631037e+01
3.851094863245099731e+01,4.970857607994400240e+01
3.850776756153326374e+01,4.971104040244769351e+01
4.106232970952274997e+01,4.762269185265891025e+01
3.857345673973208022e+01,4.966008594047011826e+01
3.851094863245099731e+01,4.970857607994400240e+01
3.808564363067888792e+01,5.003518211922275327e+01
3.911333478192104707e+01,4.923599031911743396e+01
3.851125429559172630e+01,4.970833927066089331e+01
3.851094863245099731e+01,4.970857607994400240e+01
3.851125429559172630e+01,4.970833927066089331e+01
5.324763646732549915e+01,3.344734535221605398e+01
2.223992082155443484e+01,5.881684811614653086e+01
3.856391470892573636e+01,4.966749624039409383e+01
4.112955909631592988e+01,4.756464095322822772e+01
2.552901490695806430e+01,5.746568626882631037e+01
3.542888033403055914e+01,5.195026601225256258e+01
3.807970651727434586e+01,5.003970075874869394e+01
3.853012174743650320e+01,4.969371608759583836e+01
3.851094863245099731e+01,4.970857607994400240e+01
3.851094863245099731e+01,4.970857607994400240e+01
2.230224378033179278e+01,5.879324470404327485e+01
3.834897892211154868e+01,4.983363839916069793e+01
2.238257246351947316e+01,5.876271054318512199e+01
4.106232970952274997e+01,4.762269185265891025e+01
3.797901884955094687e+01,5.011616333771285525e+01
5.284678904426149160e+01,3.407715639806502139e+01
2.188292375014751201e+01,5.895060091815935266e+01
2.230224378033179278e+01,5.879324470404327485e+01
3.851047635881877795e+01,4.970894196302834445e+01
3.946302553640838084e+01,4.895615707936684657e+01
4.089037008140699925e+01,4.777042322475734437e+01
3.850776756153326374e+01,4.971104040244769351e+01
5.223752671083102683e+01,3.500394982858470172e+01
3.934641749525228249e+01,4.904992488022958952e+01
4.449144815325426805e+01,4.443587223958979848e+01
5.254609640212404997e+01,3.453901349728371173e+01
5.349209380496466082e+01,3.305497845752923780e+01
4.025444357269338269e+01,4.830750948993028970e+01
2.191953658622308154e+01,5.893699700792438989e+01
3.851125429559172630e+01,4.970833927066089331e+01
3.851094863245099731e+01,4.970857607994400240e+01
3.851094863245099731e+01,4.970857607994400240e+01
5.329103664482894942e+01,3.337815324110005832e+01
3.856391470892573636e+01,4.966749624039409383e+01
4.107277074338175993e+01,4.761368714905896837e+01
3.851094863245099731e+01,4.970857607994400240e+01
3.801520908174472879e+01,5.008871708217424157e+01
3.851094863245099731e+01,4.970857607994400240e+01
3.853012174743650320e+01,4.969371608759583836e+01
3.911333478192104707e+01,4.923599031911743396e+01
2.188292375014751201e+01,5.895060091815935266e+01
2.030540612392400490e+01,5.951240360302522703e+01
2.230224378033179278e+01,5.879324470404327485e+01
3.853641201371118541e+01,4.968883827960114985e+01
3.541044524794153858e+01,5.196283352367723296e+01
2.230224378033179278e+01,5.879324470404327485e+01
2.980252751283489943e+01,5.537007363471335708e+01
4.089037008140699925e+01,4.777042322475734437e+01
2.230224378033179278e+01,5.879324470404327485e+01
3.797901884955094687e+01,5.011616333771285525e+01
3.969564751208574904e+01,4.876772774143881861e+01
4.108039411244714501e+01,4.760710997354154017e+01
3.851047635881877795e+01,4.970894196302834445e+01
3.544695335851334761e+01,5.193793602046811486e+01
2.230224378033179278e+01,5.879324470404327485e+01
2.230224378033179278e+01,5.879324470404327485e+01
3.853012174743650320e+01,4.969371608759583836e+01
2.230224378033179278e+01,5.879324470404327485e+01
2.254650369133792154e+01,5.870000742558169549e+01
3.856391470892573636e+01,4.966749624039409383e+01
2.292613816001182414e+01,5.855277866621626259e+01
5.358716870114074737e+01,3.290062387041227510e+01
3.544695335851334761e+01,5.193793602046811486e+01
3.900877127885667051e+01,4.931887532964135801e+01
2.230224378033179278e+01,5.879324470404327485e+01
2.255231167160045658e+01,5.869777626736684084e+01
3.848011105324108172e+01,4.973245171713428903e+01
2.287832124216099317e+01,5.857147870429211878e+01
5.341915790614928028e+01,3.317271874695755685e+01
2.230224378033179278e+01,5.879324470404327485e+01
5.230457336204180052e+01,3.490368613601788894e+01
3.916541301011330489e+01,4.919457413388297340e+01
3.851125429559172630e+01,4.970833927066089331e+01
4.667491724516021634e+01,4.213653759653616504e+01
2.985932564599776384e+01,5.533946487302818440e+01
4.667491724516021634e+01,4.213653759653616504e+01
4.667491882617657950e+01,4.213653584523397200e+01
4.667491724516021634e+01,4.213653759653616504e+01
4.667491724516021634e+01,4.213653759653616504e+01
4.667491882617657950e+01,4.213653584523397200e+01
2.977642567585022348e+01,5.538411482038353739e+01
4.667491724516021634e+01,4.213653759653616504e+01
2.957603929638916895e+01,5.549138311490626307e+01
4.667417924534135665e+01,4.213735506935154262e+01
4.608603556157905246e+01,4.277982032084440078e+01
4.667491988536195180e+01,4.213653467196731839e+01
4.667491882617657950e+01,4.213653584523397200e+01
4.769691910371757615e+01,4.097608581209632206e+01
2.958306233878463942e+01,5.548763937244439859e+01
4.667491724516021634e+01,4.213653759653616504e+01
4.667297595509875663e+01,4.213868787660139503e+01
4.667417924534135665e+01,4.213735506935154262e+01
4.667491724516021634e+01,4.213653759653616504e+01
4.667491724516021634e+01,4.213653759653616504e+01
4.624809947413298516e+01,4.260456543021604858e+01
4.667491724516021634e+01,4.213653759653616504e+01
4.662402584830364560e+01,4.219284197779968082e+01
4.672274460064481616e+01,4.208349839841949347e+01
4.667491724516021634e+01,4.213653759653616504e+01
4.667491724516021634e+01,4.213653759653616504e+01
4.667491724516021634e+01,4.213653759653616504e+01
4.608603556157905246e+01,4.277982032084440078e+01
3.466801620214248913e+01,5.246107464658769715e+01
2.953054183250454301e+01,5.551560861186302276e+01
2.985932564599776384e+01,5.533946487302818440e+01
2.957603929638916895e+01,5.549138311490626307e+01
2.977642567585022348e+01,5.538411482038353739e+01
4.630237049577313257e+01,4.254557776008004311e+01
3.001840031131307285e+01,5.525333784683618177e+01
4.625882958548169910e+01,4.259291473764414349e+01
4.793332322693076719e+01,4.069929022586806866e+01
4.666984324770558601e+01,4.214215741631471701e+01
4.667297595509875663e+01,4.213868787660139503e+01
4.667491988536195180e+01,4.213653467196731839e+01
4.667491724516021634e+01,4.213653759653616504e+01
4.667491724516021634e+01,4.213653759653616504e+01
4.667491724516021634e+01,4.213653759653616504e+01
2.978295856597993918e+01,5.538060201482088729e+01
2.994107844844153021e+01,5.529527576394868049e+01
4.667491882617657950e+01,4.213653584523397200e+01
4.369731892757773295e+01,4.521703239940030272e+01
4.657442727894464696e+01,4.224758483162271006e+01
4.608603556157905246e+01,4.277982032084440078e+01
4.667491724516021634e+01,4.213653759653616504e+01
4.667491724516021634e+01,4.213653759653616504e+01
4.655326181023431786e+01,4.227090625116333200e+01
3.466801620214248913e+01,5.246107464658769715e+01
2.989382418058451663e+01,5.532083672837171662e+01
4.667491988536195180e+01,4.213653467196731839e+01
3.431104537612633010e+01,5.269523570176206562e+01
4.624809947413298516e+01,4.260456543021604858e+01
4.667297595509875663e+01,4.213868787660139503e+01
4.667491724516021634e+01,4.213653759653616504e+01
2.985932564599776384e+01,5.533946487302818440e+01
4.667491882656216262e+01,4.213653584480685765e+01
4.608603556157905246e+01,4.277982032084440078e+01
3.001824462707988417e+01,5.525342242771618118e+01
4.661185407367607070e+01,4.220628816042922438e+01
4.667491724516021634e+01,4.213653759653616504e+01
4.667491724516021634e+01,4.213653759653616504e+01
4.667416020649360320e+01,4.213737615805507630e+01
4.657299114735122458e+01,4.224916799246589960e+01
4.672448217156106409e+01,4.208156919919137806e+01
4.666697985160796236e+01,4.214532823453243537e+01
4.575719376654913617e+01,4.313136815679903435e+01
4.608603556157905246e+01,4.277982032084440078e+01
4.723438543195241124e+01,4.150841521104633358e+01
3.181299508089385242e+01,5.423992113240840496e+01
4.491685496912079856e+01,4.400581598095675417e+01
4.647712714004558876e+01,4.235460250403605897e+01
4.667491988536195180e+01,4.213653467196731839e+01
4.667491724516021634e+01,4.213653759653616504e+01
2.985932564599776384e+01,5.533946487302818440e+01
4.667491724516021634e+01,4.213653759653616504e+01
4.667491724516021634e+01,4.213653759653616504e+01
5.118089810253524519e+01,3.653151201202551590e+01
4.667491724516021634e+01,4.213653759653616504e+01
4.667419040453060575e+01,4.213734270867686860e+01
4.672347051248043925e+01,4.208269244875179282e+01
4.667417924534135665e+01,4.213735506935154262e+01
2.958306233878463942e+01,5.548763937244439859e+01
4.734639051611360117e+01,4.138061146917150523e+01
4.667491724516021634e+01,4.213653759653616504e+01
5.050354532476944769e+01,3.746234923354138147e+01
4.661156811792906751e+01,4.220660396258527669e+01
2.957603929638916895e+01,5.549138311490626307e+01
2.989382418058451663e+01,5.532083672837171662e+01
4.667491988536195180e+01,4.213653467196731839e+01
4.795604887570667785e+01,4.067251008602362106e+01
4.655326181023431786e+01,4.227090625116333200e+01
2.935010995951056145e+01,5.561121061289260581e+01
5.113137118967222250e+01,3.660080027445872730e+01
4.666897746372271172e+01,4.214311619894051120e+01
1.294852491272681050e+02,4.024948655264651620e+00
1.294828323026199541e+02,4.101961984196637268e+00
1.294828323026199541e+02,4.101961984196637268e+00
1.294828323026199541e+02,4.101961984196637268e+00
1.294828323026199541e+02,4.101961984196637268e+00
1.294828323026199541e+02,4.101961984196637268e+00
6.065154357077705072e+01,1.659596224836347389e+01
6.065040083757829592e+01,1.660013791232029945e+01
6.105325349713836403e+01,1.505111085206450028e+01
6.106810755183878570e+01,1.499072848476759745e+01
6.102861541185487937e+01,1.515070299949416288e+01
6.102861541185487937e+01,1.515070299949416288e+01
6.102861541185487937e+01,1.515070299949416288e+01
6.064262122982979264e+01,1.662853543888842722e+01
6.102861541185487937e+01,1.515070299949416288e+01
6.102844462757979471e+01,1.515139091982646136e+01
6.105437615531415219e+01,1.504655617582904448e+01
6.102861541185487937e+01,1.515070299949416288e+01
6.102844462757979471e+01,1.515139091982646136e+01
6.105325349713836403e+01,1.505111085206450028e+01
6.059991427666055586e+01,1.678350649084880075e+01
6.125262094039190686e+01,1.421802125471878320e+01
6.059991427666055586e+01,1.678350649084880075e+01
6.102844462757979471e+01,1.515139091982646136e+01
6.065154357077705072e+01,1.659596224836347389e+01
6.105437615531415219e+01,1.504655617582904448e+01
6.125262094039190686e+01,1.421802125471878320e+01
6.238114954469141793e+01,7.913777982090352658e+00
5.911170697591428080e+01,2.144392218929688099e+01
6.105437615531415219e+01,1.504655617582904448e+01
6.064262122982979264e+01,1.662853543888842722e+01
6.105418171258796889e+01,1.504734514368765907e+01
6.059991427666055586e+01,1.678350649084880075e+01
5.911170697591428080e+01,2.144392218929688099e+01
6.125262094039190686e+01,1.421802125471878320e+01
6.105774557868248564e+01,1.503287747957296716e+01
6.102861161346162788e+01,1.515071829981103768e+01
6.125262094039190686e+01,1.421802125471878320e+01
6.064262122982979264e+01,1.662853543888842722e+01
6.102861541185487937e+01,1.515070299949416288e+01
6.065222844986617901e+01,1.659345908881616083e+01
6.064174444248024543e+01,1.663173266499578773e+01
6.102941411462543186e+01,1.514748537852173804e+01
6.064759914542134567e+01,1.661037080751841799e+01
6.102861541185487937e+01,1.515070299949416288e+01
6.102861541185487937e+01,1.515070299949416288e+01
6.105418171258796889e+01,1.504734514368765907e+01
6.102861541185487937e+01,1.515070299949416288e+01
6.064134323219275302e+01,1.663319546756915202e+01
6.059991427666055586e+01,1.678350649084880075e+01
6.041416782257775964e+01,1.744029893013253485e+01
6.102960875491218218e+01,1.514670114874255091e+01
6.103094247839731423e+01,1.514132625186878478e+01
6.105325349713836403e+01,1.505111085206450028e+01
6.102861541185487937e+01,1.515070299949416288e+01
6.059991427666055586e+01,1.678350649084880075e+01
6.065154357077705072e+01,1.659596224836347389e+01
6.059991427666055586e+01,1.678350649084880075e+01
6.150423996244881408e+01,1.308679361449881462e+01
6.103481579643137422e+01,1.512570531124626250e+01
6.105418171258796889e+01,1.504734514368765907e+01
6.064174444248024543e+01,1.663173266499578773e+01
6.102861820715153129e+01,1.515069173974261574e+01
6.125262094039190686e+01,1.421802125471878320e+01
6.062263408619951122e+01,1.670125554914160659e+01
6.105325349713836403e+01,1.505111085206450028e+01
6.154678647715743267e+01,1.288521535722874667e+01
6.059991427666055586e+01,1.678350649084880075e+01
6.105343783004224889e+01,1.505036310525890819e+01
6.102854208022737481e+01,1.515099838389827624e+01
6.103082789784187412e+01,1.514178809028108930e+01
6.064234003479175072e+01,1.662956089533531667e+01
6.102861541185487937e+01,1.515070299949416288e+01
6.102861541185487937e+01,1.515070299949416288e+01
6.065154357077705072e+01,1.659596224836347389e+01
6.150423996244881408e+01,1.308679361449881462e+01
6.102861541185487937e+01,1.515070299949416288e+01
6.059991427666055586e+01,1.678350649084880075e+01
6.105774557868248564e+01,1.503287747957296716e+01
6.238484251081528242e+01,7.884613203432816242e+00
6.125262094039190686e+01,1.421802125471878320e+01
6.059991427666055586e+01,1.678350649084880075e+01
6.102861541185487937e+01,1.515070299949416288e+01
6.059991427666055586e+01,1.678350649084880075e+01
6.059991427666055586e+01,1.678350649084880075e+01
6.102861589569475598e+01,1.515070105053643701e+01
6.040681453507994547e+01,1.746575100565177863e+01
6.039696864294530343e+01,1.749976797589197020e+01
6.062263408619951122e+01,1.670125554914160659e+01
6.065222844986617901e+01,1.659345908881616083e+01
6.102844462757979471e+01,1.515139091982646136e+01
6.105419241700847977e+01,1.504730171073459744e+01
6.105456243649319248e+01,1.504580028298018490e+01
5.914118145400984616e+01,2.136249884004334376e+01
6.060816927596054171e+01,1.675367176124341384e+01
6.105378858623604543e+01,1.504894015318571299e+01
6.105857690216566169e+01,1.502950056220412733e+01
6.105516825449178953e+01,1.504334171262055087e+01
6.041416782257775964e+01,1.744029893013253485e+01
6.041416782257775964e+01,1.744029893013253485e+01
6.105445075115741105e+01,1.504625348521905259e+01
6.061794968244580417e+01,1.671824981161126189e+01
6.105436545142400462e+01,1.504659960891281223e+01
6.102262938785526813e+01,1.517479499233627571e+01
6.060653542854787901e+01,1.675958125417048805e+01
6.149637532068737045e+01,1.312370080747519019e+01
5.276876407284471071e+01,3.419785429952168698e+01
5.276876407284471071e+01,3.419785429952168698e+01
5.076633839686058991e+01,3.710545224414194365e+01
5.601515220087226510e+01,2.857163671160572349e+01
5.051637368426702324e+01,3.744504894186085409e+01
5.277101555052654192e+01,3.419437992174950836e+01
5.276876407284471071e+01,3.419785429952168698e+01
5.277101555052654192e+01,3.419437992174950836e+01
5.103912484023442886e+01,3.672932664792298141e+01
5.276877833112691007e+01,3.419783229836725980e+01
5.601515220087226510e+01,2.857163671160572349e+01
5.277100129368376003e+01,3.419440192383670052e+01
5.302718204092772680e+01,3.379576401363301841e+01
5.277101555052654192e+01,3.419437992174950836e+01
5.887967006798609049e+01,2.207306397290516031e+01
5.277101555052654192e+01,3.419437992174950836e+01
5.276876407284471071e+01,3.419785429952168698e+01
5.277101555052654192e+01,3.419437992174950836e+01
5.276876407284471071e+01,3.419785429952168698e+01
5.276876407284471071e+01,3.419785429952168698e+01
5.276876407284471071e+01,3.419785429952168698e+01
5.071797020724830674e+01,3.717153747860765378e+01
5.281325767883001276e+01,3.412910068865517843e+01
5.277200274450973438e+01,3.419285637089006258e+01
5.276876407284471071e+01,3.419785429952168698e+01
5.277101555052654192e+01,3.419437992174950836e+01
5.276876407284471071e+01,3.419785429952168698e+01
5.276877833112691007e+01,3.419783229836725980e+01
5.302718204092772680e+01,3.379576401363301841e+01
5.276876407284471071e+01,3.419785429952168698e+01
5.277100175579423791e+01,3.419440121067806615e+01
5.276876407284471071e+01,3.419785429952168698e+01
5.276876407284471071e+01,3.419785429952168698e+01
5.276876407284471071e+01,3.419785429952168698e+01
5.276876407284471071e+01,3.419785429952168698e+01
5.277102335291674962e+01,3.419436788058488474e+01
5.277199494246443123e+01,3.419286841227815898e+01
5.276876407284471071e+01,3.419785429952168698e+01
5.276887181691594719e+01,3.419768804519911498e+01
5.234916525816629473e+01,3.483677076366372205e+01
5.277101555052654192e+01,3.419437992174950836e+01
5.277089402207855073e+01,3.419456747171127375e+01
5.302718204092772680e+01,3.379576401363301841e+01
5.273832157362697615e+01,3.424478264003980854e+01
5.271575371879971073e+01,3.427951298262148327e+01
5.082372637098112733e+01,3.702680837223885391e+01
5.276876407284471071e+01,3.419785429952168698e+01
5.276876407284471071e+01,3.419785429952168698e+01
5.279136480975848400e+01,3.416295511207796665e+01
5.051830177350809237e+01,3.744244765486932636e+01
5.276876407284471071e+01,3.419785429952168698e+01
5.276882377163583016e+01,3.419776218153611325e+01
5.276876407284471071e+01,3.419785429952168698e+01
5.276876407284471071e+01,3.419785429952168698e+01
5.277194305428263732e+01,3.419294849442514561e+01
5.601515220087226510e+01,2.857163671160572349e+01
5.601809724850446770e+01,2.856586216314774873e+01
5.478067184908253751e+01,3.087253945223807250e+01
5.277100129368376003e+01,3.419440192383670052e+01
5.277101555052654192e+01,3.419437992174950836e+01
5.071797020724830674e+01,3.717153747860765378e+01
5.051637368426702324e+01,3.744504894186085409e+01
5.276876407284471071e+01,3.419785429952168698e+01
5.277102335291674962e+01,3.419436788058488474e+01
5.277109274518031157e+01,3.419426078958921522e+01
5.276876405700525652e+01,3.419785432396264468e+01
5.248990399572809196e+01,3.462435095400502405e+01
5.276876407284471071e+01,3.419785429952168698e+01
5.271881513601167057e+01,3.427480461099505504e+01
5.467884564334617892e+01,3.105252871471151366e+01
5.302718204092772680e+01,3.379576401363301841e+01
5.478067184908253751e+01,3.087253945223807250e+01
5.234916525816629473e+01,3.483677076366372205e+01
5.277198997847166595e+01,3.419287607351780878e+01
5.601809724850446770e+01,2.856586216314774873e+01
5.276876407284471071e+01,3.419785429952168698e+01
5.277075745678359198e+01,3.419477822569081837e+01
5.302751341684784592e+01,3.379524406322406804e+01
5.281083735323817052e+01,3.413284574301832208e+01
5.277344023978430698e+01,3.419063769111033224e+01
5.608968790963249518e+01,2.842503492815596999e+01
5.276876407284471071e+01,3.419785429952168698e+01
5.416380815876912891e+01,3.194241046331530498e+01
5.276879322250959348e+01,3.419780932028958631e+01
5.302718204092772680e+01,3.379576401363301841e+01
5.281015142894736414e+01,3.413390699170707165e+01
5.277100559604646435e+01,3.419439528415281870e+01
5.276888020925822786e+01,3.419767509536014671e+01
5.276790845934554142e+01,3.419917451186489643e+01
5.276877833112691007e+01,3.419783229836725980e+01
5.276871714182388473e+01,3.419792671600198730e+01
5.276779824612982850e+01,3.419934456568719838e+01
3.134592292373329059e+01,5.451118065613908925e+01
5.068049112228192143e+01,3.722262108007929982e+01
5.303024128054527608e+01,3.379096343986084605e+01
5.277196623805058096e+01,3.419291271355673700e+01
5.234916525816629473e+01,3.483677076366372205e+01
5.277047917573759150e+01,3.419520767636755210e+01
5.281125144301219621e+01,3.413220504874834660e+01
5.277540908432194300e+01,3.418759857681332903e+01
6.068051437586951380e+01,1.648972029922811799e+01
6.068051437586951380e+01,1.648972029922811799e+01
6.068051437586951380e+01,1.648972029922811799e+01
6.068051437586951380e+01,1.648972029922811799e+01
6.065137481364785543e+01,1.659657897523720038e+01
6.065137481364785543e+01,1.659657897523720038e+01
5.985357715078053076e+01,1.927654021660642769e+01
6.068051437586951380e+01,1.648972029922811799e+01
6.006473292611171644e+01,1.860815839844862296e+01
6.068051437586951380e+01,1.648972029922811799e+01
6.137100282653440075e+01,1.369801856227347869e+01
6.068051437586951380e+01,1.648972029922811799e+01
6.068051437586951380e+01,1.648972029922811799e+01
6.171376194475116250e+01,1.206015286360274708e+01
5.921748957172536620e+01,2.115005033775286236e+01
6.137170783758557491e+01,1.369485953067499651e+01
6.065137481364785543e+01,1.659657897523720038e+01
6.068051437586951380e+01,1.648972029922811799e+01
6.006473292611171644e+01,1.860815839844862296e+01
6.068051437586951380e+01,1.648972029922811799e+01
6.067652233182069210e+01,1.650440359973504201e+01
6.006473292611171644e+01,1.860815839844862296e+01
6.067918221506088372e+01,1.649462173492685224e+01
6.243775906586311208e+01,7.453988415614241525e+00
6.068051437586951380e+01,1.648972029922811799e+01
6.068098524584609521e+01,1.648798744723839249e+01
6.065137481364785543e+01,1.659657897523720038e+01
6.068830655718487321e+01,1.646101903552858658e+01
5.929631775913174607e+01,2.092802906809333763e+01
6.068051437586951380e+01,1.648972029922811799e+01
6.047577877129786117e+01,1.722544288173520854e+01
6.006473292611171644e+01,1.860815839844862296e+01
5.985357715078053076e+01,1.927654021660642769e+01
6.032092396033301185e+01,1.776011917298433929e+01
6.007715085654444920e+01,1.856802750501202226e+01
6.010419995041535657e+01,1.848028270312369870e+01
6.047577877129786117e+01,1.722544288173520854e+01
6.068200666377980212e+01,1.648422784736569113e+01
6.248317056866630281e+01,7.063221372280207078e+00
5.985183212528392005e+01,1.928195767326840482e+01
5.719559147914646502e+01,2.612852877254038830e+01
6.070137859162579730e+01,1.641274923780279238e+01
6.068051437586951380e+01,1.648972029922811799e+01
5.985357715078053076e+01,1.927654021660642769e+01
6.032879907192383229e+01,1.773335002210029643e+01
6.068882475305521496e+01,1.645910843757447495e+01
5.984384565063133010e+01,1.930673038632632910e+01
6.067730199940751135e+01,1.650153697506933170e+01
6.069004003684226234e+01,1.645462672908035984e+01
6.100899634218333745e+01,1.522951298585556401e+01
5.921748957172536620e+01,2.115005033775286236e+01
6.196161743004020650e+01,1.071418059957084168e+01
6.053910780066208730e+01,1.700153308283396214e+01
6.068051437586951380e+01,1.648972029922811799e+01
6.067697553803039057e+01,1.650273734942611625e+01
6.064576866190164850e+01,1.661705280349045211e+01
6.047577877129786117e+01,1.722544288173520854e+01
6.086433193911150852e+01,1.579774661375900990e+01
6.196224923266152729e+01,1.071052615404205177e+01
6.247771011542985065e+01,7.111359869898098651e+00
6.068051437586951380e+01,1.648972029922811799e+01
6.006473292611171644e+01,1.860815839844862296e+01
6.066622820120920778e+01,1.654220228100513523e+01
6.069004003684226234e+01,1.645462672908035984e+01
6.065206913294652225e+01,1.659404141127649268e+01
5.983930957552855290e+01,1.932078492170904127e+01
6.065111216642122827e+01,1.659753877667027311e+01
6.068124615942731026e+01,1.648702717307977039e+01
6.068016321628380183e+01,1.649101247686270355e+01
6.032130214541435009e+01,1.775883464500169140e+01
6.065137481364785543e+01,1.659657897523720038e+01
6.068051437586951380e+01,1.648972029922811799e+01
6.065137481364785543e+01,1.659657897523720038e+01
6.006473292611171644e+01,1.860815839844862296e+01
6.063578284282311159e+01,1.665345428146606821e+01
6.068040560274508266e+01,1.649012056818342842e+01
6.048069675888572050e+01,1.720816724775166406e+01
6.068098524584609521e+01,1.648798744723839249e+01
5.985357715078053076e+01,1.927654021660642769e+01
6.068180750639064058e+01,1.648496097126819393e+01
6.006614391275778786e+01,1.860360330470291856e+01
6.047577877129786117e+01,1.722544288173520854e+01
6.243775906586311208e+01,7.453988415614241525e+00
5.719559147914646502e+01,2.612852877254038830e+01
6.022366936930015413e+01,1.808715975945645837e+01
6.068051437586951380e+01,1.648972029922811799e+01
6.068051437586951380e+01,1.648972029922811799e+01
6.073710389982675650e+01,1.628004638594534725e+01
5.985357715078053076e+01,1.927654021660642769e+01
6.068051437586951380e+01,1.648972029922811799e+01
6.011474284475861651e+01,1.844595872204602216e+01
6.167382557443557545e+01,1.226274600083437960e+01
6.067092062081833603e+01,1.652498385745785825e+01
6.006473292611171644e+01,1.860815839844862296e+01
6.068051437586951380e+01,1.648972029922811799e+01
6.047577877129786117e+01,1.722544288173520854e+01
6.068051437586951380e+01,1.648972029922811799e+01
5.982996970583482010e+01,1.934968799401608663e+01
6.069542701830416576e+01,1.643474488796815081e+01
6.068489918977503095e+01,1.647357613858402914e+01
3.372283713270024919e+01,5.307359000659587167e+01
3.372283713270024919e+01,5.307359000659587167e+01
3.372095798495295327e+01,5.307478396605960569e+01
3.372283713270024919e+01,5.307359000659587167e+01
3.595002687011059095e+01,5.159099987890510874e+01
3.372283713270024919e+01,5.307359000659587167e+01
3.372283713270024919e+01,5.307359000659587167e+01
3.372283713270024919e+01,5.307359000659587167e+01
3.382159970513240665e+01,5.301070735099323628e+01
3.372283713270024919e+01,5.307359000659587167e+01
3.372283713270024919e+01,5.307359000659587167e+01
3.371359922067068027e+01,5.307945862624121958e+01
3.372283713270024919e+01,5.307359000659587167e+01
3.374274383123567134e+01,5.306093609432901559e+01
2.006402132185258935e+01,5.959421741128165451e+01
3.557207236067214495e+01,5.185232269083001455e+01
4.403083290398264182e+01,4.489233179785183836e+01
3.382159970513240665e+01,5.301070735099323628e+01
3.558034486885884462e+01,5.184664655963710800e+01
3.372307373975846900e+01,5.307343966627443876e+01
3.382159970513240665e+01,5.301070735099323628e+01
3.372283713270024919e+01,5.307359000659587167e+01
3.409897876819988483e+01,5.283271096047138826e+01
3.596363201626047612e+01,5.158151677360665843e+01
3.557207236067214495e+01,5.185232269083001455e+01
3.372308234169548768e+01,5.307343420056861305e+01
3.595002687011059095e+01,5.159099987890510874e+01
3.382159970513240665e+01,5.301070735099323628e+01
3.382159970513240665e+01,5.301070735099323628e+01
3.372283713270024919e+01,5.307359000659587167e+01
3.372283713270024919e+01,5.307359000659587167e+01
3.372283713270024919e+01,5.307359000659587167e+01
3.596363201626047612e+01,5.158151677360665843e+01
3.372283713270024919e+01,5.307359000659587167e+01
3.372283713270024919e+01,5.307359000659587167e+01
3.372283713270024919e+01,5.307359000659587167e+01
3.374274383123567134e+01,5.306093609432901559e+01
3.372308158784905885e+01,5.307343467956578564e+01
3.360762742108880730e+01,5.314661870328290405e+01
3.409897876819988483e+01,5.283271096047138826e+01
3.372283982721759088e+01,5.307358829450564741e+01
3.372284020252727288e+01,5.307358805603470842e+01
3.372193570143642205e+01,5.307416276320379467e+01
3.372283713270024919e+01,5.307359000659587167e+01
3.372283713270024919e+01,5.307359000659587167e+01
3.372283713270024919e+01,5.307359000659587167e+01
4.311585023860789079e+01,4.577181620461215772e+01
3.371440678848879458e+01,5.307894568816491443e+01
3.372308158784905885e+01,5.307343467956578564e+01
3.893921508429207989e+01,4.937381116630658084e+01
3.374441011194946327e+01,5.305987642902519497e+01
3.595002687011059095e+01,5.159099987890510874e+01
4.381805296422422913e+01,4.510004362405096856e+01
3.372283713270024919e+01,5.307359000659587167e+01
3.372195319685541648e+01,5.307415164706782917e+01
2.318145686937656080e+01,5.845216640878329883e+01
3.372283713270024919e+01,5.307359000659587167e+01
3.358405842540886255e+01,5.316151540490154304e+01
3.881283492753774311e+01,4.947322048699242458e+01
3.372283713270024919e+01,5.307359000659587167e+01
3.372283713270024919e+01,5.307359000659587167e+01
3.372283713270024919e+01,5.307359000659587167e+01
3.372283713270024919e+01,5.307359000659587167e+01
3.372307011007735866e+01,5.307344197258801444e+01
3.360762742108880730e+01,5.314661870328290405e+01
3.557207236067214495e+01,5.185232269083001455e+01
3.557207236067214495e+01,5.185232269083001455e+01
3.596363201626047612e+01,5.158151677360665843e+01
3.352325839504511151e+01,5.319987638186669443e+01
3.372307900686229232e+01,5.307343631953544616e+01
3.372283713270024919e+01,5.307359000659587167e+01
3.372283713270024919e+01,5.307359000659587167e+01
3.607928494202881353e+01,5.150068833072771213e+01
3.381931939958494837e+01,5.301216214997948839e+01
3.382384845751118263e+01,5.300927254726458671e+01
3.372502090010925002e+01,5.307220238273568214e+01
3.372283713270024919e+01,5.307359000659587167e+01
3.372283713270024919e+01,5.307359000659587167e+01
3.372283713270024919e+01,5.307359000659587167e+01
3.372283713270024919e+01,5.307359000659587167e+01
3.372283713270024919e+01,5.307359000659587167e+01
3.360762742108880730e+01,5.314661870328290405e+01
2.629600580668878607e+01,5.711878656870653259e+01
3.372283837206185098e+01,5.307358921910833516e+01
3.372283713270024919e+01,5.307359000659587167e+01
3.372283713270024919e+01,5.307359000659587167e+01
3.371936125702045217e+01,5.307579841024917044e+01
2.334897097760644513e+01,5.838545413674327733e+01
3.382725240653577714e+01,5.300710042146598511e+01
3.557207236067214495e+01,5.185232269083001455e+01
3.372283713270024919e+01,5.307359000659587167e+01
3.372283837206185098e+01,5.307358921910833516e+01
3.372283713270024919e+01,5.307359000659587167e+01
2.318145686937656080e+01,5.845216640878329883e+01
3.372283837206185098e+01,5.307358921910833516e+01
3.881283492753774311e+01,4.947322048699242458e+01
3.372307011007735866e+01,5.307344197258801444e+01
3.372283713270024919e+01,5.307359000659587167e+01
3.382159970513240665e+01,5.301070735099323628e+01
3.352325839504511151e+01,5.319987638186669443e+01
5.931887001230936107e+01,2.086402072778891537e+01
5.992307653310000148e+01,1.905939661361555437e+01
5.939473030376764484e+01,2.064707515871352328e+01
5.844977652943550339e+01,2.318748205661646367e+01
6.034419250694264036e+01,1.768089735143293595e+01
5.929614477017705099e+01,2.092851919895588253e+01
5.992307653310000148e+01,1.905939661361555437e+01
5.988526707175033437e+01,1.917786453732520258e+01
5.761965035970575855e+01,2.517958682925755554e+01
5.992307653310000148e+01,1.905939661361555437e+01
5.992307653310000148e+01,1.905939661361555437e+01
6.034419250694264036e+01,1.768089735143293595e+01
6.200365439688369662e+01,1.046816802973020799e+01
5.990951780530260606e+01,1.910197311282242794e+01
5.843911366551353126e+01,2.321434242997311870e+01
5.989407466570597904e+01,1.915033995535581113e+01
5.992689984781257806e+01,1.904737186850462294e+01
5.994835772157976095e+01,1.897972884296212470e+01
6.033741959387437248e+01,1.770399664537941575e+01
5.934437656134682726e+01,2.079136048968246087e+01
5.931887001230936107e+01,2.086402072778891537e+01
5.884454854260197720e+01,2.216652447462659481e+01
5.927558229363948783e+01,2.098668730926424431e+01
6.051280567567680890e+01,1.709491297797789855e+01
6.034419250694264036e+01,1.768089735143293595e+01
5.939473030376764484e+01,2.064707515871352328e+01
5.986981580136894365e+01,1.922604630122932434e+01
6.036649752299533134e+01,1.760459250516920093e+01
5.945416157578066674e+01,2.047531127450389121e+01
5.932041513082139517e+01,2.085962725395341266e+01
5.992307653310000148e+01,1.905939661361555437e+01
6.200365439688369662e+01,1.046816802973020799e+01
5.990986792865001576e+01,1.910087498620346125e+01
5.761965035970575855e+01,2.517958682925755554e+01
6.033741959387437248e+01,1.770399664537941575e+01
5.934802488340372406e+01,2.078094422555801657e+01
5.994525281324391131e+01,1.898953305437323635e+01
5.761965035970575855e+01,2.517958682925755554e+01
5.990982269404769056e+01,1.910101686389049291e+01
6.036649752299533134e+01,1.760459250516920093e+01
6.051280567567680890e+01,1.709491297797789855e+01
5.990951780530260606e+01,1.910197311282242794e+01
5.992307653310000148e+01,1.905939661361555437e+01
5.843911366551353126e+01,2.321434242997311870e+01
5.761965035970575855e+01,2.517958682925755554e+01
5.993054982979297307e+01,1.903588447027250652e+01
5.986981580136894365e+01,1.922604630122932434e+01
6.051466534401253483e+01,1.708832872954602777e+01
6.036408319236690545e+01,1.761286918170538129e+01
5.992568920104706365e+01,1.905118038984387496e+01
5.987011988787533312e+01,1.922509935158450389e+01
5.994525281324391131e+01,1.898953305437323635e+01
5.761965035970575855e+01,2.517958682925755554e+01
6.035316170783352163e+01,1.765025700478489767e+01
5.999107276111534048e+01,1.884428001907806305e+01
5.963290563700894609e+01,1.994874095662296298e+01
5.993719274670566932e+01,1.901495795712190784e+01
5.761965035970575855e+01,2.517958682925755554e+01
5.932041513082139517e+01,2.085962725395341266e+01
5.884454854260197720e+01,2.216652447462659481e+01
5.845459037750384113e+01,2.317534388666317113e+01
5.843982655528925818e+01,2.321254774156788159e+01
5.990928130851521871e+01,1.910271482182701419e+01
6.010737862484509719e+01,1.846994139991719663e+01
5.794489722652854624e+01,2.442180554082568733e+01
5.993054982979297307e+01,1.903588447027250652e+01
6.263415053053758896e+01,5.567664482062357756e+00
5.998095787779899979e+01,1.887645073970638876e+01
5.994525281324391131e+01,1.898953305437323635e+01
5.992307653310000148e+01,1.905939661361555437e+01
5.990966153965542418e+01,1.910152231291507263e+01
6.033741959387437248e+01,1.770399664537941575e+01
6.037824846651675159e+01,1.756424813598429679e+01
5.993054982979297307e+01,1.903588447027250652e+01
5.932054049365054738e+01,2.085927074487565491e+01
5.886111740439454820e+01,2.212248987733844174e+01
5.981709455642292284e+01,1.938945330056571947e+01
6.051280567567680890e+01,1.709491297797789855e+01
6.006865309571887224e+01,1.859549987854705932e+01
6.041491805691610040e+01,1.743769986675345507e+01
5.992307653310000148e+01,1.905939661361555437e+01
5.884454854260197720e+01,2.216652447462659481e+01
5.884454854260197720e+01,2.216652447462659481e+01
6.051280567567680890e+01,1.709491297797789855e+01
5.994525281324391131e+01,1.898953305437323635e+01
5.992307653310000148e+01,1.905939661361555437e+01
5.968048923314390919e+01,1.980593106520001356e+01
5.981840871755095179e+01,1.938539860221823830e+01
5.992307653310000148e+01,1.905939661361555437e+01
5.761965035970575855e+01,2.517958682925755554e+01
5.992689984781257806e+01,1.904737186850462294e+01
5.912698290024520986e+01,2.140176613228382152e+01
5.776305063319932742e+01,2.484885675465395138e+01
5.931887001230936107e+01,2.086402072778891537e+01
5.993719274670566932e+01,1.901495795712190784e+01
5.991950414647625678e+01,1.907062461764886052e+01
5.989407466570597904e+01,1.915033995535581113e+01
5.843982655528925818e+01,2.321254774156788159e+01
6.262963271219441452e+01,5.618256562536787513e+00
5.882345753596487725e+01,2.222243334968961648e+01
3.753334033047142526e+01,5.045080835927078766e+01
3.753334033047142526e+01,5.045080835927078766e+01
3.753334033047142526e+01,5.045080835927078766e+01
3.749131435351542052e+01,5.048204679401132466e+01
3.753334033047142526e+01,5.045080835927078766e+01
3.753334033047142526e+01,5.045080835927078766e+01
3.695052395036522341e+01,5.087921461913840204e+01
4.519428833573818594e+01,4.372084173815754582e+01
3.753910912480849049e+01,5.044651609955420213e+01
4.051661586997372666e+01,4.808783150560912389e+01
3.753334033047142526e+01,5.045080835927078766e+01
3.695052395036522341e+01,5.087921461913840204e+01
3.753334033047142526e+01,5.045080835927078766e+01
4.519428833573818594e+01,4.372084173815754582e+01
3.753334033047142526e+01,5.045080835927078766e+01
4.065335621792067400e+01,4.797228709042034467e+01
3.753910912480849049e+01,5.044651609955420213e+01
3.770621982918182624e+01,5.032173175339134730e+01
4.534431716052971240e+01,4.356522238795701440e+01
3.753334033047142526e+01,5.045080835927078766e+01
3.753910912480849049e+01,5.044651609955420213e+01
3.767283374734375201e+01,5.034673075694049516e+01
3.753334033047142526e+01,5.045080835927078766e+01
3.753910912480849049e+01,5.044651609955420213e+01
3.766130110595847924e+01,5.035535820022722220e+01
4.536315407682700140e+01,4.354560773107793636e+01
3.753334033047142526e+01,5.045080835927078766e+01
4.546822156055502262e+01,4.343588986756389403e+01
3.753334033047142526e+01,5.045080835927078766e+01
3.695052395036522341e+01,5.087921461913840204e+01
3.753925008837774868e+01,5.044641120306865645e+01
3.767283374734375201e+01,5.034673075694049516e+01
3.775613488103797977e+01,5.028429157611478217e+01
3.753800699190224321e+01,5.044733621850373595e+01
4.504260443710784756e+01,4.387709523189852945e+01
3.753334033047142526e+01,5.045080835927078766e+01
4.523591783442925873e+01,4.367776823675433207e+01
3.760654867700041137e+01,5.039626173706992773e+01
3.753334033047142526e+01,5.045080835927078766e+01
3.767283374734375201e+01,5.034673075694049516e+01
4.519428833573818594e+01,4.372084173815754582e+01
3.753334033047142526e+01,5.045080835927078766e+01
3.695052395036522341e+01,5.087921461913840204e+01
3.753334033047142526e+01,5.045080835927078766e+01
3.750183250780050059e+01,5.047423361502121963e+01
3.731041072740966058e+01,5.061589623644783842e+01
3.753910990477663745e+01,5.044651551915118404e+01
3.754228803688553029e+01,5.044415039845929982e+01
3.753910912480849049e+01,5.044651609955420213e+01
3.753334033047142526e+01,5.045080835927078766e+01
4.051661586997372666e+01,4.808783150560912389e+01
3.752929757672112743e+01,5.045381575128658369e+01
4.280183119821391102e+01,4.606559395629739129e+01
3.789068421081164217e+01,5.018298267842804705e+01
4.546822156055502262e+01,4.343588986756389403e+01
3.753334033047142526e+01,5.045080835927078766e+01
3.753334033047142526e+01,5.045080835927078766e+01
3.753491761999986664e+01,5.044963488199576318e+01
4.537617379764574821e+01,4.353204052135286162e+01
3.715232057151015965e+01,5.073204881156095070e+01
3.753352220607046519e+01,5.045067305074606878e+01
3.695052395036522341e+01,5.087921461913840204e+01
3.750047916566573747e+01,5.047523910604416386e+01
3.753469301755064436e+01,5.044980198717428976e+01
3.753800699190224321e+01,5.044733621850373595e+01
4.074216594954847181e+01,4.789688522447272589e+01
3.753334033047142526e+01,5.045080835927078766e+01
4.682633536931248841e+01,4.196820244360645091e+01
3.753032520775528980e+01,5.045305134743574627e+01
3.713795342802664123e+01,5.074256709750291350e+01
3.768708878150093255e+01,5.033606102628737489e+01
3.760654867700041137e+01,5.039626173706992773e+01
3.753331675986416371e+01,5.045082589483109814e+01
4.051661586997372666e+01,4.808783150560912389e+01
3.753491761999986664e+01,5.044963488199576318e+01
3.753334033047142526e+01,5.045080835927078766e+01
3.753334033047142526e+01,5.045080835927078766e+01
4.551696044564129551e+01,4.338481315226315616e+01
3.754228803688553029e+01,5.044415039845929982e+01
3.741658590059019929e+01,5.053745937431575186e+01
3.695052395036522341e+01,5.087921461913840204e+01
3.753926788331801134e+01,5.044639796111660957e+01
3.753489982391780444e+01,5.044964812241325802e+01
3.767283374734375201e+01,5.034673075694049516e+01
3.754371269081289597e+01,5.044309009028447122e+01
4.534431716052971240e+01,4.356522238795701440e+01
4.051222797479689319e+01,4.809152820388373328e+01
3.766903207899669326e+01,5.034957519878770427e+01
3.753315172343911144e+01,5.045094867464991495e+01
3.745420772894401296e+01,5.050958348535424847e+01
4.520951008005220473e+01,4.370510151902771412e+01
3.760654867700041137e+01,5.039626173706992773e+01
4.521503190880476097e+01,4.369938889678695659e+01
3.753338272082421412e+01,5.045077682255244156e+01
3.752229564091373248e+01,5.045902327931771225e+01
4.291239735641818243e+01,4.596261365057185344e+01
4.487096623928963623e+01,4.405260592994914504e+01
4.290785693877386819e+01,4.596685233283409389e+01
3.764003498257072522e+01,5.037125635695136339e+01
4.055173221526214888e+01,4.805822213532800902e+01
1.295236422101730227e+02,2.501212074031585519e+00
1.295160584579609520e+02,2.867150980021344608e+00
1.295236422101730227e+02,2.501212074031585519e+00
1.295210580488436563e+02,2.631629749085926839e+00
1.295154694851817965e+02,2.893633919683213040e+00
1.295199000361758976e+02,2.688019316746873333e+00
1.223008539726676247e+01,6.168031056700689163e+01
1.497005954878526168e+01,6.107317756243475060e+01
2.506211067351886701e+00,6.283115951940361299e+01
2.506211067351886701e+00,6.283115951940361299e+01
1.452141998530595757e+01,6.118140291033883216e+01
1.425808403967133309e+01,6.124330771590092581e+01
1.223008539726676247e+01,6.168031056700689163e+01
2.506211067351886701e+00,6.283115951940361299e+01
1.497005954878526168e+01,6.107317756243475060e+01
1.497005954878526168e+01,6.107317756243475060e+01
2.687111880954819565e+00,6.282368287681081398e+01
1.497005954878526168e+01,6.107317756243475060e+01
2.604809051278954790e+00,6.282714914965691122e+01
1.496471957021501886e+01,6.107448623321921843e+01
1.429641704616819986e+01,6.123437074151159720e+01
1.497005954878526168e+01,6.107317756243475060e+01
1.497005954878526168e+01,6.107317756243475060e+01
1.012343752622324011e+01,6.206087103094441204e+01
1.565469393777511264e+01,6.090128289438118969e+01
1.497005954878526168e+01,6.107317756243475060e+01
2.647001482868942990e+00,6.282538566229856514e+01
1.499108957616147464e+01,6.106801891159039997e+01
1.452141998530595757e+01,6.118140291033883216e+01
3.217439115364193913e+00,6.279875624569155690e+01
1.497005954878526168e+01,6.107317756243475060e+01
1.497005954878526168e+01,6.107317756243475060e+01
3.373366581447854173e+00,6.279057332413864145e+01
1.196521018939666092e+01,6.173223992040478691e+01
1.449076784474677027e+01,6.118867009288985770e+01
1.341469351536887089e+01,6.143355514989817578e+01
1.414713302696839214e+01,6.126903237022860793e+01
9.068183585872420238e+00,6.222381977120799235e+01
2.506211067351886701e+00,6.283115951940361299e+01
1.452141998530595757e+01,6.118140291033883216e+01
2.164001488545522101e+00,6.284387637649696501e+01
2.506211067351886701e+00,6.283115951940361299e+01
3.995865184062644460e+00,6.275403382968823962e+01
2.608646424012361464e+00,6.282698993506969032e+01
1.452253664360961949e+01,6.118113786047032931e+01
1.410456809716492543e+01,6.127884512014972529e+01
1.438376561923252517e+01,6.121391171194538572e+01
1.225391963585785682e+01,6.167557988397675217e+01
1.497005954878526168e+01,6.107317756243475060e+01
1.497005954878526168e+01,6.107317756243475060e+01
1.497005954878526168e+01,6.107317756243475060e+01
1.497005954878526168e+01,6.107317756243475060e+01
1.442139812146641908e+01,6.120505679017890799e+01
1.414713302696839214e+01,6.126903237022860793e+01
1.497005954878526168e+01,6.107317756243475060e+01
1.497005954878526168e+01,6.107317756243475060e+01
1.497005954878526168e+01,6.107317756243475060e+01
3.217439115364193913e+00,6.279875624569155690e+01
1.452253664360961949e+01,6.118113786047032931e+01
1.497005954878526168e+01,6.107317756243475060e+01
4.144792678626123994e+00,6.274437340605185653e+01
1.208366061570296424e+01,6.170916339241173887e+01
1.469119727199229253e+01,6.114085723296874164e+01
2.503882848898782321e+00,6.283125234424228012e+01
1.553689736658814624e+01,6.093144115058306198e+01
2.593510612903453971e+00,6.282761656443459941e+01
1.497005954878526168e+01,6.107317756243475060e+01
1.451556263742429387e+01,6.118279285702698189e+01
2.683144972820486807e+00,6.282385242502793687e+01
1.565469393777511264e+01,6.090128289438118969e+01
1.497005954878526168e+01,6.107317756243475060e+01
1.425808403967133309e+01,6.124330771590092581e+01
3.063467269123507197e+00,6.280645562963945139e+01
1.341469351536887089e+01,6.143355514989817578e+01
1.452141998530595757e+01,6.118140291033883216e+01
1.553689736658814624e+01,6.093144115058306198e+01
1.497470487049263710e+01,6.107203872893473573e+01
1.497005954878526168e+01,6.107317756243475060e+01
1.442139812146641908e+01,6.120505679017890799e+01
1.468654671661285605e+01,6.114197450203590023e+01
1.414199946237265415e+01,6.127021749327410305e+01
1.497005954878526168e+01,6.107317756243475060e+01
1.429301730765334177e+01,6.123516438052552502e+01
3.634214497907916730e+00,6.277601600492067035e+01
1.452593338223228336e+01,6.118033147868528943e+01
3.217439115364193913e+00,6.279875624569155690e+01
1.341469351536887089e+01,6.143355514989817578e+01
1.452253664360961949e+01,6.118113786047032931e+01
1.414713302696839214e+01,6.126903237022860793e+01
3.716346120813125431e+00,6.277120734841076199e+01
3.400193581567410472e+00,6.278912632036480090e+01
9.041597601233196002e+00,6.222768847775268597e+01
1.571384896259489139e+01,6.088604644126284171e+01
1.529946750436016689e+00,6.286250840849171340e+01
2.687111880954819565e+00,6.282368287681081398e+01
1.493657833400657786e+01,6.108137464185744392e+01
2.122619978722837697e+00,6.284528769042900365e+01
1.499119766500641227e+01,6.106799237764056443e+01
2.604809051278954790e+00,6.282714914965691122e+01
3.848620921902530689e+00,6.276323619338278093e+01
1.469423988296643557e+01,6.114012606078514267e+01
2.240280739984780212e+01,5.875499911558321742e+01
1.497005954878526168e+01,6.107317756243475060e+01
3.142122561401142100e+00,6.280256974261478575e+01
1.506434313538264824e+01,6.104998989652914076e+01
1.497005954878526168e+01,6.107317756243475060e+01
2.781766064132408545e+01,5.642537709762238762e+01
2.534831129331993083e+01,5.751900867317772992e+01
4.029094960878760645e+01,4.827706577754076989e+01
4.029094960878760645e+01,4.827706577754076989e+01
4.029094960878760645e+01,4.827706577754076989e+01
4.030421179128072851e+01,4.826599436819309830e+01
4.029094960878760645e+01,4.827706577754076989e+01
4.029094960878760645e+01,4.827706577754076989e+01
4.029094960878760645e+01,4.827706577754076989e+01
4.030421179128072851e+01,4.826599436819309830e+01
4.029089897220774219e+01,4.827710803764254166e+01
4.029094960878760645e+01,4.827706577754076989e+01
4.030421179128072851e+01,4.826599436819309830e+01
4.029094960878760645e+01,4.827706577754076989e+01
4.029094960878760645e+01,4.827706577754076989e+01
4.957230121820939672e+01,3.868620752151826281e+01
4.029094960878760645e+01,4.827706577754076989e+01
4.030421179128072851e+01,4.826599436819309830e+01
4.029094960878760645e+01,4.827706577754076989e+01
4.029094960878760645e+01,4.827706577754076989e+01
4.029089897220774219e+01,4.827710803764254166e+01
4.029094960878760645e+01,4.827706577754076989e+01
4.030421179128072851e+01,4.826599436819309830e+01
4.029094960878760645e+01,4.827706577754076989e+01
4.955096974804947507e+01,3.871352602766565809e+01
4.030423120893905065e+01,4.826597815359431820e+01
4.029089897220774219e+01,4.827710803764254166e+01
4.029094960878760645e+01,4.827706577754076989e+01
4.030421179128072851e+01,4.826599436819309830e+01
4.029094960878760645e+01,4.827706577754076989e+01
4.870362598817126099e+01,3.977426952278557337e+01
4.029089897220774219e+01,4.827710803764254166e+01
4.029094960878760645e+01,4.827706577754076989e+01
4.029094960878760645e+01,4.827706577754076989e+01
4.029094960878760645e+01,4.827706577754076989e+01
4.030479395297451362e+01,4.826550823181218419e+01
4.029154242250960039e+01,4.827657102241178677e+01
4.030399740446048185e+01,4.826617338973645843e+01
4.870362598817126099e+01,3.977426952278557337e+01
4.030421179128072851e+01,4.826599436819309830e+01
4.029094960878760645e+01,4.827706577754076989e+01
4.029094960878760645e+01,4.827706577754076989e+01
4.519989194245079034e+01,4.371504854003518403e+01
4.030421179128072851e+01,4.826599436819309830e+01
4.029094960878760645e+01,4.827706577754076989e+01
4.030421179128072851e+01,4.826599436819309830e+01
4.028944280771010256e+01,4.827832327982317651e+01
4.029089653994665099e+01,4.827711006754832823e+01
4.957230121820939672e+01,3.868620752151826281e+01
4.029094960878760645e+01,4.827706577754076989e+01
4.966594207387140614e+01,3.856591627825936541e+01
4.030421179128072851e+01,4.826599436819309830e+01
4.029094960878760645e+01,4.827706577754076989e+01
4.029094960878760645e+01,4.827706577754076989e+01
4.029089872891299962e+01,4.827710824069040285e+01
4.029094960878760645e+01,4.827706577754076989e+01
4.029089897220774219e+01,4.827710803764254166e+01
4.437509745570766029e+01,4.455206422000340183e+01
4.853644396639913339e+01,3.997811035508628663e+01
4.030380600776311439e+01,4.826633321224493756e+01
4.028944593326866652e+01,4.827832067146786699e+01
4.030421179128072851e+01,4.826599436819309830e+01
4.029094960878760645e+01,4.827706577754076989e+01
4.029094960878760645e+01,4.827706577754076989e+01
4.029094960878760645e+01,4.827706577754076989e+01
4.967211942236243516e+01,3.855795965241709666e+01
4.029094960878760645e+01,4.827706577754076989e+01
4.029094960878760645e+01,4.827706577754076989e+01
4.029094960878760645e+01,4.827706577754076989e+01
4.910416239687105389e+01,3.927870842795846329e+01
4.030379210235255272e+01,4.826634482366780787e+01
4.030480785814405209e+01,4.826549662010067721e+01
4.029128083873256827e+01,4.827678933857596633e+01
4.030421179128072851e+01,4.826599436819309830e+01
4.066431431383299611e+01,4.796299867452677290e+01
4.030421179128072851e+01,4.826599436819309830e+01
4.957230121820939672e+01,3.868620752151826281e+01
4.871183679830957658e+01,3.976421326018802915e+01
4.030415362383523359e+01,4.826604294048922839e+01
4.098035425295515921e+01,4.769325178438938195e+01
4.030421179128072851e+01,4.826599436819309830e+01
4.966594207387140614e+01,3.856591627825936541e+01
4.029089653994665099e+01,4.827711006754832823e+01
4.029094960878760645e+01,4.827706577754076989e+01
4.029089872891299962e+01,4.827710824069040285e+01
4.029095201561863604e+01,4.827706376885380735e+01
4.030421179128072851e+01,4.826599436819309830e+01
4.029094960878760645e+01,4.827706577754076989e+01
4.029089653994665099e+01,4.827711006754832823e+01
4.323419398138377545e+01,4.566005005742918854e+01
4.030421179128072851e+01,4.826599436819309830e+01
4.866195512719453831e+01,3.982524103713328856e+01
4.952500393789358668e+01,3.874673773904695651e+01
4.036314497586629102e+01,4.821672145764433992e+01
4.967211942236243516e+01,3.855795965241709666e+01
4.029094960878760645e+01,4.827706577754076989e+01
4.029661635795847729e+01,4.827233587228168687e+01
4.322883385641029008e+01,4.566512480965901943e+01
4.029089897220774219e+01,4.827710803764254166e+01
4.030461549470675919e+01,4.826565725534776163e+01
4.967155750322970675e+01,3.855868353134226112e+01
4.029093073577496398e+01,4.827708152852494550e+01
3.704748605343673518e+01,5.080865553808003199e+01
2.006225247790144550e+01,5.959481291169390005e+01
2.006225247790144550e+01,5.959481291169390005e+01
3.704748605343673518e+01,5.080865553808003199e+01
2.064462780097258232e+01,5.939558100924824657e+01
3.704642243562101100e+01,5.080943106538761356e+01
3.704748605343673518e+01,5.080865553808003199e+01
3.751068129646395022e+01,5.046765785274733673e+01
3.704748605343673518e+01,5.080865553808003199e+01
3.704748605343673518e+01,5.080865553808003199e+01
3.704748605343673518e+01,5.080865553808003199e+01
3.704748605343673518e+01,5.080865553808003199e+01
3.751068129646395022e+01,5.046765785274733673e+01
3.704643115901619410e+01,5.080942470494164809e+01
3.704748605343673518e+01,5.080865553808003199e+01
3.704642243562101100e+01,5.080943106538761356e+01
3.751068129646395022e+01,5.046765785274733673e+01
3.704748605343673518e+01,5.080865553808003199e+01
3.704748605343673518e+01,5.080865553808003199e+01
3.704748605343673518e+01,5.080865553808003199e+01
3.704748605343673518e+01,5.080865553808003199e+01
4.189203765105268928e+01,4.689448668990464597e+01
3.711682377297987756e+01,5.075802491697658780e+01
3.704748605343673518e+01,5.080865553808003199e+01
3.704748605343673518e+01,5.080865553808003199e+01
3.416073262931936227e+01,5.279280298198813881e+01
3.704734314615894419e+01,5.080875973961192926e+01
2.006225247790144550e+01,5.959481291169390005e+01
3.704748605343673518e+01,5.080865553808003199e+01
3.704748605343673518e+01,5.080865553808003199e+01
3.704748605343673518e+01,5.080865553808003199e+01
2.836716422833007911e+01,5.611897802089602294e+01
3.463649285042175308e+01,5.248189272015199691e+01
2.006225247790144550e+01,5.959481291169390005e+01
3.755700745477596314e+01,5.043319235888962737e+01
3.704734314615894419e+01,5.080875973961192926e+01
3.704748605343673518e+01,5.080865553808003199e+01
2.004450742560319298e+01,5.960078374091903441e+01
3.704748605343673518e+01,5.080865553808003199e+01
3.704748605343673518e+01,5.080865553808003199e+01
3.751068129646395022e+01,5.046765785274733673e+01
3.751068129646395022e+01,5.046765785274733673e+01
3.751068129646395022e+01,5.046765785274733673e+01
3.494876196660840861e+01,5.227446544411722584e+01
3.704778781319329539e+01,5.080843550647340123e+01
3.751068129646395022e+01,5.046765785274733673e+01
3.704748605343673518e+01,5.080865553808003199e+01
2.006186452580329416e+01,5.959494351214014785e+01
3.704472013450236290e+01,5.081067221188138916e+01
3.704748605343673518e+01,5.080865553808003199e+01
3.994276999865094524e+01,4.856553124698348967e+01
3.693562523502505712e+01,5.089003133192826311e+01
2.004450742560319298e+01,5.960078374091903441e+01
3.704749822484967581e+01,5.080864666320704259e+01
2.766080241355561853e+01,5.647048530254627963e+01
3.704748605343673518e+01,5.080865553808003199e+01
2.019340870186248793e+01,5.955049912021228664e+01
3.704734202136395993e+01,5.080876055975918604e+01
3.751068129646395022e+01,5.046765785274733673e+01
3.705343720548378883e+01,5.080431568012829757e+01
3.704748605343673518e+01,5.080865553808003199e+01
2.039256314963851935e+01,5.948259466982644739e+01
3.676504025637501627e+01,5.101340525209020882e+01
3.616723378563381885e+01,5.143896286631533599e+01
3.709358117106619090e+01,5.077501291356195878e+01
3.704694761880615062e+01,5.080904813708178125e+01
3.704748605343673518e+01,5.080865553808003199e+01
2.004450742560319298e+01,5.960078374091903441e+01
3.704636698104950199e+01,5.080947149865136225e+01
3.676504025637501627e+01,5.101340525209020882e+01
3.704642243562101100e+01,5.080943106538761356e+01
3.019765334912032273e+01,5.515557481046882060e+01
3.704748605343673518e+01,5.080865553808003199e+01
1.958272516149390086e+01,5.975410091128686219e+01
2.836716422833007911e+01,5.611897802089602294e+01
3.704748605343673518e+01,5.080865553808003199e+01
2.038276459804825791e+01,5.948595302932795192e+01
3.688565237572928623e+01,5.092626384571831721e+01
3.704748605343673518e+01,5.080865553808003199e+01
3.731342875880734766e+01,5.061367142115130946e+01
3.704501321508193001e+01,5.081045853327113804e+01
2.006225247790144550e+01,5.959481291169390005e+01
3.751068129646395022e+01,5.046765785274733673e+01
3.704734314615894419e+01,5.080875973961192926e+01
3.704833797769478565e+01,5.080803434061741797e+01
2.039256314963851935e+01,5.948259466982644739e+01
2.004450742560319298e+01,5.960078374091903441e+01
3.676504025637501627e+01,5.101340525209020882e+01
3.751068129646395022e+01,5.046765785274733673e+01
2.004450742560319298e+01,5.960078374091903441e+01
3.494876196660840861e+01,5.227446544411722584e+01
2.835750175993961619e+01,5.612386118579050276e+01
3.751068129646395022e+01,5.046765785274733673e+01
3.868383743949816989e+01,4.957415073827630181e+01
2.007212473608155534e+01,5.959148856209285583e+01
3.704748605343673518e+01,5.080865553808003199e+01
3.640296967483354251e+01,5.127240485212303867e+01
3.745002687938430341e+01,5.051268342901863662e+01
3.994276999865094524e+01,4.856553124698348967e+01
3.648642636758248869e+01,5.121304903430220179e+01
1.523939100259050994e+00,1.295388264685418278e+02
1.393507870243576363e+00,1.295402952329654909e+02
6.508056043155628634e-02,1.295477738818732121e+02
4.792919965586616704e-01,1.295469036002417624e+02
1.350096225518715665e+00,1.295407549515214782e+02
9.065373773380475120e-01,1.295446183490915359e+02
1.489500305722450735e+00,1.295392270397949517e+02
4.130478601491568980e-01,1.295471317501607871e+02
2.459343059076147253e-01,1.295475567872488796e+02
1.413142122446338300e+00,1.295400825326665597e+02
1.295342307118906149e+02,1.874307100475538945e+00
1.295328732677263304e+02,1.965883067567229192e+00
1.295279039774020475e+02,2.269811544845138140e+00
1.295387731665001354e+02,1.528463197537321072e+00
1.295438013787627654e+02,1.016600987536582457e+00
1.295454032732822895e+02,7.864120998921688699e-01
1.295279039774020475e+02,2.269811544845138140e+00
1.295454032732822895e+02,7.864120998921688699e-01
1.295422330933614319e+02,1.199916002650525337e+00
1.295279039774020475e+02,2.269811544845138140e+00
1.294890479057955872e+02,3.900823717982880190e+00
1.295387731665001354e+02,1.528463197537321072e+00
1.295342307118906149e+02,1.874307100475538945e+00
1.295387731665001354e+02,1.528463197537321072e+00
1.295438013787627654e+02,1.016600987536582457e+00
1.295387731665001354e+02,1.528463197537321072e+00
1.295387731665001354e+02,1.528463197537321072e+00
1.295450153234000652e+02,8.479139627573782922e-01
1.295364468295103393e+02,1.714320860761877174e+00
5.124584789163389331e+01,3.644034542007501898e+01
5.123758505814838315e+01,3.645196260663985299e+01
5.124562332083589666e+01,3.644066123063439022e+01
5.124584789163389331e+01,3.644034542007501898e+01
5.138063975105697523e+01,3.625004219637494174e+01
5.137816251287092939e+01,3.625355316748807155e+01
5.360130657209638372e+01,3.287758559004900150e+01
5.782492933664349977e+01,2.470451877044049382e+01
5.332711432895526826e+01,3.332048285684638245e+01
5.124562609004019009e+01,3.644065733636883664e+01
5.123758505814838315e+01,3.645196260663985299e+01
5.124584483597407569e+01,3.644034971723144167e+01
5.779818440582046435e+01,2.476702606001844842e+01
5.125164105909124146e+01,3.643219715055533925e+01
5.127696786339689794e+01,3.639654196765157934e+01
5.254204072194040265e+01,3.454518283698636338e+01
5.087030761284739810e+01,3.696278539072970659e+01
5.124584512245330359e+01,3.644034931435741953e+01
5.112521205779736277e+01,3.660940306140092559e+01
5.124562332083589666e+01,3.644066123063439022e+01
5.138244197414081782e+01,3.624748759901728334e+01
5.123328145912067555e+01,3.645801107297793919e+01
5.124562332083589666e+01,3.644066123063439022e+01
5.138063975105697523e+01,3.625004219637494174e+01
5.133057124565017659e+01,3.632090522085169937e+01
5.127175136999234439e+01,3.640389006576835840e+01
5.782492933664349977e+01,2.470451877044049382e+01
5.360130657209638372e+01,3.287758559004900150e+01
5.128174550876784821e+01,3.638981008525366434e+01
5.314638335992657403e+01,3.360799958680344446e+01
5.138063975105697523e+01,3.625004219637494174e+01
5.123762795741681231e+01,3.645190230652167429e+01
5.124634943770951878e+01,3.643964008843980906e+01
5.124584512245330359e+01,3.644034931435741953e+01
5.908594711347144823e+01,2.151479849245432874e+01
5.123430600922919353e+01,3.645657126252442026e+01
5.121855518129041229e+01,3.647869659963154021e+01
5.124040970477349077e+01,3.644799190289933222e+01
5.332711432895526826e+01,3.332048285684638245e+01
5.125372496956012469e+01,3.642926539489300808e+01
5.124584791084787128e+01,3.644034539305450693e+01
5.127549261516127643e+01,3.639862026972178199e+01
5.138743507156254964e+01,3.624040862397668405e+01
5.138063975105697523e+01,3.625004219637494174e+01
4.837875990046224928e+01,4.016878503216504015e+01
5.123758505814838315e+01,3.645196260663985299e+01
5.138063975105697523e+01,3.625004219637494174e+01
5.132840099632383613e+01,3.632397213449325335e+01
5.124562332083589666e+01,3.644066123063439022e+01
4.573438386637310771e+01,4.315555390479992326e+01
5.202281391522448217e+01,3.532226681300036120e+01
5.776872464808963059e+01,2.483566292652687579e+01
5.127751355815309608e+01,3.639577315788586986e+01
5.123703852093720457e+01,3.645273081774337243e+01
5.782492933664349977e+01,2.470451877044049382e+01
5.124460285355704769e+01,3.644209624662216385e+01
5.123758505814838315e+01,3.645196260663985299e+01
5.124562332083589666e+01,3.644066123063439022e+01
5.124562332083589666e+01,3.644066123063439022e+01
4.837875990046224928e+01,4.016878503216504015e+01
5.154675196029950257e+01,3.601344280696056188e+01
5.136183580246448344e+01,3.627668016050446198e+01
5.132840099632383613e+01,3.632397213449325335e+01
5.254204072194040265e+01,3.454518283698636338e+01
5.360130657209638372e+01,3.287758559004900150e+01
5.908594711347144823e+01,2.151479849245432874e+01
5.886648832328871350e+01,2.210819424898772922e+01
5.123399556786068842e+01,3.645700753791089710e+01
4.839958245615488153e+01,4.014369338435023593e+01
5.202112083135747866e+01,3.532476026693126414e+01
5.124584791084787128e+01,3.644034539305450693e+01
5.137711386959348658e+01,3.625503924832636216e+01
5.124939181560004187e+01,3.643536110700658526e+01
5.123716422574592144e+01,3.645255412959156160e+01
5.782492933664349977e+01,2.470451877044049382e+01
5.121855518129041229e+01,3.647869659963154021e+01
5.124460285355704769e+01,3.644209624662216385e+01
4.837875990046224928e+01,4.016878503216504015e+01
5.124562332083589666e+01,3.644066123063439022e+01
5.134786662839799476e+01,3.629645014569760519e+01
5.137816251287092939e+01,3.625355316748807155e+01
5.884995328304284357e+01,2.215217142969365582e+01
5.784994064104521527e+01,2.464589353816180761e+01
5.124585591360945358e+01,3.644033413881435735e+01
4.877859996867893955e+01,3.968228679855100438e+01
5.127696786339689794e+01,3.639654196765157934e+01
5.128969112925013007e+01,3.637861025840570051e+01
5.124050033741544752e+01,3.644786448666351930e+01
5.138244197414081782e+01,3.624748759901728334e+01
5.138063975105697523e+01,3.625004219637494174e+01
5.138063975105697523e+01,3.625004219637494174e+01
5.123759555577694869e+01,3.645194785096519752e+01
5.782492933664349977e+01,2.470451877044049382e+01
5.121313850393352851e+01,3.648630078596324466e+01
5.124129488271417188e+01,3.644674744349062934e+01
5.134785227806857222e+01,3.629647044681491508e+01
5.939840210318497071e+01,2.063650958992851514e+01
5.123762795741681231e+01,3.645190230652167429e+01
5.124584791084787128e+01,3.644034539305450693e+01
5.202112083135747866e+01,3.532476026693126414e+01
6.110184216311986205e+01,1.485262888313204144e+01
6.110184216311986205e+01,1.485262888313204144e+01
6.108593626689825840e+01,1.491791174606234094e+01
6.110184216311986205e+01,1.485262888313204144e+01
6.110184216311986205e+01,1.485262888313204144e+01
6.187165610684396455e+01,1.122202615677300486e+01
6.110184216311986205e+01,1.485262888313204144e+01
6.110184216311986205e+01,1.485262888313204144e+01
6.099112324605184909e+01,1.530093414310951871e+01
6.110131014988820652e+01,1.485481734771680706e+01
6.110184216311986205e+01,1.485262888313204144e+01
6.110184216311986205e+01,1.485262888313204144e+01
6.110184216311986205e+01,1.485262888313204144e+01
6.110184216311986205e+01,1.485262888313204144e+01
6.110158188998516948e+01,1.485369957311296751e+01
6.110131014988820652e+01,1.485481734771680706e+01
6.110184216311986205e+01,1.485262888313204144e+01
6.110184216311986205e+01,1.485262888313204144e+01
6.110184216311986205e+01,1.485262888313204144e+01
6.108540535504155855e+01,1.492008555863939279e+01
6.110184216311986205e+01,1.485262888313204144e+01
6.110118606820550013e+01,1.485532771517984330e+01
6.110237067443313208e+01,1.485045448567263549e+01
6.110184216311986205e+01,1.485262888313204144e+01
6.110184216311986205e+01,1.485262888313204144e+01
6.110184216311986205e+01,1.485262888313204144e+01
6.105176169735525349e+01,1.505716089162251414e+01
6.110184216311986205e+01,1.485262888313204144e+01
6.111186370884988150e+01,1.481134073937323770e+01
6.108861919061200041e+01,1.490692140756268991e+01
5.828622130267167023e+01,2.359559507032707160e+01
6.117486750795357864e+01,1.454892730929623923e+01
6.108629843552211725e+01,1.491642865813357410e+01
6.110184216311986205e+01,1.485262888313204144e+01
6.110184216311986205e+01,1.485262888313204144e+01
6.112000602912157632e+01,1.477770494586363448e+01
6.046509213935992477e+01,1.726291786012940577e+01
6.110239351534643504e+01,1.485036050614969305e+01
5.928582256574379983e+01,2.095774184329035350e+01
6.110184216311986205e+01,1.485262888313204144e+01
5.816829302625123432e+01,2.388483591903098713e+01
6.110184216311986205e+01,1.485262888313204144e+01
6.193468242146433056e+01,1.086880001744520996e+01
6.110184216311986205e+01,1.485262888313204144e+01
6.110187745758596378e+01,1.485248368539783748e+01
6.110184216311986205e+01,1.485262888313204144e+01
6.110184216311986205e+01,1.485262888313204144e+01
6.110184216311986205e+01,1.485262888313204144e+01
6.098313057149165672e+01,1.533275859613200076e+01
6.108956018461638138e+01,1.490306468203749191e+01
6.110184216311986205e+01,1.485262888313204144e+01
6.110184216311986205e+01,1.485262888313204144e+01
6.103506797632884684e+01,1.512468768575987710e+01
6.110184216311986205e+01,1.485262888313204144e+01
6.110129248261420543e+01,1.485489001712543455e+01
6.110184216311986205e+01,1.485262888313204144e+01
6.110184216311986205e+01,1.485262888313204144e+01
6.110184216311986205e+01,1.485262888313204144e+01
6.103714134626321908e+01,1.511631822710628370e+01
6.110131014988820652e+01,1.485481734771680706e+01
6.108917079660797356e+01,1.490466074252346296e+01
6.110174919064326815e+01,1.485301135496050406e+01
6.055448756998546145e+01,1.694667329015748436e+01
6.111305832430075924e+01,1.480641086548236451e+01
5.941710903113137476e+01,2.058258620410726536e+01
6.110184216311986205e+01,1.485262888313204144e+01
6.110184216311986205e+01,1.485262888313204144e+01
6.103510652189950036e+01,1.512453213581303935e+01
5.931772979120027145e+01,2.086726222782979789e+01
6.110184216311986205e+01,1.485262888313204144e+01
6.111074427229796413e+01,1.481595879289157836e+01
6.094005050512152621e+01,1.550309468783887290e+01
6.146984003088084592e+01,1.324743246990823664e+01
5.928582256574379983e+01,2.095774184329035350e+01
6.046509213935992477e+01,1.726291786012940577e+01
6.114151507032402577e+01,1.468845925794126472e+01
6.070647192256027580e+01,1.639390030414549315e+01
6.110080275976607567e+01,1.485690420575643778e+01
6.110118606820550013e+01,1.485532771517984330e+01
6.167975312290729306e+01,1.223289643396312165e+01
6.105176169735525349e+01,1.505716089162251414e+01
6.110117421975701291e+01,1.485537644873939200e+01
6.110102529429628504e+01,1.485598897591897760e+01
6.110184216311986205e+01,1.485262888313204144e+01
6.110184216311986205e+01,1.485262888313204144e+01
6.099112324605184909e+01,1.530093414310951871e+01
6.110184216311986205e+01,1.485262888313204144e+01
6.110184216311986205e+01,1.485262888313204144e+01
6.110185400937692179e+01,1.485258014903974733e+01
5.909287428947034471e+01,2.149576490092211500e+01
6.102423651028092877e+01,1.516833078503224463e+01
6.272896085432707025e+01,4.371861228717403236e+00
6.110184216311986205e+01,1.485262888313204144e+01
6.110185394217077004e+01,1.485258042551835267e+01
6.110184216311986205e+01,1.485262888313204144e+01
6.110184216311986205e+01,1.485262888313204144e+01
5.840743304039692418e+01,2.329393625170314763e+01
6.110161618985181065e+01,1.485355847784966521e+01
6.117486750795357864e+01,1.454892730929623923e+01
6.110184216311986205e+01,1.485262888313204144e+01
1.012819113529455173e+01,6.206009543010549834e+01
1.012819113529455173e+01,6.206009543010549834e+01
1.012819113529455173e+01,6.206009543010549834e+01
1.012819113529455173e+01,6.206009543010549834e+01
2.395647187938305933e+01,5.813882657535486231e+01
1.012819113529455173e+01,6.206009543010549834e+01
2.395647187938305933e+01,5.813882657535486231e+01
2.875219422803478153e+01,5.592268794988509484e+01
2.406489402863630644e+01,5.809403218797405088e+01
2.395647187938305933e+01,5.813882657535486231e+01
2.874525069923276988e+01,5.592625736364912825e+01
2.406489402863630644e+01,5.809403218797405088e+01
2.395626636268226051e+01,5.813891125938873472e+01
2.387361592003703237e+01,5.817289887369732071e+01
2.406509938669215032e+01,5.809394711994950455e+01
2.406489402863630644e+01,5.809403218797405088e+01
2.406240199804585345e+01,5.809506442505507096e+01
2.406489402863630644e+01,5.809403218797405088e+01
2.406509938669215032e+01,5.809394711994950455e+01
2.387361592003703237e+01,5.817289887369732071e+01
2.406289101837488076e+01,5.809486187525256184e+01
2.406225848532523770e+01,5.809512386639909920e+01
2.874525069923276988e+01,5.592625736364912825e+01
2.395647187938305933e+01,5.813882657535486231e+01
2.406489402863630644e+01,5.809403218797405088e+01
2.405864038936731930e+01,5.809662230355534263e+01
2.406509938669215032e+01,5.809394711994950455e+01
2.406489402863630644e+01,5.809403218797405088e+01
2.395934851450678948e+01,5.813764115637356866e+01
2.401196514120253056e+01,5.811592923222113427e+01
2.395647187938305933e+01,5.813882657535486231e+01
2.395647187938305933e+01,5.813882657535486231e+01
2.387361592003703237e+01,5.817289887369732071e+01
2.406225848532523770e+01,5.809512386639909920e+01
2.874525069923276988e+01,5.592625736364912825e+01
2.875219422803478153e+01,5.592268794988509484e+01
2.406489402863630644e+01,5.809403218797405088e+01
2.387361592003703237e+01,5.817289887369732071e+01
2.871915865368570664e+01,5.593966058791642126e+01
2.409295077928558015e+01,5.808240200967744471e+01
2.406512545694218375e+01,5.809393632048437439e+01
2.395997594153669041e+01,5.813738258081320964e+01
2.406489402863630644e+01,5.809403218797405088e+01
2.387361592003703237e+01,5.817289887369732071e+01
2.915561157949379734e+01,5.571342759059567840e+01
2.406154843233789364e+01,5.809541795619615101e+01
2.387361592003703237e+01,5.817289887369732071e+01
2.387361592003703237e+01,5.817289887369732071e+01
2.395281760453943676e+01,5.814033220811974445e+01
2.387464652447143365e+01,5.817247591256885642e+01
2.875219422803478153e+01,5.592268794988509484e+01
2.395472890938723154e+01,5.813954474662343586e+01
2.422832836887215535e+01,5.802606142861123573e+01
2.406240199804585345e+01,5.809506442505507096e+01
2.395859661793755180e+01,5.813795101795221854e+01
2.383992301375334932e+01,5.818671473081440126e+01
2.387361592003703237e+01,5.817289887369732071e+01
2.406509932940085505e+01,5.809394714368211510e+01
2.387361592003703237e+01,5.817289887369732071e+01
2.406225848532523770e+01,5.809512386639909920e+01
2.406489402863630644e+01,5.809403218797405088e+01
2.874525069923276988e+01,5.592625736364912825e+01
2.395647187938305933e+01,5.813882657535486231e+01
2.406145357843543309e+01,5.809545724202243377e+01
2.874525069923276988e+01,5.592625736364912825e+01
2.395626636268226051e+01,5.813891125938873472e+01
2.406509938669215032e+01,5.809394711994950455e+01
2.395647187938305933e+01,5.813882657535486231e+01
2.387361592003703237e+01,5.817289887369732071e+01
2.406523465546030494e+01,5.809389108541871849e+01
2.406225976983819592e+01,5.809512333437021425e+01
2.260898979876087367e+01,5.867596851136235614e+01
2.395647187938305933e+01,5.813882657535486231e+01
2.406489425785350278e+01,5.809403209302303139e+01
2.406509910018398912e+01,5.809394723863393750e+01
2.395281760453943676e+01,5.814033220811974445e+01
2.395616578828985510e+01,5.813895270118675285e+01
2.878300395899829667e+01,5.590683664421685961e+01
2.387361592003703237e+01,5.817289887369732071e+01
2.395281760453943676e+01,5.814033220811974445e+01
2.406489402863630644e+01,5.809403218797405088e+01
2.406289101837488076e+01,5.809486187525256184e+01
2.387199931381092455e+01,5.817356228759135206e+01
2.387361592003703237e+01,5.817289887369732071e+01
2.387470570044980889e+01,5.817245162603833109e+01
2.406489402863630644e+01,5.809403218797405088e+01
2.406509938669215032e+01,5.809394711994950455e+01
2.387361592003703237e+01,5.817289887369732071e+01
2.395915116889619867e+01,5.813772248491370220e+01
2.406489402863630644e+01,5.809403218797405088e+01
2.874525069923276988e+01,5.592625736364912825e+01
2.406509938669215032e+01,5.809394711994950455e+01
2.875963052435297840e+01,5.591886401358279812e+01
2.405453283339234005e+01,5.809832313100017842e+01
2.395655324288540911e+01,5.813879304894157229e+01
2.390893901352443507e+01,5.815839007154882978e+01
2.395990744390746485e+01,5.813741081047768944e+01
2.405882541949083731e+01,5.809654567959545801e+01
2.406222027631032745e+01,5.809513969207046102e+01
2.406489402863630644e+01,5.809403218797405088e+01
3.150753594835841165e-01,1.295474070784361231e+02
4.096162400143674631e+01,4.770933933342382005e+01
4.096162400143674631e+01,4.770933933342382005e+01
4.009444096539193936e+01,4.844039124676390173e+01
4.096162400143674631e+01,4.770933933342382005e+01
4.096162400143674631e+01,4.770933933342382005e+01
4.096162400143674631e+01,4.770933933342382005e+01
4.096162400143674631e+01,4.770933933342382005e+01
4.065083936062558223e+01,4.797441984790931002e+01
4.096162400143674631e+01,4.770933933342382005e+01
4.096162400143674631e+01,4.770933933342382005e+01
4.096162400143674631e+01,4.770933933342382005e+01
4.162211412380327147e+01,4.713422659100239542e+01
4.065083936062558223e+01,4.797441984790931002e+01
3.492589209541920781e+01,5.228974815206126436e+01
4.096501128557371629e+01,4.770643091701241900e+01
4.096419751359984929e+01,4.770712968240324159e+01
4.096162400143674631e+01,4.770933933342382005e+01
4.096162400143674631e+01,4.770933933342382005e+01
4.107543534195529134e+01,4.761138846889167553e+01
4.096162400143674631e+01,4.770933933342382005e+01
4.096162400143674631e+01,4.770933933342382005e+01
4.096419751359984929e+01,4.770712968240324159e+01
4.098726958712578750e+01,4.768730892238661312e+01
3.495094035841377433e+01,5.227300898675590446e+01
4.481010817331085860e+01,4.411450901872353114e+01
4.055043161220827841e+01,4.805931955958677548e+01
4.096162400143674631e+01,4.770933933342382005e+01
4.059182368396100316e+01,4.802436413402141824e+01
4.096162400143674631e+01,4.770933933342382005e+01
4.096109228753045528e+01,4.770979583984062344e+01
4.009498082169660904e+01,4.843994439896314930e+01
4.066122125048051572e+01,4.796562088502901844e+01
4.064779768733625076e+01,4.797699702603573968e+01
3.920872014271541417e+01,4.916006473996024795e+01
4.096162400143674631e+01,4.770933933342382005e+01
4.095173714317564162e+01,4.771782607603901738e+01
3.473493802692242838e+01,5.241678911124486717e+01
4.096501128557371629e+01,4.770643091701241900e+01
4.056742103131360011e+01,4.804497946024115862e+01
4.096162400143674631e+01,4.770933933342382005e+01
4.186181811675567133e+01,4.692146507118599175e+01
4.098830732337896166e+01,4.768641696784419537e+01
4.096162400143674631e+01,4.770933933342382005e+01
4.050825396743640994e+01,4.809487562076164835e+01
4.096162400143674631e+01,4.770933933342382005e+01
4.096162400143674631e+01,4.770933933342382005e+01
4.009444096539193936e+01,4.844039124676390173e+01
4.122763617513363243e+01,4.747965581043814609e+01
4.107078141093374768e+01,4.761540312506195249e+01
4.096162400143674631e+01,4.770933933342382005e+01
4.096406228269744076e+01,4.770724579941862231e+01
4.096162400143674631e+01,4.770933933342382005e+01
4.107097447359818432e+01,4.761523659771005157e+01
4.096175923827350829e+01,4.770922322331999510e+01
4.096162400143674631e+01,4.770933933342382005e+01
4.095143768567048426e+01,4.771808307071343336e+01
4.186181811675567133e+01,4.692146507118599175e+01
4.096500871221251572e+01,4.770643312673054481e+01
4.186181811675567133e+01,4.692146507118599175e+01
4.096162400143674631e+01,4.770933933342382005e+01
4.056748814368692280e+01,4.804492279293079804e+01
4.122763617513363243e+01,4.747965581043814609e+01
4.096501128557371629e+01,4.770643091701241900e+01
4.096162400143674631e+01,4.770933933342382005e+01
4.096162400143674631e+01,4.770933933342382005e+01
4.065083936062558223e+01,4.797441984790931002e+01
4.096162400143674631e+01,4.770933933342382005e+01
3.492589209541920781e+01,5.228974815206126436e+01
4.096162400143674631e+01,4.770933933342382005e+01
4.098726958712578750e+01,4.768730892238661312e+01
4.107543534195529134e+01,4.761138846889167553e+01
4.055932359389978359e+01,4.805181547113682683e+01
4.164410786943434317e+01,4.711479576763308330e+01
4.633651954921614191e+01,4.250838336766020831e+01
4.056558321186200544e+01,4.804653118746825413e+01
4.096162400143674631e+01,4.770933933342382005e+01
4.186181811675567133e+01,4.692146507118599175e+01
4.096162400143674631e+01,4.770933933342382005e+01
4.096162400143674631e+01,4.770933933342382005e+01
4.059447421952204849e+01,4.802212368593688296e+01
4.107544962119081333e+01,4.761137614986439104e+01
4.096153976238183247e+01,4.770941165809605877e+01
4.096406228269744076e+01,4.770724579941862231e+01
4.096162400143674631e+01,4.770933933342382005e+01
4.096159443679295009e+01,4.770936471661043754e+01
3.920872014271541417e+01,4.916006473996024795e+01
4.096162400143674631e+01,4.770933933342382005e+01
3.906801660826813105e+01,4.927195732628190683e+01
4.096500848234177283e+01,4.770643332411810889e+01
4.096501151544443786e+01,4.770643071962484782e+01
3.245909701592231045e+01,5.385575847927317028e+01
4.090817972598729568e+01,4.775517282947662068e+01
4.185437851369452034e+01,4.692810138604850323e+01
4.096162400143674631e+01,4.770933933342382005e+01
4.098726958712578750e+01,4.768730892238661312e+01
4.096175923827350829e+01,4.770922322331999510e+01
4.183333387847358154e+01,4.694686227085912122e+01
3.206958009556648648e+01,5.408861001135919366e+01
4.272512314742442641e+01,4.613674839544154338e+01
4.096162400143674631e+01,4.770933933342382005e+01
4.554832071794518811e+01,4.335188785095829189e+01
4.554832071794518811e+01,4.335188785095829189e+01
4.554834252003421824e+01,4.335186494425013137e+01
4.555239396647284167e+01,4.334760782776955779e+01
4.806254146432659979e+01,4.054661278648003986e+01
4.554832071794518811e+01,4.335188785095829189e+01
4.555239396647284167e+01,4.334760782776955779e+01
5.349764694254616870e+01,3.304599025717855909e+01
4.554832071794518811e+01,4.335188785095829189e+01
4.775333381873630856e+01,4.091032644288230813e+01
4.097207750608512100e+01,4.770036231835366181e+01
4.554832071794518811e+01,4.335188785095829189e+01
4.555239396647284167e+01,4.334760782776955779e+01
4.555271105120716868e+01,4.334727461273763538e+01
4.554832071794518811e+01,4.335188785095829189e+01
4.555239396647284167e+01,4.334760782776955779e+01
4.097207750608512100e+01,4.770036231835366181e+01
4.568547350629804527e+01,4.320732820913831773e+01
4.554832071794518811e+01,4.335188785095829189e+01
4.806254146432659979e+01,4.054661278648003986e+01
4.560013663529471017e+01,4.329738143709516862e+01
4.555239396647284167e+01,4.334760782776955779e+01
4.554832071794518811e+01,4.335188785095829189e+01
4.554832071794518811e+01,4.335188785095829189e+01
4.554835320059898862e+01,4.335185372253814506e+01
4.806254146432659979e+01,4.054661278648003986e+01
4.555239396647284167e+01,4.334760782776955779e+01
4.554832071794518811e+01,4.335188785095829189e+01
4.554816166898259411e+01,4.335205495755749183e+01
4.565713215491265231e+01,4.323727539815270404e+01
4.085208793398393823e+01,4.780316529165096995e+01
4.554832071794518811e+01,4.335188785095829189e+01
4.555239396647284167e+01,4.334760782776955779e+01
4.555239396647284167e+01,4.334760782776955779e+01
4.555239396647284167e+01,4.334760782776955779e+01
4.555239396647284167e+01,4.334760782776955779e+01
4.560013663529471017e+01,4.329738143709516862e+01
4.554831898529304368e+01,4.335188967139556837e+01
4.542649610470664356e+01,4.347952566571917288e+01
4.097207750608512100e+01,4.770036231835366181e+01
4.554832071794518811e+01,4.335188785095829189e+01
4.806254146432659979e+01,4.054661278648003986e+01
4.555239396647284167e+01,4.334760782776955779e+01
4.554463248018286237e+01,4.335576262403802161e+01
4.566081031221016673e+01,4.323339105482268252e+01
4.555225269184986558e+01,4.334775628754869103e+01
4.554814897397992013e+01,4.335206829565335340e+01
4.555855504159490721e+01,4.334113246084863391e+01
4.555239396647284167e+01,4.334760782776955779e+01
4.806254146432659979e+01,4.054661278648003986e+01
4.555239396647284167e+01,4.334760782776955779e+01
4.096508290464305446e+01,4.770636941837621947e+01
4.554832071794518811e+01,4.335188785095829189e+01
4.554832071794518811e+01,4.335188785095829189e+01
4.554832071794518811e+01,4.335188785095829189e+01
4.554816166898259411e+01,4.335205495755749183e+01
4.565888714580143670e+01,4.323542211050828143e+01
4.554656099972901728e+01,4.335373665054517289e+01
4.555279472926448392e+01,4.334718667711152307e+01
4.097207750608512100e+01,4.770036231835366181e+01
4.554832071794518811e+01,4.335188785095829189e+01
4.560084389009035277e+01,4.329663655503126307e+01
4.097207750608512100e+01,4.770036231835366181e+01
4.573092286261755390e+01,4.315922143181203552e+01
4.542953801785636614e+01,4.347634731610973802e+01
4.554957800758596420e+01,4.335056682210397128e+01
4.554512845159828061e+01,4.335524160691845452e+01
4.560013663529471017e+01,4.329738143709516862e+01
4.554761256062898411e+01,4.335263187505105975e+01
4.580140270872664843e+01,4.308441957807842471e+01
4.372851655979268770e+01,4.518686247070930762e+01
4.565888714580143670e+01,4.323542211050828143e+01
4.555237203261308565e+01,4.334763087723791131e+01
4.555239396647284167e+01,4.334760782776955779e+01
4.555244365855313760e+01,4.334755560814476638e+01
4.353999864793495078e+01,4.536853775695975344e+01
4.560013663529471017e+01,4.329738143709516862e+01
4.555239396647284167e+01,4.334760782776955779e+01
4.555235918288003205e+01,4.334764438052828694e+01
4.565888714580143670e+01,4.323542211050828143e+01
4.558110920966974788e+01,4.331741201506640238e+01
4.565888714580143670e+01,4.323542211050828143e+01
4.554832071794518811e+01,4.335188785095829189e+01
5.668242695960731936e+01,2.722385304169197795e+01
4.554599591022638094e+01,4.335433031442767060e+01
4.554832071794518811e+01,4.335188785095829189e+01
4.088377392536662569e+01,4.777606859177900134e+01
4.555279672585418638e+01,4.334718457893048793e+01
4.555239396647284167e+01,4.334760782776955779e+01
4.353999864793495078e+01,4.536853775695975344e+01
4.555239396647284167e+01,4.334760782776955779e+01
4.577605568516960233e+01,4.311134915976432325e+01
4.010315333649460712e+01,4.843317863754619879e+01
4.554832071794518811e+01,4.335188785095829189e+01
4.554832071794518811e+01,4.335188785095829189e+01
4.560410045139224877e+01,4.329320642417452092e+01
4.554832071794518811e+01,4.335188785095829189e+01
4.554832071794518811e+01,4.335188785095829189e+01
4.554832071794518811e+01,4.335188785095829189e+01
4.560084389009035277e+01,4.329663655503126307e+01
