5.537319187991884123e-05,8.246211251233060844e+06,1.935991975021781772e+07
5.537323930695310561e-05,8.246211251233066432e+06,1.935988180871764943e+07
1.161965872740295357e-02,1.881257549689319058e+04,0.000000000000000000e+00
5.857298130555934756e-05,6.429525696391250007e+06,1.629789499814271927e+07
7.251881403806625622e-05,3.900062947898049373e+06,1.236667366726113111e+07
1.681730563171665267e+02,9.916535336131147016e-01,1.680730563171665324e+02
8.325558446624231352e-04,2.249057100349165848e+05,4.554999126769056544e+06
2.079568635144780160e+02,8.018956889356506634e-01,2.367162657361701422e+05
1.744450776705743866e-04,1.301671065079710912e+06,8.922154706625102088e+06
6.008800939624396695e-05,5.911508037479164079e+06,1.541995297321390733e+07
6.174984685206390495e-05,5.450150673381663859e+06,1.468702979324266128e+07
1.880516056277604093e+02,8.969619967854297604e-01,1.879516056277604150e+02
2.193378724727584319e-04,1.997589019209077116e+06,3.471639624919744208e+06
5.724623855016005398e-05,7.029496149970542639e+06,1.728958194967637956e+07
6.224672498384368330e-05,5.325679029891153798e+06,1.451922354713988490e+07
7.571246471027985613e-05,4.598895652503902093e+06,1.068700943153077923e+07
5.687497803463153150e-05,7.232199879962499253e+06,1.762676787132878602e+07
5.755199726121474810e-05,6.905367135009491816e+06,1.704484217955651134e+07
5.645006883808481932e-05,7.505851157643350773e+06,1.806260711344996467e+07
1.239917700224466024e-04,2.940787235664069653e+06,6.553727752478277311e+06
1.443889799669328922e-04,1.545082915815339424e+06,9.792743365597326308e+06
2.568055935491917126e+02,6.503850494775205160e-01,5.787029611015779898e+06
4.935279932966053025e+02,3.393058876071249341e-01,9.675793652668512368e+04
1.135945581185569689e-04,3.171797934558892623e+06,7.306445679373345338e+06
4.669176127415731230e+02,3.570177073701311099e-01,2.326775372080088593e+06
1.216279827451226652e+02,1.384887279444858121e+00,1.011830924130518222e+06
1.476443195696139128e+02,1.137207618773769191e+00,8.225175238723314367e+06
6.560912549376623202e-05,4.687743436286170036e+06,1.353128686181165092e+07
2.830666251474243609e+02,5.968042398467018339e-01,2.829666251474243381e+02
6.029967207592719120e-05,5.836826559171714820e+06,1.531675810595026240e+07
8.125531096793564014e-05,3.355770523544071708e+06,1.156651757577828318e+07
2.123389642151239443e+01,9.059076915163103649e+00,1.166669881025479874e+06
3.968272537788818681e+02,4.208519617857059969e-01,8.331398379334167577e+06
5.815028299697721527e-05,6.607491357394170947e+06,1.658053539289237931e+07
6.848892728544935242e-05,4.332084975766963325e+06,1.292402130230646580e+07
3.339382197557295058e+02,5.025255264489135731e-01,6.160878118974946439e+06
1.102822546846093249e-04,2.431912020836755633e+06,8.495909961356047541e+06
1.205822168093999606e-04,1.874315352565947222e+06,1.012706910068386421e+07
5.691789040369029729e-05,7.206711145486332476e+06,1.758572782679686695e+07
8.753281974548184248e-04,2.048098778179506189e+05,4.463037613310975954e+06
8.575075169236893741e-05,3.039718521500409115e+06,1.144580156662164629e+07
6.085861668426241792e-05,5.675307873882484622e+06,1.508158173342721164e+07
3.055958521724503498e+02,5.456459574334230345e-01,6.602299725602985360e+06
3.940548459579593554e-04,7.659035708814783720e+05,2.263899222094996832e+06
7.115096139811391855e-05,4.045095758705344051e+06,1.251995047162355669e+07
6.085861668426241792e-05,5.675307873882484622e+06,1.508158173342721164e+07
6.803606231968528444e-05,4.801264683214442804e+06,1.275407138367603347e+07
5.616714842845222028e-05,7.665623293152872473e+06,1.835932820255722478e+07
1.322734545435706082e+02,1.340628235390585843e+00,1.321734545435706139e+02
5.548131673975735339e-05,8.159166069412733428e+06,1.920958788142904639e+07
3.183473791922785949e+02,5.271303088485922439e-01,8.322363041675743647e+06
4.057266503085169234e+02,4.122857507253631093e-01,3.861692159469135571e+06
3.917992925715434562e-04,5.302033410076563014e+05,4.186298022035111208e+06
7.056685954612501632e+01,2.446451281482715068e+00,7.528723490120618604e+06
1.059227529225705835e-04,2.600080246109480504e+06,8.714557387817770243e+06
4.181473223984544916e+02,3.987313634556418629e-01,2.318006664956854191e+06
5.836013777554634641e-05,6.520292299419434741e+06,1.643606986829251796e+07
3.573219240493907591e+02,4.679589487791596669e-01,3.572219240493907364e+02
5.576105872922284352e-05,8.031914168061849661e+06,1.890239767118817940e+07
3.551425281663164242e+02,4.699542884525371167e-01,6.604542878391554579e+06
1.131529912354149872e-04,3.184791196465164423e+06,7.322040581883319654e+06
2.985110263367420771e+02,5.609184272614832212e-01,8.313835604177148081e+06
1.202091950477273189e-04,2.165306298077491578e+06,8.113899825490882620e+06
2.033724063699019666e+02,8.200049446108432782e-01,2.032724063699019723e+02
1.163661810952684661e+01,1.435280542489299904e+01,8.141811842698597349e+06
5.000001917816107948e+02,3.333333333333333148e-01,1.290970371170514496e+06
5.537319188538973217e-05,8.246211251235321164e+06,1.935991974583434314e+07
6.548335896200947401e-03,4.275013338735511206e+04,0.000000000000000000e+00
6.892566181876333420e-05,4.533793142114898190e+06,1.246368990052852035e+07
1.741724478554565110e+02,9.749507370537734419e-01,1.740724478554565167e+02
1.097376271533375325e-04,2.301841963787039742e+06,9.183785079260852188e+06
5.649795126705767668e-05,7.464192324214007705e+06,1.802499347971906140e+07
3.981652788269695975e+02,4.190762954466846213e-01,3.558466846504085697e+06
2.179933148608601066e-04,1.087613073410269804e+06,5.005254842851179652e+06
5.675794730216142229e-05,7.315244021266597323e+06,1.776486842991907150e+07
5.708419643557541788e-05,7.135297978648741730e+06,1.744331424717319012e+07
2.347636070258038501e+02,7.114613195850398863e-01,2.926697220347770490e+06
5.796142336183992541e-05,6.702601482444548048e+06,1.673287358925027773e+07
2.054836956537828030e+02,8.143375301077626638e-01,3.210803458008988760e+06
3.554353880639284853e+02,4.692019874146613478e-01,3.983341339624722954e+06
1.097517290552490327e-04,2.707985746117340866e+06,8.035450588711105287e+06
9.166178396688992938e-05,2.771612202351442073e+06,1.100400146114013530e+07
6.761480487753653435e-05,4.409842539363023825e+06,1.310790453338418528e+07
3.056836606683864943e+02,5.486964941436515142e-01,5.821672124584120465e+05
4.294563934069336142e+02,3.884129347120022779e-01,4.293563934069335915e+02
8.627434020218815135e-05,3.927902791437500156e+06,9.617168301537573338e+06
1.376957561383186146e+02,1.218171064388553937e+00,2.372572147838296834e+06
4.006955736526680769e-04,4.535642020103301620e+05,8.308481650589506142e+06
4.210657544760117036e-04,7.277288045745590935e+05,1.890249254999529570e+06
5.586307916683713845e-05,7.888556028196510859e+06,1.873217254486638308e+07
6.636601988296542641e-05,5.204871548321033828e+06,1.288701411740126088e+07
6.468779475068211788e-04,4.634397774867991684e+05,1.188656157001756132e+06
6.128770190291201109e-05,5.557300191794068553e+06,1.489067858564576507e+07
5.744017968060534753e-05,6.951947249689008109e+06,1.714730794252189621e+07
9.298824796755684563e-05,2.954168129420570564e+06,9.836111244894381613e+06
7.288057811025585415e-05,4.103934790170239285e+06,1.187701635264780000e+07
2.985117871769617454e-04,1.246942980177851859e+06,2.512993850006305613e+06
6.234316123097645521e-05,5.951305843566964380e+06,1.431870921085012332e+07
8.023583725255152956e-05,4.223682055293509737e+06,1.003292342949154228e+07
6.204476921085823500e-05,5.372165628828710876e+06,1.458619000932785124e+07
1.945670538945695890e-04,1.674103628235639539e+06,4.155996240862696432e+06
5.954130945599531833e-05,6.077413921246286482e+06,1.572195156238818727e+07
5.902272107719448724e-05,6.267185852060187608e+06,1.601815550804284029e+07
3.643368650769932628e+02,4.574730905101982437e-01,3.642368650769932401e+02
4.156958356227446529e+02,4.012764402341068570e-01,4.155958356227446302e+02
1.274100696154074615e-04,2.103088314090150408e+06,7.431962541117382236e+06
8.856704879939365153e-05,3.029531206242057029e+06,1.059831649276965484e+07
5.099898679959740377e+01,3.282510687518672476e+00,8.335271348525146022e+06
6.007737844686604977e-05,5.898291864278565161e+06,1.543618670409962162e+07
5.547734364000144825e-05,8.163838633650593460e+06,1.921796274373378977e+07
8.280663002314654717e-05,3.564696979365943000e+06,1.045899175533141382e+07
6.068799724773157444e-05,5.850829731002620421e+06,1.510690756402925029e+07
2.054836956537828030e+02,8.143375301077626638e-01,3.210803458008988760e+06
1.392936509815078175e-04,1.588558348752735415e+06,9.172675101734427735e+06
7.164354837087273632e-05,5.627637211656418629e+06,1.166926044554508850e+07
1.379069244936270593e+02,1.214722521542411116e+00,2.690467890573310666e+06
5.929314970128444600e-05,6.176861179494228214e+06,1.587178400444605388e+07
9.983884851167502744e-05,3.221932309574197978e+06,8.554253311408866197e+06
3.341426019600150426e+02,5.182651148737276170e-01,3.340426019600150198e+02
2.784615765734006526e-04,7.277288045745590935e+05,6.079674111649823375e+06
6.380444852873401170e-05,5.041036399807837792e+06,1.398645346577871218e+07
5.736063829693312385e-05,6.997966306555389427e+06,1.720882487408326566e+07
6.380172907485389604e-05,4.993357236208894290e+06,1.400998825724822283e+07
6.568663142260270163e-05,4.750815355057296343e+06,1.348933685711539909e+07
1.525224101334330079e-04,1.591195812678697053e+06,6.942483462190579623e+06
2.179605154888708682e+02,7.790606094069357779e-01,1.069076039986436081e+05
2.731458763297351311e+02,6.116710126003688242e-01,2.730458763297351084e+02
1.194374715288868744e-04,2.084954477617047960e+06,8.631453867828007787e+06
1.512409049587445735e-04,1.629397281493099872e+06,6.834079160314425826e+06
7.673104672812673340e-05,3.768032853301411029e+06,1.143439233138520457e+07
3.449128161967397546e+02,4.832355744794226138e-01,3.448128161967397318e+02
6.451954664797890056e-05,4.883008414370615967e+06,1.379208958880837634e+07
8.771322192920846849e-05,3.110968556972257793e+06,1.050766988550797291e+07
7.849360954898066214e-05,3.654553342157066334e+06,1.126152861776291020e+07
1.847488990170835293e-04,1.101708909726578044e+06,9.318379597460327670e+06
5.537473885786897964e-05,8.246211251235321164e+06,1.935868230321262777e+07
5.537319188527195393e-05,8.246211251235316508e+06,1.935991974592856318e+07
3.407722796992147209e+02,4.892142430840868972e-01,2.248013516226944979e+06
1.820035878382570331e+02,9.160161446025304466e-01,1.819035878382570388e+02
5.771438277092852940e-05,6.798092736947314814e+06,1.690411353935003653e+07
5.848569968640058105e-05,6.469170066455077380e+06,1.634818064282629453e+07
2.857794840985739029e+02,5.845631988889139485e-01,5.205196772335167043e+06
3.428366587710925018e+01,7.149124880063063792e+00,3.418366587710924875e+01
7.176582951948083005e-05,4.106411073232651222e+06,1.231247084342161193e+07
5.711586374510278308e-05,7.099220112946252339e+06,1.740480618269374222e+07
5.822847299683233334e-05,6.612726356518095359e+06,1.653523889777101204e+07
6.706338113208299490e+01,2.485494866909726763e+00,1.340139943120989949e+06
1.087181275497813634e-04,3.534535539498174563e+06,7.399578767001358792e+06
6.630139222058054570e-05,4.583113780600897968e+06,1.337539457469424792e+07
3.938793651580193682e+02,4.234495098785432399e-01,3.937793651580193455e+02
9.560988911027467469e-05,2.585372142422966659e+06,1.087699198946838826e+07
2.697237830845051008e+02,6.286413842225154758e-01,4.945235208944741637e+06
4.365472286233873547e+02,3.827221777372055156e-01,2.690059698794737924e+06
4.852551062970114778e-04,5.102001258911282057e+05,1.991294145200624131e+06
6.306269616543875938e-05,5.484741400491390377e+06,1.405808857572202571e+07
1.105395857683571527e-04,2.179717782114180271e+06,1.000227108004139178e+07
2.861571223079868633e-04,9.819031004219910828e+05,3.070728983406552114e+06
4.780840616469311612e+02,3.502006008989873020e-01,1.835576673749204492e+06
4.434890491927909011e+02,3.758762935815659900e-01,2.244018271498502232e+06
1.678417121546062901e-04,1.241211075317311566e+06,9.572654465875655413e+06
6.322695909368602910e-05,5.129621739973394200e+06,1.418229881227050349e+07
1.208665088396875831e+02,1.381853226718896099e+00,2.894701143585847225e+06
3.208094344123551878e+02,5.218620369176935059e-01,2.446456101069654338e+06
7.666393807553879153e-05,3.731518952301868238e+06,1.154197871713572741e+07
3.793756840061153071e+02,4.441696906110751408e-01,3.792756840061152843e+02
7.274726024576168109e-05,3.879311707001584582e+06,1.234145019017304853e+07
3.294235457852223757e-04,7.029372180455552880e+05,3.430275229065828957e+06
5.562741658499091715e-05,8.045591861177272163e+06,1.901391977103091031e+07
5.625497444689263630e-05,7.605384710810801014e+06,1.825969721264341846e+07
1.305215569915144442e+02,1.277438047897280882e+00,6.904718225455341861e+06
5.602683633592150545e-05,7.756659005558056757e+06,1.851867336594558507e+07
4.669322403489738349e+02,3.571349808829611394e-01,1.832841545877117198e+06
6.656679936271111403e-05,4.912969344813520089e+06,1.295625858995432779e+07
6.761590073290770311e-05,4.413032607958232984e+06,1.309725426350064576e+07
8.269168102937685203e-05,4.265235069818270393e+06,9.618788110299732536e+06
5.562869714395450636e-05,8.045591861177272163e+06,1.901292191484843940e+07
9.616671334153922661e-05,2.560812274622632191e+06,1.089429065791757032e+07
1.631541299744038967e-04,2.397809039567864034e+06,4.799460290500439703e+06
3.045942864496113884e+02,5.473769582411988077e-01,2.244034064022877719e+06
1.446527811677122770e+02,1.154629461071909668e+00,6.618396482741919346e+06
2.854611590414784291e-04,9.982931679531462723e+05,3.046676925232547335e+06
5.656112574199538453e-05,7.413075572922884487e+06,1.793428989448031038e+07
2.901420271058022990e+02,5.747147074985728965e-01,2.900420271058022763e+02
2.082080306897763592e-04,1.729841428356658434e+06,3.777592477594394237e+06
2.385514139224771180e-04,1.498060129251116421e+06,3.275949634191907011e+06
2.337138343741998199e+02,7.161262413635158808e-01,2.879936095664307941e+05
3.097357452520720926e+02,5.389038998694994920e-01,3.480145854015495628e+06
9.204320644912799310e+01,1.835078451098141938e+00,6.165264288716731244e+04
8.607673624231467987e-05,4.550918822533093393e+06,9.293476990703640506e+06
5.695411689661655633e-05,7.186082888972165063e+06,1.755172842664163560e+07
6.162656505350548705e-05,5.493935112063106149e+06,1.475225728186104819e+07
1.068843284750939420e-04,2.312534714604138397e+06,1.023082622731499560e+07
4.087510713061875549e+02,4.085731452603038050e-01,8.310867211993318051e+06
2.193285341511906950e+02,7.605691042042443950e-01,2.192285341511907006e+02
2.043123086938252584e+02,8.174757092565102523e-01,6.618456142269445583e+06
5.685204623747609136e-05,7.276328777471748181e+06,1.766284231375923753e+07
5.537319189004961956e-05,8.246211249513152055e+06,1.935991974727290869e+07
3.768655806303615918e+02,4.441111673867056964e-01,3.146087651047960855e+06
1.677395010588082151e-04,1.311701488598328084e+06,8.039012092966570519e+06
1.217758355127327764e-04,2.447229662476580124e+06,7.002388533909153193e+06
5.883576830387873054e-05,6.322497104368051514e+06,1.612119437958615832e+07
1.381167210555906734e-04,1.599099489271401195e+06,9.661183610444083810e+06
3.331495545203491702e+02,5.020014194184175826e-01,6.725943417432790622e+06
6.815282744257724549e-05,4.354648556446515024e+06,1.298299730495241098e+07
1.109398660837446280e-04,2.239025622161076870e+06,9.286254748498061672e+06
5.986290904339339322e-05,6.003859194015052170e+06,1.554363542055646889e+07
1.343732779753898808e-04,1.663513179105866468e+06,9.821952204064179212e+06
1.315493375774462047e-04,2.576263926858226769e+06,6.223326510900013149e+06
2.712379823918949022e-04,8.486811853699358180e+05,4.237244567288473248e+06
1.063521923647741622e-04,3.066567973617844749e+06,8.181919874950034544e+06
4.942802941324686117e+02,3.379155905772865398e-01,4.742522991424592910e+05
5.758390159186203448e-05,6.881424456713265739e+06,1.704974718749076128e+07
7.401562165784288084e-05,3.800483739970067516e+06,1.214062926888993941e+07
9.173467694529443861e+01,1.821726054775867798e+00,1.328774540258196881e+06
5.702737299053043762e-05,7.145692130040468648e+06,1.748423941527225822e+07
1.550902054280076641e+02,1.081099009619769014e+00,5.710909109538400546e+06
1.063633479209499420e-04,3.468076432984314393e+06,7.686475171791967005e+06
8.184838944235216598e-05,3.346205975128910970e+06,1.143485561652166024e+07
5.629742512719269247e-05,7.615497481023021042e+06,1.823581046203828603e+07
2.712379823918949022e-04,8.486811853699358180e+05,4.237244567288473248e+06
2.334856184122706111e+02,7.184303971489727214e-01,4.761519021598782390e+06
5.900855221843749089e-04,3.335103274110978236e+05,3.313932482005003374e+06
6.484868664137914607e+01,2.636742115599058245e+00,3.474948477576783858e+06
1.878362139073669255e+02,8.932742029974065634e-01,1.217047006344255351e+04
4.731120444581798097e+02,3.527389481464438536e-01,2.617350811117935926e+06
3.279437313600516291e+02,5.100779144679932209e-01,6.272014194343835115e+05
1.320729801229457814e-04,2.119391337857914157e+06,6.804418970505212434e+06
6.315536395236580455e-05,5.156282594194782898e+06,1.422388955802641995e+07
6.481277294433156156e-05,4.938077848538637161e+06,1.372880240657980740e+07
6.376892986128816407e-05,5.037345625839656219e+06,1.403012150975038297e+07
6.538255989901983929e-05,5.615820686223014258e+06,1.314293811590618081e+07
1.274180836778247681e+02,1.310677259178193665e+00,8.511424608782321448e+05
5.561219747467741379e-05,8.057213655764658935e+06,1.903391674275345355e+07
6.038112581838415711e-05,5.946004177974981256e+06,1.528226575777280703e+07
2.820304507330923229e+02,5.944233760989571236e-01,2.495980094909603242e+06
6.158044791872923729e-05,5.512283220297834836e+06,1.474705265567228943e+07
7.139991680774739416e-05,4.078375282731792890e+06,1.239941403244678304e+07
7.619038222371745327e-05,3.623890716761523858e+06,1.198644183060935698e+07
3.102255020978414564e+02,5.374619490904406494e-01,8.222144681185430847e+06
5.652159955766179468e-05,7.440636016931363381e+06,1.797674220747588575e+07
4.993989605829752350e+02,3.337374149531503464e-01,6.717815155691620894e+06
6.622738741026137021e-05,4.697965248506570235e+06,1.328863652178220823e+07
7.723984306367763606e-05,3.570261089754112530e+06,1.186608559527425654e+07
1.538134095058839518e-03,1.269200852231992612e+05,8.729531510291742161e+06
1.065662385341392817e-04,3.324034255197373219e+06,7.848265005987363867e+06
3.261698604643552546e-01,5.600427920113716027e+02,3.765488819292439613e+06
5.580996473745315290e-05,7.909805012459166348e+06,1.878071352688177675e+07
1.068155254774628797e-04,2.219120124689763412e+06,1.046010857860918716e+07
5.583704365976771013e-05,7.890212497577753849e+06,1.874713129335720092e+07
3.091166900083309201e+02,5.393898435968605964e-01,8.222143572373341769e+06
1.438626688441291037e+02,1.167208288117372650e+00,1.437626688441291094e+02
1.647857198633307974e+02,1.014100642864978363e+00,8.200811758084123023e+06
6.964555962614340113e-05,4.237895275378366001e+06,1.263331325224654749e+07
6.042455464446269193e-05,5.791706357335727662e+06,1.525962964431036822e+07
6.260163225587184958e-05,5.269354565646952018e+06,1.436596128299185820e+07
6.077176767827360230e-05,5.755079305907617323e+06,1.508282424950421229e+07
4.157418063734629084e-03,9.597258133433450712e+04,0.000000000000000000e+00
5.588135241497437541e-05,7.870139171756378375e+06,1.870029897881186754e+07
5.529477445140322696e-04,3.860564835403586039e+05,3.263695036210473627e+06
5.710943461607564356e-05,7.101732329711928964e+06,1.741018795801301673e+07
1.224625729180888053e-04,3.588598762641026173e+06,6.475311328439054079e+06
3.483326931970919418e+02,4.813061461948697772e-01,3.482326931970919190e+02
1.176809550908080481e-04,1.938475343078902457e+06,1.022760459132448770e+07
5.568669184354165230e-05,8.012957425580559298e+06,1.894523985011255741e+07
6.332542329671642556e-05,5.118374244553794153e+06,1.412563040454548597e+07
1.026756497412151816e+02,1.686348006499202246e+00,1.025756497412151873e+02
6.045498020114814118e-05,5.811622638518617488e+06,1.523784903372284025e+07
1.423676116357748382e-04,2.192374372104102746e+06,5.859281623630104586e+06
6.490766729348883724e-05,4.800161288739765994e+06,1.370273099105418846e+07
6.495315028469835283e+01,2.645838816023247553e+00,1.180469936738039833e+06
2.424519888628641695e+02,6.889315796099084732e-01,7.461685779698183760e+06
1.121904670156159120e-04,2.090946911412292160e+06,1.049766207603758201e+07
2.783665354822400357e-04,6.767263211359685520e+05,8.854021919202413410e+06
4.715319101029796550e-04,1.180949476792824222e+06,1.658354536909589544e+06
6.431219314325842978e-05,4.927611534417106770e+06,1.383670848399475589e+07
5.892495481412946109e-05,6.288678106613950804e+06,1.606602606729997881e+07
5.811079612490348696e-05,6.618626227276722901e+06,1.660683846666197106e+07
6.108124414992344348e-05,5.609934846628786065e+06,1.496322400056727976e+07
8.888076790908552480e-05,4.531018338563665748e+06,8.913621639499293640e+06
4.760134397751432402e+02,3.514629404339617014e-01,7.862969671599938534e+06
5.668033370457473510e-05,7.404943243821529672e+06,1.784569693378625810e+07
3.433535920357987834e+02,4.942852157634529675e-01,3.432535920357987607e+02
1.305106971228894395e+02,1.278368881234805743e+00,2.832353610623887740e+06
5.547315142711411600e-05,8.167112289518561214e+06,1.922184060808161646e+07
5.778527410168467161e-05,6.764927516262349673e+06,1.684910197512308136e+07
7.320150077365487646e-05,3.842803208207120188e+06,1.231096606802869216e+07
5.861292341328387391e-05,6.409399076402152888e+06,1.626318170946221426e+07
5.688281044044604418e-05,7.225785893427778035e+06,1.761846767526128888e+07
5.752398815272737975e-05,6.889773391583637334e+06,1.705617112490412220e+07
1.435704248544255677e+02,1.160872648335553148e+00,7.525423840529612266e+06
5.837704212321859622e-05,6.505200734923506156e+06,1.642032617427564599e+07
9.919450559591937850e-05,2.581420806633058004e+06,9.989189095476239920e+06
2.783577167279114519e+02,6.030132026237369214e-01,2.782577167279114292e+02
4.840695899520225127e-04,1.142359496506140102e+06,1.615016220530007267e+06
5.892343274455972590e+01,2.852185688346530412e+00,7.989190311965958215e+06
5.623366591163884802e-05,7.618402910313324071e+06,1.828280086844619364e+07
8.163469567438655762e-05,3.517692810369913932e+06,1.087754926770983450e+07
6.485710037548490737e-05,5.327783248777199537e+06,1.341605709083361365e+07
2.035357417876294539e-01,9.056594647060894658e+02,2.141845984425136354e+06
9.411311370666719490e-05,2.774870989895189181e+06,1.030889302427508309e+07
4.629182583780664118e+02,3.635043333484652139e-01,8.221416670006085187e+06
8.967130923046747457e-05,3.682033485653929412e+06,9.055840472775362432e+06
6.617786153520201177e-05,5.068091251202299260e+06,1.302805899180557579e+07
2.934941955135624880e+01,5.892128052683538009e+00,5.106621677407059819e+06
6.906234532305188887e-05,4.231180071193650365e+06,1.285744115926861763e+07
6.779540307015356149e+00,2.564876540544240413e+01,3.896686944284307770e+06
1.057801672091434025e-04,2.370043296468224376e+06,9.667876257960043848e+06
8.494118354748921799e-05,5.237582216305215843e+06,9.379284888334844261e+06
5.674197355394691586e-05,7.319498986484904774e+06,1.776006585224250704e+07
7.444643170084118368e-05,4.122515132372642867e+06,1.137164557355714962e+07
6.154690036336957736e-05,5.522811322401522659e+06,1.475711883744562790e+07
1.435696794089218429e+02,1.160889546068263556e+00,4.736128882181148510e+05
4.543589851882128862e-03,8.995817798004781071e+04,0.000000000000000000e+00
5.537319190074368157e-05,8.246211247068088502e+06,1.935991974605283886e+07
2.219447275279663074e+02,7.538760596576389306e-01,1.577517302740387386e+05
7.325658709461991300e-05,3.936947454489379190e+06,1.208180378732305765e+07
5.729058277005020952e-05,7.007918882085004821e+06,1.725284757381825149e+07
4.240223493327648612e+02,3.933019785018664338e-01,1.424645531986521790e+06
5.643042439680814241e-05,7.494432300739525817e+06,1.807179459610169008e+07
6.080578575642338541e-05,5.710604829710337333e+06,1.507575957792659104e+07
7.632363017238686905e-05,3.620869912288486958e+06,1.196783509384780563e+07
9.943694120537274219e-05,2.445605784885591362e+06,1.074658878106232546e+07
8.341432691197228166e+01,2.006435510002493761e+00,2.266005293947868980e+06
5.569689932630873228e-05,8.002024712006736547e+06,1.893854431362041458e+07
5.907170498424267244e-05,6.244595951020961627e+06,1.597760639308688045e+07
6.069976649330857134e-05,5.709567437174095772e+06,1.513241783890730515e+07
6.831556038041897399e-05,4.395531249831281602e+06,1.287297133686588518e+07
1.409994109324727560e+02,1.182144235237481800e+00,8.105128202224443667e+06
6.196785248477588396e-05,5.380787956463734619e+06,1.461229464651267603e+07
3.115839196436515408e+02,5.602541141977733785e-01,3.114839196436515181e+02
6.620381667286022714e-05,4.642392456462390721e+06,1.334209490646941774e+07
6.649474121920968491e-05,4.553393561559478752e+06,1.333944016370793059e+07
5.823378371141496780e-05,6.566479692263167351e+06,1.652053116781171970e+07
9.484143187940881771e-05,2.699451169188338332e+06,1.084430750202201679e+07
3.440762566251230788e-04,6.696703818801700836e+05,3.269207942730845883e+06
2.011972786943286451e+02,8.382795301285336231e-01,5.962744109649020247e+06
5.550937868615026785e-05,8.155861919763564132e+06,1.918534588882338628e+07
5.614701669406963906e-05,7.682200971062311903e+06,1.839124031860546768e+07
8.912259914399274408e+01,1.870367185087044692e+00,2.070005398968563881e+06
3.869718527054611741e+02,4.307166756736146018e-01,8.324112824187286198e+06
1.930763538724155239e+02,8.665901991638864654e-01,7.159242710739646107e+06
2.551420116570828284e-04,1.056703308516353834e+06,3.769332435498770326e+06
9.081111258078988682e-05,3.423746269474243745e+06,9.435986978049345315e+06
2.392573808097803731e-04,8.367493115907950560e+05,7.471336535491048358e+06
1.367196987866056636e-04,2.152724289713586215e+06,6.424338249799778685e+06
1.208530463503509694e-04,1.898132662200395716e+06,9.767295519680149853e+06
1.254673215476424450e-04,2.402385030547948554e+06,6.713674082894936204e+06
4.362332597278704592e-04,4.434223586645307951e+05,4.703519054601080716e+06
1.386008218489693665e-04,2.101850886174706742e+06,6.373464846260898747e+06
4.535682545859626202e+02,3.675094305554578722e-01,4.534682545859625975e+02
8.438816949165895429e-05,3.098996255163399037e+06,1.148046416787800565e+07
6.409783775138660621e-05,4.937922827511319891e+06,1.392321071569872648e+07
1.850834506275331485e-04,1.254572215717296349e+06,6.154717439676485024e+06
4.048752951638475110e+02,4.132256138860930239e-01,7.675949150377866812e+06
1.569683352636701841e+02,1.071072350324358435e+00,8.351661962361861020e+06
4.859162301501429511e+02,3.471746591548762750e-01,4.954545924391843728e+05
1.784434850609883085e+02,9.386947514507367751e-01,2.653317881192459259e+06
6.934726790120524669e-05,4.272969136085575446e+06,1.269185226828165539e+07
6.441467512525178856e-05,4.882484617222269066e+06,1.383935037105400860e+07
5.969391478983186988e-05,6.021982318480799906e+06,1.563443111262629181e+07
6.391352541640783324e-05,5.182315150925181806e+06,1.395357591735037044e+07
1.869161145487093023e+01,9.758258414281090865e+00,4.556782483751349151e+06
5.849239222471862764e-05,6.458826692737259902e+06,1.634360187092097104e+07
7.283830963847665236e-05,4.186705742525918875e+06,1.170754451622795686e+07
3.353402782433693687e+02,4.972112294340887972e-01,7.755663639675493352e+06
2.692556895091977130e-04,7.650318329366692342e+05,5.766122660667870194e+06
8.170327522921971581e-04,5.407767519392662216e+05,8.365509402940433938e+05
1.140433021349976904e-04,3.052424134808639064e+06,7.301817035474026576e+06
1.307367211754072116e+02,1.274941289044980275e+00,8.105117939534686506e+06
9.782946163386888827e+01,1.715994658517238980e+00,3.503511041962620802e+06
2.567387342447481728e+02,6.516041796482267001e-01,2.708967094062815886e+06
1.064772235477415632e-03,5.973111779606601922e+05,6.932031735996578354e+05
2.504817459311568925e-04,1.099460966015173588e+06,3.840545096285698470e+06
1.313325541913415082e-04,1.699509212136710063e+06,9.517491308360103518e+06
4.266280082448251960e+02,3.923981847695106606e-01,7.616411002121821977e+06
2.564148936968753674e+02,6.531120165734101146e-01,4.363520485793643631e+06
8.348727345075103814e-05,3.352729889654417522e+06,1.102074266195233725e+07
9.699790246542112016e+01,1.744279013090453301e+00,3.532579499707625248e+06
6.703802192909088251e-04,2.836840525972666219e+05,7.293720656143089756e+06
5.537319188798811077e-05,8.246211250043224543e+06,1.935991974733187258e+07
5.538211922669429219e-05,8.246211250093490817e+06,1.935278238173881918e+07
6.107024341295115501e-05,5.613416286407819949e+06,1.496772847636604682e+07
6.986125258300588965e-05,4.146439483086445834e+06,1.272901916269057430e+07
5.784865031388503704e-05,6.746396063112316653e+06,1.680338174928404763e+07
2.379024782930395929e+02,7.005750340781146113e-01,2.378024782930395986e+02
1.089988558045229398e-04,2.974434122461232822e+06,7.753218163184609264e+06
1.268998008191775853e+02,1.357062760182051964e+00,1.284805238986403681e+06
5.905186646066842615e-05,6.241733665902769193e+06,1.598911354367377982e+07
5.723075097815334683e-05,7.040626610504287295e+06,1.730419774583036453e+07
5.651897861675024754e-05,7.439749723667056300e+06,1.797812353605395555e+07
1.083165909255736216e-04,2.203039497943209019e+06,1.016401291598962434e+07
1.354260807550735951e-04,1.982459938773766859e+06,6.944177121014297940e+06
8.101527478619280570e-05,3.363129276331068948e+06,1.159971329517481290e+07
1.842672887866131362e+02,9.045572445335325895e-01,7.396914588057545014e+06
9.734818227009913697e-05,2.621064612400910817e+06,1.027563074250513688e+07
4.777667532047951227e+02,3.488466252375103660e-01,6.709273945296823978e+06
6.389042518302613227e-04,3.615498623653854593e+05,2.446287133580413647e+06
3.398706455050692625e+02,4.919445831536383706e-01,1.721907620511397021e+06
5.858086801106369968e-05,6.488007714908754453e+06,1.629293722926819511e+07
4.419658267226197253e-04,4.365230344852799899e+05,5.561161900398237631e+06
5.651885210487333177e-05,7.439749723667056300e+06,1.797821416450729966e+07
7.423506904075718440e-05,4.583123189070113935e+06,1.097966230871832184e+07
6.045489412010961725e-05,5.785176964416885749e+06,1.524394156281817891e+07
7.134026774578862548e-05,4.002064611092640553e+06,1.251781512496977486e+07
1.729702333723180988e-04,1.885905737780358642e+06,4.611428564973480999e+06
3.143070105392444589e+02,5.329288213389069551e-01,3.142070105392444361e+02
2.707714304429902248e-04,1.056281791048097191e+06,3.452074705762858503e+06
6.355805702293191228e-05,5.039384979171098210e+06,1.407996853932645917e+07
3.008555961623069948e+02,5.626547037893759873e-01,3.007555961623069720e+02
7.339485188478338652e-05,3.829913556657606736e+06,1.229250310355687700e+07
7.637516876504103891e+01,2.182942602657193198e+00,6.088944769073152915e+06
6.215165307713643229e-05,5.338816412391413003e+06,1.454392771045634896e+07
2.542872545857742068e+02,6.590596235450438822e-01,2.708288580682089087e+05
2.776340325482668163e+02,6.004877059544264650e-01,3.130313138641666621e+06
8.873779988381884950e-05,5.228185767852825113e+06,9.008392150385662913e+06
2.123524776746072145e-04,1.676849729282675311e+06,3.836049297211359255e+06
1.044298304533552383e-04,3.623109360857830849e+06,7.484049399688243866e+06
7.622649271320954532e-05,3.918394383590453304e+06,1.124659514347175509e+07
5.690978984837582490e-05,7.213781133006772958e+06,1.759444374035187066e+07
1.062393646073591400e-04,2.266531051170532592e+06,1.026852985500906780e+07
7.545021988711124970e-05,4.448724950693964027e+06,1.079565275952885300e+07
6.460306073927150016e-05,4.883816971113130450e+06,1.375007558001873828e+07
8.447055789083587343e-05,3.106246713781265076e+06,1.141075257827077247e+07
6.744796346768779927e+01,2.471869951042616531e+00,8.295313515658047050e+06
5.690960450415548643e-05,7.213781133006772958e+06,1.759457210267588496e+07
6.511634599905870020e-05,4.795542742611238733e+06,1.361765034021033160e+07
6.927459085938179493e-05,5.489891799083053134e+06,1.209220627713381872e+07
8.833356286140195834e+01,1.892796575979427187e+00,8.332294920333161019e+06
8.279762898237090745e-05,3.202892887278377544e+06,1.151061200067083351e+07
2.192283729218717667e+02,7.665658303669417029e-01,2.191283729218717724e+02
1.626075746200838796e-04,2.504976022938219365e+06,4.823599964453600347e+06
2.451256211330717864e-03,6.968417759268815280e+04,5.823784372415270656e+06
3.019250821317110800e-04,6.753297048297595466e+05,5.799968570742717944e+06
3.247745387237925456e+02,5.250808622041071017e-01,3.246745387237925229e+02
3.159167810887861141e-04,8.591455859092642786e+05,3.255570284162127413e+06
6.006386708570417163e-05,5.961485066181126051e+06,1.542573648256305605e+07
7.796216305447958286e-05,4.394528500723312609e+06,1.032904497426630929e+07
1.414784760372343470e-04,1.577218817413191544e+06,8.824523764392763376e+06
6.384960843594143180e-05,5.022344055181576870e+06,1.396087082492195070e+07
7.527441651306771323e-05,3.684239716942579485e+06,1.214682926384184882e+07
5.730607112163748695e+01,2.909555356027416106e+00,2.732419375670702197e+06
4.518376828909569554e+02,3.688677194790985769e-01,7.124338031039790250e+06
5.964551980811055892e-05,6.054813338253037073e+06,1.565026722691287845e+07
2.692622551681299115e+02,6.229450126082756167e-01,7.904059104050775990e+06
3.331977286850273572e+02,5.026114274822071071e-01,3.504417525744154700e+05
2.831224296754814647e-04,1.148153046962654684e+06,2.880981030329569243e+06
1.996631088173875441e-04,1.578585977339721285e+06,4.210948146939301863e+06
4.279758970801580631e+02,3.894385445733702378e-01,8.016851364263928495e+06
2.385375504672315472e+01,7.014747153933877932e+00,2.344654885449880094e+05
6.676077082591727390e-05,4.679916679943846539e+06,1.307668895190401375e+07
5.360345850569886092e-03,6.015209841318174585e+04,0.000000000000000000e+00
5.537319188063814161e-05,8.246211251235316508e+06,1.935991974963561073e+07
5.537380262746523652e-05,8.246211251235321164e+06,1.935943117327380925e+07
8.893127253984807706e-05,2.926242014753443189e+06,1.101790362538585998e+07
3.532905403695884274e+02,4.725769963495978776e-01,1.482425681849950925e+06
1.601780957392466868e-04,1.544069350830029929e+06,6.427900400303574279e+06
2.066309809054302780e-04,1.077516521281423979e+06,6.011349254242222756e+06
6.221256412754855509e-05,5.324033268102030270e+06,1.452231600196905062e+07
2.005390182440059164e+02,8.514512217257730331e-01,2.004390182440059220e+02
3.757515867193505983e+02,4.445984547712474311e-01,3.756515867193505755e+02
9.981509261280129052e-05,2.474259137234002352e+06,1.047591895921221003e+07
5.587627674419321346e-05,7.871018062801414169e+06,1.870617268887474388e+07
5.961484428691756160e-05,6.043802311656475067e+06,1.566864594796749577e+07
1.463472916452543870e+02,1.138864304502548386e+00,1.462472916452543927e+02
3.222070257107275738e-04,7.903326565579527523e+05,3.524096977892336436e+06
2.419058520398789724e+01,6.914947326537128625e+00,8.184694958340160549e+06
5.554398503920890553e-05,8.118428864601042122e+06,1.913151990823151916e+07
8.204518500869433240e+01,2.044499207290010112e+00,8.349342956859539263e+06
6.358935072322454145e-05,5.033669313675904647e+06,1.407028636139310710e+07
1.241387751783130423e-04,1.806388529255621368e+06,1.003837847182577103e+07
1.930012242142755546e-04,1.953104093648494920e+06,3.996179925495285541e+06
5.642296051990511872e-05,7.497662728464323096e+06,1.807775493627974764e+07
1.777675366442656752e+02,9.450619824390035228e-01,7.313770728348401375e+06
3.256072186567598692e+02,5.146719759069682265e-01,6.105626776597843273e+05
1.125879622792996034e-04,4.492839137869507074e+06,7.227411615618316457e+06
1.217748660455264513e+02,1.401548018250612815e+00,1.216748660455264570e+02
5.638160355380774963e-05,7.539643514438739046e+06,1.813054389734297246e+07
7.502300338956631367e-05,3.742388366295795888e+06,1.202931055395092256e+07
5.715042357247602362e-05,7.080499410984270275e+06,1.737520951081811637e+07
7.690887020204242614e-05,3.602477107336779125e+06,1.188957598898670450e+07
3.284165303386430423e+02,5.080942191839448174e-01,6.095003538758030627e+05
6.568986803140420237e-05,4.672023050565543585e+06,1.351878672111546993e+07
9.834901171758839666e+01,1.757950537690627701e+00,9.824901171758840235e+01
6.994282828190221475e-05,4.138958642951591872e+06,1.271479132237223536e+07
1.319560734347319055e+02,1.263122221174190374e+00,1.446902641056583496e+06
5.759078408058443827e-05,6.857524713397464715e+06,1.700220144096302241e+07
3.718253647258460944e-04,6.055115951225613244e+05,3.182009234552031849e+06
4.730506652644087495e+01,3.583238400932096113e+00,8.293036683936294168e+06
2.191846277845480984e+02,7.707606798179198471e-01,2.190846277845481040e+02
1.847781329579575491e-04,2.015364175422648434e+06,4.245671209737129509e+06
2.411716214079378346e+02,6.914360247751899502e-01,2.410716214079378403e+02
6.087704643069111296e-05,5.684657324137380347e+06,1.507085620481238700e+07
1.600973768921649877e-04,2.602016867322612088e+06,4.810417448347847909e+06
4.733995172321254553e-04,3.826428959936205065e+05,8.575632374863388017e+06
2.412825736704336634e+02,6.908448764568229095e-01,3.584744741530693602e+06
2.799449018559901106e+02,5.986488078868602569e-01,6.105284275642562425e+05
1.303761883001136471e-04,1.691580321263477672e+06,9.929392059708967805e+06
6.068607519970573710e-05,5.849144753503493965e+06,1.510894676083027571e+07
5.809928552392496556e-05,6.676646874775661156e+06,1.662687533586480841e+07
1.289616821964483506e+01,1.293692039877914013e+01,2.025565228960346663e+06
6.462456866742564542e-05,4.845932159813678823e+06,1.378215889925476164e+07
2.180992090317992904e+02,7.820205315878265839e-01,2.179992090317992961e+02
1.626477191177101711e-01,1.026213407002721624e+03,1.407735845263539115e+06
6.382190777918294385e-05,4.989392939486560412e+06,1.400221579469198734e+07
3.092629838228614290e+02,5.391206460365454145e-01,1.408044945599642815e+06
8.463937305225294845e-05,3.128981247897109482e+06,1.136639377428254299e+07
5.711854114007503539e-05,7.096624064211985096e+06,1.740196243250763416e+07
4.285934141643760427e+02,3.924165743916710469e-01,2.302419143379878660e+05
6.120566391562482281e-05,5.573721805795111693e+06,1.491262210577865317e+07
6.009251813570516470e-05,6.043802257221077569e+06,1.540356489319679141e+07
6.870836902800123841e-05,4.336767462048771791e+06,1.280426717767039686e+07
3.081542378560632756e+02,5.410601831969631403e-01,5.904999249541434459e+06
1.748037748137196536e-04,2.207376726236480754e+06,4.411322769061049446e+06
3.020199836932522305e-04,6.712504910552878864e+05,5.607710745536170900e+06
5.537319188347217833e-05,8.246211250867422670e+06,1.935991974847205728e+07
5.537434045716452420e-05,8.246211250867426395e+06,1.935900096413879097e+07
5.274545699098271735e-03,6.174711025925355352e+04,0.000000000000000000e+00
7.743223233328227866e-05,3.569630539689304307e+06,1.181102814863363653e+07
5.657057037660047881e-05,7.407130541893417947e+06,1.792466467769280076e+07
9.552874515230095774e-05,2.599793275438885670e+06,1.085056052293361537e+07
6.667874054983689435e-05,4.533715677303385921e+06,1.331803228769939020e+07
1.778166925909628994e-04,1.148306526709290221e+06,9.113614159635208547e+06
8.584339077079976320e-05,3.182166828734463081e+06,1.082177968357074447e+07
7.112420390115231563e-05,4.029924626803199761e+06,1.259797617739719898e+07
8.942104277130762384e-05,3.569630539689304307e+06,9.349378461091622710e+06
2.870621411043474609e+02,5.817401317095557411e-01,3.862427574376124423e+06
7.224645128873862632e+01,2.346621720929180199e+00,2.827546850341241341e+06
6.902080988710834557e-05,4.235898139520130120e+06,1.286409675189101696e+07
6.084100909538880546e-05,5.702505333534683101e+06,1.506982879133232310e+07
1.279847525092094181e-04,1.750944000157958595e+06,9.691402612785801291e+06
5.687611533253763055e-05,7.229971463330506347e+06,1.762498221458860114e+07
1.202707062516483631e+02,1.401067976164505291e+00,6.942636162711937912e+06
3.629041669391107803e+02,4.615634679965991971e-01,7.588270269918038975e+05
3.365315917597044404e+02,5.047252618957706050e-01,3.364315917597044177e+02
2.808439688198096631e-04,9.577404200185769005e+05,3.240645789262169041e+06
4.910426697878315849e+02,3.394181513260794425e-01,3.803872526075001588e+03
5.983264750820667215e-05,6.036931763773237355e+06,1.555813136696450040e+07
1.191173872938638951e-04,2.804769414723539259e+06,7.766732451397608966e+06
1.059231586252426069e+02,1.578161879088035624e+00,6.465083612983029336e+06
3.826170636414811383e+02,4.370740613485585291e-01,6.585856928919681348e+06
9.355205106879689936e+01,1.786246847272026761e+00,4.403757093843823299e+06
7.167082681121770804e+01,2.365468516970536061e+00,2.962563389374496881e+06
6.337286415735933389e-05,5.858501224885100499e+06,1.388721668337085471e+07
2.019391900764504726e+02,8.280197430563625005e-01,5.085468786645772867e+06
6.492952519786046313e-05,4.985251551972144283e+06,1.352493285284684226e+07
5.582376624012860865e-05,7.901776406634086743e+06,1.876486498983352259e+07
6.149464620707301794e-05,5.532822804315157235e+06,1.477964683211528882e+07
7.466088191311758709e-05,3.772902297714147251e+06,1.201489438479190320e+07
6.322015496108603094e-05,5.137141358152224682e+06,1.417783762820822373e+07
1.189548923222613825e-04,1.907730846129220910e+06,1.014828149335867539e+07
3.701407063809441667e+01,4.548035753397481784e+00,8.328982466763824224e+06
5.742694164845177449e-05,6.982882651715445332e+06,1.715185721915363520e+07
4.898976164708288006e-04,4.366276157581863808e+05,4.208033242565561086e+06
1.573094922525422135e+02,1.063405640458206847e+00,1.306446580112515716e+06
1.937456203785114894e+02,8.616051952216778886e-01,5.501567751870440319e+06
1.356878661728996072e+00,1.229558954238562052e+02,1.927326320286373375e+06
1.314505024530590447e+02,1.271917238878162770e+00,7.107658932639856823e+06
5.968943421892252733e-05,6.387674392600848339e+06,1.564391560903954878e+07
1.268001605914777436e-04,1.750944000157958595e+06,1.000234628557241522e+07
1.013317168712839830e-04,2.393511497687357944e+06,1.059595844787803106e+07
5.567220994867033809e-05,8.013710991603427567e+06,1.895698213193205371e+07
5.916883011757643042e-05,6.215584624414121732e+06,1.592002793306106888e+07
1.112453114470239070e-03,1.670537094197753759e+05,3.260402931326008402e+06
1.137797452986357777e-04,2.028639633744277759e+06,1.025614204669884220e+07
5.725309409412635375e+01,2.964166664541100449e+00,5.715309409412635233e+01
5.785951231256298080e-05,6.730690686331337318e+06,1.679237656846282631e+07
2.254702663446215070e+02,7.392654495149291183e-01,7.653530232693035156e+06
6.247284721115555373e-05,5.290502074912953191e+06,1.441511038877586648e+07
1.088847569187115157e-04,2.154301897004036698e+06,1.045919200385555252e+07
8.810651922819430753e-05,3.084130940498422366e+06,1.069690071130876616e+07
6.368733318981734538e-05,5.774990799034266733e+06,1.376121864373732731e+07
6.094888506173613271e-05,6.012415764681579545e+06,1.497422307246204652e+07
2.346687336230764555e-04,8.264015498725598445e+05,8.785728755926322192e+06
5.599807209514550180e-05,7.778402344136078842e+06,1.855373281923308596e+07
5.920965219068268014e-05,6.200821250040612184e+06,1.589605660419691354e+07
2.787415555544220069e+02,6.017978120371487716e-01,1.893814378745390568e+05
1.780398801601451055e-04,1.139485769068618538e+06,9.337291769179707393e+06
1.153895981789784386e+01,1.463164835039447098e+01,7.190025656263096258e+06
2.471822022788780870e+01,6.744662392156230091e+00,1.075115762321620947e+06
2.818287338586386568e+02,5.952056413335888863e-01,1.893845250528432953e+05
1.170265488850227058e+02,1.427941070866769024e+00,5.783697278331457637e+06
5.606946370923559576e-05,7.728815136915175244e+06,1.846974210798430070e+07
1.000029161604920706e-04,4.234890529811736196e+06,7.855763735922612250e+06
2.529672443765019807e+01,6.677297110195035579e+00,4.481423933925214224e+06
7.378091984543875225e-05,3.839590904029781464e+06,1.211088679342345335e+07
1.870030978273011897e+02,8.942576412220897275e-01,5.372465931477149948e+06
4.083128961276990481e+02,4.102287677689930856e-01,7.588695878296450246e+05
7.766393645825631596e-03,3.338377671926104813e+04,0.000000000000000000e+00
5.537319188634589007e-05,8.246211251235293224e+06,1.935991974506939203e+07
3.027689010867354725e-04,7.989641278528959956e+05,3.430110033543398604e+06
5.661683465302055495e-05,7.381275992716671899e+06,1.787860660278400034e+07
8.103499495847363938e-05,3.374557113866776694e+06,1.151387217249022052e+07
6.524095142901617072e-05,4.764956588741621003e+06,1.360089990699120797e+07
5.826364898996094148e-05,6.582602988444207236e+06,1.650446940820208751e+07
2.617824290759822361e+02,6.534262894593704241e-01,1.228826020656368928e+06
4.095526603127107137e+02,4.105193516642430263e-01,4.094526603127106910e+02
4.771166431735421725e+02,3.506234209162725213e-01,3.824263265816333704e+06
5.593273205323305428e-05,7.823666066485934891e+06,1.863147867640773952e+07
6.871327908335710946e-05,5.018432549388980493e+06,1.227652119608594850e+07
1.853684271233155755e-04,1.203384940623046597e+06,6.693672158833113499e+06
7.540746525934890175e-05,3.719348110382239800e+06,1.193891247792678513e+07
4.853632539053306232e+02,3.445792094827221375e-01,3.823924364696916658e+06
3.001940946929575915e+01,5.570227270170636125e+00,8.254854382143948227e+06
6.962040781141063197e-05,4.220825784607822075e+06,1.267395977310305089e+07
3.722830177682416775e+02,4.527878079146926971e-01,8.008543291155620245e+05
1.880261086018307536e-04,1.370027247153451899e+06,5.133428015577105805e+06
5.793430701649976585e-05,6.728094284255263396e+06,1.674437337037918717e+07
7.209521552203331874e-05,4.086187813291172497e+06,1.209634459330134466e+07
3.880776899806106712e+02,4.308615273684255897e-01,3.673601349755926523e+06
9.263566752774663013e-05,2.776714625076083466e+06,1.064198343431077525e+07
2.234631320768641842e+02,7.485077402112818579e-01,7.822101882542126812e+06
7.356710570486625579e-05,3.904898046071399003e+06,1.203868652422820032e+07
3.232825400915997420e+02,5.191162454538267301e-01,2.591444329969204031e+06
2.946262635168665724e+02,5.673021034639698090e-01,7.154482839889122173e+06
5.633200192309551467e-05,7.556054624515437521e+06,1.817561289585212246e+07
1.601098268931473285e+02,1.041245164658110900e+00,8.139827057099001482e+06
5.624000458723377437e-05,7.616387512393445708e+06,1.827726426356157288e+07
6.769694419659887390e-05,5.179950681660708040e+06,1.249564760718114302e+07
3.474540906734335972e-03,2.189118297495392326e+05,1.189118297495392326e+05
1.284900036211897040e-04,2.268171509009083733e+06,6.755035647302543744e+06
2.492335419669830824e-04,1.606315982073285151e+06,3.011570226891486906e+06
5.766725177845497983e-05,6.821194192559234798e+06,1.694185444182670116e+07
4.666921480808281899e+02,3.573500051158737256e-01,4.665921480808281672e+02
1.768740525275082973e+02,9.578654445312760890e-01,5.305535210824528709e+06
6.089616970343235836e-05,5.925543427909130231e+06,1.501178429251726158e+07
9.406409632918102709e-05,2.857988309490480460e+06,1.023864460476202331e+07
5.693030691438467970e-05,7.203174969145433046e+06,1.757916142795284465e+07
7.544624840955587385e-05,3.681455052748242393e+06,1.204074196812249348e+07
6.835264827774513723e-05,4.326117597849290818e+06,1.296413186235104315e+07
4.051844353151618066e+02,4.141000188523728531e-01,3.217980243057135376e+05
5.548252251651140401e-05,8.158439863943992183e+06,1.920830058543889970e+07
7.773413007706595579e+01,2.168949737999640082e+00,7.763413007706596147e+01
6.656891013300371505e-05,4.597166049618762918e+06,1.330972002001931891e+07
1.162272842460490178e-04,1.972946383794594789e+06,1.030021331600390002e+07
1.963812362077049158e+02,8.487785712109483516e-01,5.661510215090488084e+06
1.153470276174460552e-04,3.119069931371964514e+06,6.952574060010434128e+06
3.863408006425981966e+02,4.326578334213306842e-01,6.867681027146049775e+06
3.194714036406126638e+02,5.276376676511043140e-01,2.005198709849732462e+06
6.310428427267470624e-05,5.381598988844863139e+06,1.417481590783347934e+07
1.240467947909411883e+01,1.357965932857660363e+01,1.230467947909411919e+01
6.365989041679363694e-05,5.314809024827024899e+06,1.393873510143383592e+07
6.675395972970840056e-05,4.681049793983263895e+06,1.310223539120652340e+07
6.174030452063691225e-05,5.501710477675268427e+06,1.467236663790317997e+07
7.418101079762001390e-05,4.537207062969918363e+06,1.103389527888531610e+07
6.014759785061456681e-05,6.169483484845910221e+06,1.539940584618292004e+07
8.095509357631524845e-05,4.403838227321588434e+06,9.859180180681915954e+06
5.571043578378401132e-05,7.987217030155910179e+06,1.890922021777396649e+07
5.564000046520373806e-05,8.037098204186523333e+06,1.899820238381117210e+07
5.480605639231282566e+01,3.061497649266481602e+00,5.470605639231282424e+01
6.159563450936216163e-05,5.568963934252292849e+06,1.471709980467959866e+07
1.488442954188405674e-04,2.583066711900267284e+06,5.205982191000273451e+06
3.186217277764849618e-04,5.997844527708800742e+05,8.438533123229516670e+06
6.043550315420448982e+01,2.794544909232254071e+00,4.994580897306460887e+06
1.382932050602952404e-04,1.856858996173701016e+06,7.145850111037358642e+06
5.984407278541042138e-05,6.116340037459796295e+06,1.553691138962838985e+07
2.621295393639657050e+02,6.361094841150177759e-01,1.287116573107480071e+06
2.834329150640094489e-04,7.164477216973179020e+05,6.018369040279189125e+06
1.768230303913653116e-04,1.441440722065655282e+06,5.588494777810300700e+06
5.905019194398210351e-05,6.243134302962795831e+06,1.599039399267392978e+07
1.652995468778920838e+02,1.009582940975410459e+00,4.074219401176677551e+06
1.253278152419996587e+02,1.335523297496366224e+00,1.817546930861481465e+06
1.804858537858750923e-04,1.583598803515302250e+06,4.801033197012116201e+06
1.000492698231191197e-04,4.154437230847125873e+06,7.852936574467358179e+06
6.447060166230370298e-05,4.871214189478034154e+06,1.382182060281700641e+07
6.131843256328002004e-05,5.894892749716323800e+06,1.484414321682265401e+07
6.522045196175274779e-05,4.745247151295038871e+06,1.362940875056403503e+07
2.483445169493041647e+02,6.791170242719257732e-01,2.482445169493041703e+02
7.238006251772012155e-05,3.913993623606672511e+06,1.243728698814065754e+07
5.707699882436744713e-05,7.123715040217359550e+06,1.744890068090507016e+07
9.865200583250856425e+01,1.754351642404352596e+00,9.855200583250856994e+01
5.619730849593315369e+00,3.730057490638355233e+01,2.296805404367079493e+06
6.495812541196156092e-05,5.623132965440041386e+06,1.329034282694862038e+07
2.245692136982743818e+02,7.446917527085381572e-01,2.802503989721159451e+06
9.289897533872871723e-05,2.729788951929290779e+06,1.125318563307793438e+07
7.216663075339438649e+01,2.342985139547206774e+00,6.394867847866272554e+06
5.696397884699615070e-05,7.200892288177351467e+06,1.755142395196069404e+07
2.099576817241908770e+02,7.943815010431360957e-01,2.591643316034321673e+06
5.804248050547253961e-05,6.649631958942137659e+06,1.665685586505067162e+07
5.621356164559942537e-05,7.633098546960249543e+06,1.830757958948631585e+07
2.063561858691932607e-04,9.550953199022739427e+05,9.192129059200927615e+06
4.077277619558989130e+01,4.088203875635930906e+00,9.851771623449706240e+05
6.694614075038197705e-05,4.601127690714227036e+06,1.309912108880985156e+07
1.010779044318566998e-04,2.417334289066480007e+06,1.051181819650905393e+07
1.181260268436433024e-04,1.927454596156991087e+06,1.015003962921376526e+07
4.016724770535304287e+02,4.151753768896359609e-01,5.108159315873941523e+04
7.763828740820726394e-05,3.546679858778994065e+06,1.183177865293379314e+07
1.107688212710026415e-04,2.155522938205854502e+06,9.902278097997993231e+06
4.394180426652288247e+02,3.800516719585861902e-01,3.482759950062731281e+06
5.751249558234459904e-05,6.895163696319393814e+06,1.706547142555486411e+07
1.618970683322787309e-04,2.549169992227728013e+06,4.745450274817679077e+06
5.655614006316111395e-05,7.417096746046122164e+06,1.793990939386739954e+07
5.777235473015419480e-05,6.774936598006651737e+06,1.686045205686573684e+07
3.814634382850237557e+02,4.369476173311036549e-01,7.762910552619644441e+06
1.473883485398049063e-04,1.445579048049817327e+06,9.578958439156688750e+06
1.917311536271504906e+02,8.698988516460266496e-01,6.969609530801428482e+05
7.222957060565239791e-05,4.005328669656859245e+06,1.221478375381149724e+07
7.069089258451662279e-05,4.062772591553556267e+06,1.261122609912546352e+07
4.304360331427097890e+02,3.873196183710113094e-01,1.793268511922047241e+06
6.206828927064782968e-05,5.404751391858574003e+06,1.455013466340211034e+07
7.785552233008442347e-05,3.507250102789034601e+06,1.198761567779429629e+07
6.036737483562359941e-05,6.313780791837193072e+06,1.527835026589665934e+07
4.456559511790108559e+02,3.742538863491286505e-01,6.408214829952459782e+06
5.593062436560736038e-05,7.824522508349978365e+06,1.863363353727898002e+07
5.593150230560549297e-05,7.824522508349978365e+06,1.863296957489375770e+07
6.625989794230710214e-05,5.332780472555682063e+06,1.287380518055465631e+07
5.834886167051155851e-05,6.516884071610094048e+06,1.643962361929272115e+07
2.545631633142443491e+02,6.548670094097903682e-01,1.286996111025924794e+06
7.790575007740486058e+01,2.139976356725325601e+00,5.364411699463759549e+06
5.572351336667635303e-05,7.981333536309313029e+06,1.890539241944137961e+07
6.043925153727582598e-05,5.785391002161201090e+06,1.525259214938463271e+07
4.113478508110455323e+02,4.052046332577952104e-01,7.686621117665822618e+06
3.014565023739527354e-04,7.538760670640844619e+05,4.453288640749142505e+06
4.278473811851313258e+02,3.914889615395531486e-01,1.845991827793153934e+06
1.024963428684516235e-04,2.381535427899985109e+06,1.087945244323727116e+07
6.266528651827938193e-05,5.242350318454617634e+06,1.435170446218956076e+07
8.780101403874368771e+01,2.064396498727133711e+00,8.770101403874369339e+01
4.100552629920941854e+02,4.100577657866812942e-01,4.578142236392280087e+06
2.033686127115444435e+02,8.201203952867262004e-01,5.671754547014742857e+05
5.572351336667635303e-05,7.981333536309313029e+06,1.890539241944137961e+07
3.729019046424086881e+00,4.469535099104648168e+01,3.685581096750958357e+06
5.537319187990756553e-05,8.246211251235316508e+06,1.935991975022007525e+07
4.456558298986023660e-03,9.198103803572230390e+04,0.000000000000000000e+00
2.757052026428865474e+02,6.084607501618910508e-01,4.402988429706097231e+05
2.824015160479327946e+01,5.914132095262080391e+00,1.514916731516661122e+06
5.811062165837122846e-05,6.618480275300158188e+06,1.660691887768360972e+07
6.165382516414796247e-05,5.461043759344162419e+06,1.473047089972665347e+07
1.751359592107615128e+02,9.550596930420522934e-01,8.248598854534633458e+06
5.869220017441151088e-05,6.383611208701392636e+06,1.621249484854970314e+07
1.946907463093332353e+02,8.581699111773770650e-01,2.763123705237983959e+05
2.729535744941751461e-04,7.185795763381862780e+05,8.963515032282484695e+06
5.959432716897016436e-05,6.052640471914038062e+06,1.567962534816314653e+07
1.625194026881799800e+02,1.029145342897721971e+00,4.320013775281718932e+06
5.904826135318739757e-05,6.248676106235845014e+06,1.599157841187191010e+07
5.584544385731619485e-05,7.884444413121479563e+06,1.873720886993713304e+07
5.672576382497529826e-05,7.315884192397675477e+06,1.776996060421083495e+07
8.083477073305350225e-05,3.370435774386736099e+06,1.161741029583724774e+07
9.074421767463470266e-05,2.805856933727719821e+06,1.105048387296476215e+07
4.193855668169140927e+02,3.976471650449929229e-01,2.897284463108394295e+06
7.117763946783576602e-05,4.423157478130296804e+06,1.227945855215373263e+07
1.313531401289722966e-04,2.428972813764401246e+06,6.405488462632892653e+06
1.757053418129504881e-04,1.803872682212878717e+06,4.602702200059882365e+06
1.216621211507710033e-04,1.932148653447298566e+06,9.264184370106071234e+06
7.062661314421057250e-05,4.188564909123179968e+06,1.246072987757669948e+07
1.384332288942153752e+02,1.213718496872540076e+00,1.383332288942153809e+02
4.863892051465409168e+02,3.427614465761211204e-01,7.259944754722810350e+06
9.530461531047711787e+01,1.749252838928543330e+00,1.396735999355539680e+05
6.435547119974181210e-05,5.289781948921891861e+06,1.359140641780881956e+07
6.075671252583511280e-05,5.695222112368289381e+06,1.510630431814133190e+07
8.091522584343778135e+01,2.059820632379054217e+00,8.006288996918506920e+06
2.114050035990545666e+02,7.884164411750341772e-01,2.644316197562002926e+05
6.572125066116646830e-05,5.118572919776785187e+06,1.315455987535584345e+07
7.510791592977189872e-05,4.788057074180276133e+06,1.072520588466395624e+07
1.054633098489492511e+02,1.594153934796714633e+00,4.791461031014053151e+06
7.531174103106552773e-05,3.691089922116086353e+06,1.205119269313543662e+07
1.109743825249177718e+02,1.514995668430535458e+00,6.387887696441882144e+04
6.241246575878299356e-05,5.282102029289052822e+06,1.444964392693689838e+07
1.172432658162852044e-04,3.014671512647975702e+06,7.115352178254228085e+06
9.836644533251710548e-05,2.532445003579442389e+06,1.046786884303264692e+07
4.716346720158712742e+02,3.545188875456870559e-01,1.766460185072822031e+06
5.659683570949386065e-05,7.391656514213538729e+06,1.789824771173651516e+07
2.325367961865131602e-04,9.727809248354325537e+05,5.130030389130242169e+06
5.712741969765062653e-05,7.092090238069907762e+06,1.739432147588022053e+07
3.621046097121410980e+02,4.612937545136828188e-01,2.368284961641735397e+06
6.086560253316733584e-05,5.748757716096787713e+06,1.503445476283363625e+07
5.578052258858327199e-05,7.940660265018327162e+06,1.882383305235780776e+07
2.756714975140399133e+02,6.086079012972758218e-01,2.755714975140398906e+02
2.538637330712416826e+02,6.608899448191286607e-01,2.537637330712416883e+02
4.330200990693680865e+02,3.851884797063977461e-01,3.199218171198445372e+06
1.721817162389795673e-04,1.201231512695601908e+06,9.129493587773397565e+06
9.695730308974107644e-05,2.743727829590990208e+06,9.863861892670825124e+06
4.730867226930396185e+01,3.525019707846930750e+00,2.896888346128562465e+06
4.041679923463249224e+02,4.132413073113677116e-01,2.334763173745531123e+06
8.230398176751574195e-05,3.322246257189567667e+06,1.138434879218073376e+07
6.861211135828046599e-05,4.524493618529860862e+06,1.286316151938435063e+07
4.274178504452736433e+02,3.899649396352321551e-01,2.786212870707623195e+06
2.431221377365645537e+02,6.875624078781903403e-01,2.633682790993290953e+06
8.447029271783995316e-05,3.139712635905613191e+06,1.127430190868817642e+07
3.195161303289453940e+02,5.245049808763257992e-01,2.471414063877962530e+06
1.398253133938900461e-04,1.636856724838614697e+06,8.891787011533111334e+06
6.005774558908778165e-05,5.905093345181115903e+06,1.543726344592727348e+07
2.210445507546908743e+02,7.562374045051517557e-01,2.648180646862425492e+05
5.746867784003189259e-05,6.944744881386348978e+06,1.714881503127484769e+07
6.332912773812174605e-05,5.088665959825707600e+06,1.414929296171079203e+07
7.512908725582043701e+01,2.218482995925040946e+00,7.502908725582044269e+01
6.650945017351342597e-05,4.938145547698528506e+06,1.294968499494170770e+07
9.545450677703099559e-05,2.648079873047172092e+06,1.058491897661438212e+07
1.671058342767000444e-04,1.579673214493688429e+06,5.620552090526781976e+06
5.769748709470938188e-05,6.806244081265298650e+06,1.691760036231019348e+07
1.627908962438808942e+02,1.026034155019052596e+00,8.337188692931809463e+06
5.724381977398727991e-05,7.030976229235136881e+06,1.729196424910392240e+07
6.005752834314393855e-05,5.905096480239098892e+06,1.543737456931686960e+07
4.951282274055336643e+02,3.369896695024184319e-01,3.663441708272174932e+06
5.537319188633838197e-05,8.246211250941687264e+06,1.935991974595630169e+07
5.984826660094009565e-05,5.967064756495830603e+06,1.554490796341338381e+07
5.885980633704731668e-05,6.320239437261317857e+06,1.610691984831639007e+07
3.301910532718047193e+02,5.191079246784345846e-01,3.300910532718046966e+02
2.570157982118172413e+02,6.536523369388053117e-01,9.566663224228088511e+05
6.971926453394333559e-05,4.160280449354370125e+06,1.275277246415268257e+07
6.173951640008999307e-05,5.436031332113006152e+06,1.469921793340902403e+07
8.565514399388294447e-05,3.962196707083120942e+06,9.388719028024695814e+06
5.599581757490604543e-05,7.778047110531113110e+06,1.855520590182601660e+07
6.539114420621962233e-05,4.720197480966488831e+06,1.358488842518760264e+07
3.490910743751454675e+02,4.777460812878313035e-01,5.937802641568365507e+06
2.410619930142743499e+02,6.982646966613827999e-01,7.053732306082054041e+06
5.728229413453601399e-05,7.057777259490715340e+06,1.727765311497515813e+07
7.586314915624078653e-05,3.675295760921285488e+06,1.193270722955380008e+07
1.579084658255121667e+02,1.057420605730553742e+00,1.578084658255121724e+02
5.655142711117084074e-05,7.421052353503593244e+06,1.794528619628958404e+07
6.113293275181154939e-05,5.601652039207772352e+06,1.493929376114441082e+07
5.631968177219084080e-05,7.562658194901184179e+06,1.818826667178270593e+07
1.459549756493866445e-04,2.533755361141937785e+06,5.337829722526443191e+06
4.649849316399200916e+02,3.623279404325556174e-01,3.356731330097495578e+06
2.331298545552282917e+02,7.221202428562107922e-01,7.904075683486466296e+06
6.757664398205461746e-05,4.418927033286915161e+06,1.312249648844346032e+07
1.735957266186621553e+02,9.714180926785798142e-01,7.908169007500523701e+06
8.538964525890334301e+01,1.975243105591515169e+00,7.404271181244283216e+05
4.467542425139158127e+02,3.731947208993088294e-01,6.887420021541884169e+06
1.095066123828790166e-04,2.217167117405548692e+06,9.780929026704678312e+06
1.604826175679463659e-04,1.349720444639543071e+06,8.388996046933747828e+06
1.197691324191400906e-04,1.897377521972530056e+06,1.005981512673129886e+07
9.495836717899915413e+01,1.776197053954781335e+00,6.344064497003988363e+06
9.390340896505241413e-05,2.650274650043190457e+06,1.097288430870257318e+07
1.155381624845860102e+02,1.468562323159732674e+00,1.154381624845860159e+02
2.528305162088966495e-04,7.817895578475606162e+05,9.148434953577956185e+06
6.258896689806540189e-05,5.242193314541897736e+06,1.438885447543657571e+07
3.907581229883064439e-04,9.930144326194217429e+05,1.895132106342524523e+06
9.155925918288189825e-05,2.750062067719561048e+06,1.112638221103905514e+07
6.539114420621962233e-05,4.720197480966488831e+06,1.358488842518760264e+07
1.009043689458838486e-04,2.402242077779293526e+06,1.080117563653790765e+07
7.714508377829629258e-05,3.554224275293463375e+06,1.191837883269292302e+07
1.981259652440694197e+01,1.037564687755392256e+01,2.905623434596764855e+06
1.697239898013328430e-04,2.034413485926269786e+06,4.688151735623205081e+06
1.833281256849310131e-04,1.855276296402908629e+06,4.490921714494140819e+06
4.155049036143242347e+02,4.012413605208537404e-01,4.002614015489398036e+06
2.877886258385066996e-04,6.551620539658102207e+05,8.490517784415218979e+06
4.570569661987027530e+02,3.647463830408361751e-01,1.259039582889623241e+06
8.569790210263340032e-05,3.079398163745642640e+06,1.123267550331796706e+07
8.025787663946536577e-05,3.418932239842462353e+06,1.157220957941478491e+07
4.583831647068270740e+02,3.636906405076038573e-01,1.758823191800778266e+06
1.286887997002697261e+02,1.309015857018308138e+00,2.774821698561830446e+06
1.085208091713979884e-04,4.589014030329927802e+06,7.475890241447666660e+06
3.822181584393750421e-04,9.468195276131220162e+05,2.035207283744968940e+06
1.540656804468526573e-03,2.925865522620924166e+05,4.769514889570722007e+05
9.778666605910292032e-05,3.205746032465124968e+06,8.713096928178450093e+06
4.239412529555647779e+02,3.945169118571035805e-01,4.238412529555647552e+02
4.890674927020517089e+02,3.421406913388607696e-01,2.219840281298847403e+06
4.163314909532555816e+02,4.009502351330119230e-01,5.418744235763552599e+06
6.262944832081853829e-05,5.240745692436649464e+06,1.437023719378903508e+07
7.650222396815259775e-05,3.668377382650718559e+06,1.176333194413530268e+07
4.835126549350872551e+02,3.446998235796009391e-01,1.427698312371837907e+06
6.110614202753503112e-05,5.766461513433887623e+06,1.490812216261525080e+07
5.556720414458673834e-05,8.092092833964631893e+06,1.909372802443818748e+07
6.053201258438817138e-05,5.767173008515598252e+06,1.520680028228043206e+07
9.778411416795816050e-04,2.470975598550757859e+05,2.244911573856969364e+06
8.282727965207330656e-05,3.253140072188998573e+06,1.145959789141093940e+07
2.032060950152287937e+00,9.727711895374943651e+01,5.658419322279684246e+06
1.540656804468526573e-03,2.925865522620924166e+05,4.769514889570722007e+05
5.537319188105446169e-05,8.246211251235321164e+06,1.935991974930255860e+07
4.744452859485684826e+02,3.527555726723808904e-01,4.743452859485684598e+02
5.953504580244063497e-05,6.121292754971398972e+06,1.571390845170887560e+07
3.512165116431202136e+02,4.763433327133461681e-01,7.546261421386597678e+06
9.328084812069208586e-05,2.710189574350584298e+06,1.081101296092412621e+07
5.714994363349284865e-05,7.083195690866804682e+06,1.737528424753548577e+07
5.580397808944908769e-05,7.918660632013787515e+06,1.879164874155211076e+07
1.104611650246648978e-04,2.136183462278398685e+06,1.022073256012417749e+07
6.632183740267770847e-05,4.606522715301660821e+06,1.333626375296230055e+07
5.837685474629800993e-05,6.535159362502855249e+06,1.642540909539049491e+07
5.689356486190131815e-05,7.220836724738520570e+06,1.760883032154059410e+07
6.058366158386866779e-05,5.904053036394060589e+06,1.516053007016176358e+07
5.619846345859264280e-05,7.653410885622545145e+06,1.833527328806867078e+07
6.821317498576919360e-05,4.355102522265909240e+06,1.296060704937107489e+07
2.984602419595040398e-04,1.111201870517113479e+06,2.698785845451603644e+06
3.899446127229583681e+02,4.285802600477369717e-01,3.898446127229583453e+02
2.722036279639991011e-04,1.666318012664946960e+06,2.780694334925497882e+06
6.231447121093134473e-05,5.311960900720332749e+06,1.447925853531836718e+07
5.608067332554196095e-05,7.721829075749642216e+06,1.845721547352106124e+07
3.252775083746895746e+01,5.145374619004205563e+00,1.611753742454413790e+06
2.550646361223236340e+02,6.541587522528510279e-01,1.610121771426374326e+06
6.152585280896346676e-05,5.489058264236007817e+06,1.478228943305159360e+07
5.896270876847478745e-05,6.277150714344803244e+06,1.604777440653193183e+07
2.834624230887428098e+02,5.883301377027468915e-01,2.833624230887427871e+02
1.439542325573434838e-04,2.548484202263523825e+06,5.511025413378817961e+06
6.298638902911806586e-05,5.154615184884487651e+06,1.425813846828361973e+07
1.100431599554364084e+02,1.539163084209963062e+00,2.319926814093943220e+06
1.289515418793658202e-04,2.136705458311463241e+06,7.027296068161211908e+06
6.708047695806215835e-05,4.473097728302340955e+06,1.321559337639037520e+07
6.117518884782998886e-05,5.663400642040257342e+06,1.489719426880050078e+07
8.459457223353232481e-05,3.180394242843207438e+06,1.112471177908598259e+07
3.649810315175347455e+02,4.569611560096006886e-01,8.223086936077986844e+06
8.093679054570930020e+01,2.154373827402521258e+00,3.662140273236900102e+06
3.122304244293938496e+02,5.397810385133963162e-01,3.121304244293938268e+02
2.115735757059569835e+02,7.915575645647748848e-01,2.114735757059569892e+02
2.301650229691036316e+02,7.409588005462663940e-01,1.628322651380075840e+06
5.665388069247597201e-05,7.402173793885496445e+06,1.786334930316425860e+07
4.217083444615953454e+02,3.962844153079697618e-01,4.216083444615953226e+02
3.195812919323954588e+02,5.217499152399120987e-01,6.594155328432410024e+06
1.327466394900392004e+02,1.256778514716212047e+00,1.326466394900392061e+02
7.212475342192298353e-05,3.969745764278441668e+06,1.232810335043599270e+07
6.846380763927751353e-04,2.760418073353965301e+05,4.253770751715653576e+06
7.166262579516326757e-05,3.972224765181954484e+06,1.247674643472064473e+07
2.580046062357485505e-04,9.394429470596141182e+05,4.882368279702784494e+06
6.651663217744929225e-04,5.429599007053271635e+05,1.160586576702297665e+06
1.605611782046132134e+02,1.038698960779338432e+00,1.604611782046132191e+02
7.251787984364104270e-05,5.031838261703587137e+06,1.121980019130094722e+07
6.460102106423009955e-05,4.848756189191108570e+06,1.378592180549357831e+07
5.537319188105446169e-05,8.246211251235321164e+06,1.935991974930255860e+07
2.366196637168850430e+02,7.319163895443252521e-01,2.365196637168850486e+02
1.878096088119676921e+01,9.209358290339224595e+00,8.435476802511606365e+06
3.379115761842060692e+02,4.932634725274685494e-01,2.902398872449751943e+05
2.488869645395916722e-04,1.357591867201385088e+06,3.148540814572091214e+06
6.468851687749718467e-05,4.840002969121049158e+06,1.375871674618032947e+07
6.958710542888819081e-05,4.185030102908573113e+06,1.275213144119810686e+07
3.649835008888185257e+02,4.569556324069705133e-01,8.255867558030932210e+06
5.878992283774306718e-05,6.366179400450290181e+06,1.615201148923236877e+07
6.065934478694427832e-05,5.854675882379132323e+06,1.512772403881874308e+07
3.259265389108222166e+02,5.114461365264165726e-01,2.902399408276543254e+05
7.798856518654694991e-05,3.519657055286286864e+06,1.182744746095857210e+07
9.551870092162931769e+01,1.762595106441097181e+00,9.541870092162932337e+01
3.802664027609870914e+02,4.387466933556770088e-01,3.801664027609870686e+02
5.646463534835671657e-05,7.472231751010844484e+06,1.803457177234730124e+07
6.745714940451148257e-05,4.449004760491683148e+06,1.310295113852988556e+07
6.230759341353284228e-05,5.302317798864782788e+06,1.448835317699079588e+07
1.080371296154892491e+02,1.554270698748918322e+00,1.079371296154892548e+02
7.028241419336909881e-05,4.105589778549224604e+06,1.266206713763419911e+07
1.519203798650108297e+02,1.136557006012024695e+00,2.123576051940706559e+06
2.504030450611815866e+02,6.656695764791792369e-01,6.423027034267995041e+05
1.888223770082730653e+02,8.881748008127783311e-01,4.091038929434494348e+05
6.485477089852123317e-05,4.810512991444033571e+06,1.372223098434809223e+07
9.816230556152118073e-05,2.511212988355997484e+06,1.082013235704565793e+07
2.437106955174336633e+02,6.860204409016094074e-01,7.201673489560580812e+06
6.122434752208459098e-05,5.567345933223820291e+06,1.490583494376090169e+07
4.326522555715391718e+02,3.852678958913124951e-01,4.325522555715391491e+02
3.966811976826072820e-04,4.611475098207232659e+05,7.824575612210188061e+06
3.349852678683448630e+02,4.990757329877314463e-01,5.437017378782341257e+06
1.629969518152388989e-04,1.297826679551946465e+06,9.644586023175656796e+06
4.002003304992194330e+02,4.193201024193100590e-01,4.001003304992194103e+02
9.139399777909408583e-05,2.789881083711196668e+06,1.100050371925593540e+07
5.981113078769214600e-05,6.033185578121652827e+06,1.555957358018139750e+07
5.836630948047891263e-05,6.509828681881129742e+06,1.642777166848148964e+07
2.879989573071203495e+02,5.830959946647354952e-01,8.449915968322597910e+05
6.660858100770297783e-05,4.541049388559821062e+06,1.331349678097134456e+07
6.182844349252948938e-05,5.421406064561818726e+06,1.466214379573829845e+07
3.031048693335836219e+02,5.571047482677434770e-01,2.183433298429090064e+06
6.449639668905844680e-05,5.820724928356056102e+06,1.346838644781681150e+07
1.031841307747238476e-04,2.334213702368616126e+06,1.073958441130771115e+07
5.570725154024001294e-05,7.989656438785287552e+06,1.891712543881677464e+07
3.638730090551066496e+02,4.581197823461845564e-01,3.171059257381005213e+06
8.703018732163573645e+01,1.971220372125570997e+00,1.238481436714010546e+06
2.469960750283972640e-04,1.120892308845858090e+06,3.618176648678814527e+06
5.590172359154704454e-05,7.844419634335829876e+06,1.866823356540653110e+07
7.459536670101062105e-05,4.938535198159988970e+06,1.096700495858495682e+07
1.275932758297664807e-04,1.737123520955814281e+06,9.963039732143230736e+06
6.524401836764315483e-05,4.744949524531315081e+06,1.362576944707938284e+07
7.835409336529007020e-05,3.497599851417130325e+06,1.179411496987566352e+07
2.274564664356142885e+02,7.327456594204522222e-01,2.470708267073702998e+06
4.117004944274746094e+02,4.069621756021699621e-01,4.116004944274745867e+02
1.375009238070028000e-04,1.585206906947250944e+06,9.794967611100433394e+06
7.134755209846906727e-05,4.016297278406649362e+06,1.248826115225467645e+07
2.704305720830447513e+02,6.163441276049095308e-01,2.703305720830447285e+02
4.596913113240820081e+00,3.756220423568817779e+01,2.123428728473954834e+06
9.724634564202400524e-05,2.845590381682695821e+06,9.516328023126929998e+06
3.462410279510574469e+02,4.814093651156390319e-01,4.563951867131841369e+06
3.808558811105606310e+02,4.381110832653455911e-01,3.807558811105606082e+02
1.167405466898212307e-04,1.959171451259185327e+06,1.017830527921086736e+07
2.394689996537021335e-04,1.162570953167544445e+06,3.676424399498946033e+06
3.702188055212106974e+02,4.512842726584581632e-01,3.407488782364167273e+06
2.226971657619122880e+02,7.508711106884985442e-01,5.195524415039761923e+06
2.076676409174233982e+02,8.078448961034784270e-01,3.341746157045349013e+06
1.513608381953699507e+02,1.137136178427086586e+00,1.512608381953699563e+02
2.864682254478216805e+02,5.862122981772196484e-01,3.794992726783372345e+05
7.637047078736804943e-05,3.619141595486419275e+06,1.195931612772442773e+07
5.715258805862670727e-05,7.079258037828238681e+06,1.737310017633247375e+07
2.588994594168845154e-04,7.476866962420605123e+05,9.067910396803265437e+06
5.713731714442039054e-05,7.087262053320072591e+06,1.738584441573278233e+07
7.645055869990007979e-05,3.628329951721470337e+06,1.190009139714053646e+07
4.874375315283231203e+02,3.424837622122783864e-01,4.873375315283230975e+02
7.961785028364775485e+01,2.109785118664376125e+00,5.452903512096409686e+06
5.925139247782678086e-05,6.170182726041514426e+06,1.587367110748839006e+07
4.313706035632203140e+01,3.868763375665982718e+00,6.976791624924123287e+06
3.003956908288041685e-04,6.229195533194122836e+05,8.564396241576734930e+06
1.973997187030351483e+02,8.443753172290268116e-01,5.234550982214982621e+06
1.727127550620698084e-03,2.271508322023654764e+05,2.882470817151546362e+05
5.804438697011102678e-05,6.647864548542695120e+06,1.665497685149892978e+07
1.089716401687748670e-04,2.150184242954683024e+06,1.044844795836429484e+07
5.955823025584305300e-05,6.071780548185165040e+06,1.569912886068281904e+07
1.070900109872732449e-04,2.216295458520805929e+06,1.037841568928074464e+07
2.724360855736207441e+02,6.130875962512063460e-01,2.723360855736207213e+02
4.433343803707001030e+02,3.765939830201605609e-01,4.432343803707000802e+02
3.819254232502356672e+01,4.467476150310791816e+00,6.502302835816894658e+06
5.913033000934199489e-05,6.338939208377296105e+06,1.594934458986038156e+07
4.553767449113173965e-03,8.403566942974097037e+04,0.000000000000000000e+00
5.686447016143582854e-05,7.246694469142848626e+06,1.764256042802374810e+07
6.121348605378622049e-05,5.599203861374565400e+06,1.489928693957797438e+07
7.380482271564738528e-05,3.795543193330381997e+06,1.222126920070349798e+07
9.521006829078617110e-05,2.621529306603325065e+06,1.076920363450637646e+07
6.718990918036288253e-05,4.478674189051471651e+06,1.318399971453462914e+07
5.549239918865129465e-05,8.150390924882491119e+06,1.919445034434514493e+07
6.247350205702926085e-05,5.269466460645879619e+06,1.442766287295719236e+07
1.449507645699030754e-04,1.471235591554098995e+06,9.693782936837596819e+06
6.556794984935591160e-05,4.714195650956264697e+06,1.354204388151714578e+07
3.745245811611709996e+02,4.450256810281355557e-01,4.759365491430575275e+03
5.996739900512556079e-05,5.937675038771054707e+06,1.548332538365139440e+07
5.864821220597499891e-05,6.397439556736708619e+06,1.624451696196339279e+07
5.619325234139111846e-05,7.649215982686809264e+06,1.833610168225858733e+07
2.446903986713826803e-04,8.511237220887766453e+05,6.118081713709677570e+06
1.539660911129271626e-04,1.988528873843841488e+06,5.579863582576848567e+06
1.451196248078789690e-04,2.137503951061684173e+06,5.741798953705564141e+06
4.217878429788353287e+02,3.952123815840081211e-01,6.450590441617052071e+06
5.620000614945821175e-05,7.653838576644721441e+06,1.833253679372573644e+07
5.890683261478395758e-05,6.299146411618381739e+06,1.607835748924312927e+07
7.865886659586054659e-05,3.482049823798516765e+06,1.177282707314079069e+07
8.773204349729830653e+01,1.911711987348450270e+00,4.113216312861705665e+06
1.575842071053075699e+02,1.059280409040977311e+00,5.219716850223556161e+06
4.697044544266937578e+02,3.548350721277413466e-01,4.696044544266937351e+02
2.443429837106535558e+02,6.852461485427407961e-01,2.442429837106535615e+02
6.331349735569885659e-05,5.087572269233038649e+06,1.415466381017138623e+07
5.712025589237262142e-05,7.096397042971909046e+06,1.740139272874949872e+07
5.930914072913560410e-05,6.148814040673177689e+06,1.583860288345310092e+07
1.678857578048537107e+02,9.989122617031630513e-01,1.921553779572350206e+06
9.957196933424599194e+01,1.726801173773201858e+00,9.947196933424599763e+01
1.028505596252369858e-04,2.352226706235128921e+06,1.044501541304494441e+07
3.430847998914408663e+02,4.862524550672527313e-01,3.481126146881485358e+06
5.954204102210111464e-05,6.068318658728371374e+06,1.570826288201124221e+07
6.615627180213145577e-05,4.601385436315861531e+06,1.341098361610801145e+07
1.744827346469198502e-04,1.212133270606028382e+06,8.224023193622695282e+06
1.805516136995218233e+02,9.288212488143766654e-01,1.948881616705147782e+06
7.210859548823403031e+01,2.345180387553058132e+00,8.373878660906529985e+06
3.839030897499856678e+02,4.352645096454535456e-01,1.276131686080349144e+06
3.557434536359493791e+02,4.771566991493237930e-01,3.556434536359493563e+02
8.020666009945310931e-05,3.360071107840406243e+06,1.166682446995067969e+07
3.252477772003465475e+02,5.133305735947982784e-01,3.645602263396400493e+06
2.114605735485949141e-04,9.639621591287625488e+05,9.156641569444730878e+06
8.623276312280572092e-05,3.065303544183908030e+06,1.107456768301143497e+07
4.645080505781826332e+02,3.593503298167050608e-01,3.528089112296045292e+06
1.025293006380704894e-04,2.339640200287706684e+06,1.062717706660414301e+07
2.793635893215248416e+02,5.983025993394508468e-01,8.162047768765144050e+06
4.064155638406501794e+02,4.111565820732869248e-01,6.582847054292308167e+06
5.771584750576325335e-05,6.797747218762921169e+06,1.690362861450212449e+07
3.067703387831811597e+02,5.433162427932816119e-01,4.691611249052585663e+03
5.028939511693557600e-04,3.860569853161620558e+05,3.953053971678683069e+06
5.022970439520123504e-04,3.867395464579135296e+05,3.954784638760858681e+06
6.755091625621158409e-05,5.086149489765230566e+06,1.252421710086865351e+07
6.250223973305359115e-05,5.258387547631357796e+06,1.442064311884541810e+07
9.120489952633208607e-05,2.790129842236385681e+06,1.101572051370722055e+07
5.580348925936924576e-05,7.927397969960569404e+06,1.879816085477576032e+07
4.403142528183884252e+01,3.788421285345748846e+00,9.422284923143802444e+05
5.765364353099329000e-05,6.832930235671122558e+06,1.696404204199037328e+07
6.418962212493642427e-05,4.920999641083079390e+06,1.389763948882165179e+07
1.045742802843779407e+00,1.977461944205119551e+02,4.421072593338211067e+06
4.717135396752831156e+01,3.538758257076203506e+00,8.329063032156699337e+06
6.222071044188908928e+01,2.681793531641623041e+00,6.212071044188908786e+01
3.950979339549203360e+02,4.229315655122368733e-01,1.276142880924554076e+06
5.580303327102672910e-05,7.927397969960569404e+06,1.879850985055015236e+07
5.537910634645583808e-05,8.246211251235321164e+06,1.935519015497358888e+07
4.974905657218733901e-02,4.472468643971005804e+03,0.000000000000000000e+00
5.632164330273581348e-05,7.562349678533693776e+06,1.818666862354853004e+07
5.591948157738938028e-05,7.843803526149924845e+06,1.866515211460816115e+07
1.478553611381175250e-04,2.106876379707392305e+06,5.558707070439983159e+06
3.722287103999606757e+02,4.536938129726331703e-01,2.297972292563314084e+06
9.810086586304123557e+01,1.713428652392001261e+00,9.964905345751309069e+05
1.031744742650975703e-04,2.395764389893819578e+06,1.040071724017980322e+07
1.354909632890995681e+02,1.241739624905074280e+00,1.302212808672864689e+06
1.127447879881467969e+02,1.529911316186811865e+00,1.126447879881468026e+02
8.165630439682203701e+01,2.049098242276599979e+00,2.850783568520144909e+05
5.838341798904832138e-05,6.505328722960096784e+06,1.641640049237009883e+07
5.949798584119380453e-05,6.149757661537676118e+06,1.573908696917930245e+07
3.907880305589456498e+02,4.267245230637471409e-01,7.788838074301575311e+06
3.321555821807530151e+02,5.036892449804696303e-01,7.781283704652152024e+06
4.697866867111225986e+01,3.860449040724645453e+00,4.687866867111225844e+01
5.717204252329486334e-05,7.071569956240190193e+06,1.735578771267612278e+07
6.030301448457134990e-04,3.330593466662412975e+05,6.489817514514091425e+06
5.872712661143059067e-05,6.433278179214950651e+06,1.619721148552096263e+07
3.899343525298258444e-04,1.002763914281155798e+06,1.869752299258840736e+06
5.569721969198395718e-05,7.993148330274158157e+06,1.892349168875647336e+07
4.107725344263531042e+02,4.069637435072631648e-01,8.321166832597745582e+06
6.143369556322131136e-05,6.319769780912755989e+06,1.477784485687813535e+07
6.026949543268200966e-05,5.883487613330285065e+06,1.532448709002159163e+07
2.166803777089541825e+02,7.733085228791054533e-01,8.348372543806118891e+06
6.743180497914987818e-05,4.435376497316820547e+06,1.317417450571413524e+07
5.659963232063888782e-05,7.389571853932777420e+06,1.789498040215902030e+07
5.556992719216665463e-05,8.090008315975980833e+06,1.909011027020983398e+07
6.999769215405218651e-05,4.135381316508513410e+06,1.272738396448671259e+07
6.400791869330706889e-05,5.455820800650172867e+06,1.367090975519338250e+07
1.618480292521708348e-04,1.970091422398294322e+06,5.220102702741589397e+06
9.803455627077259892e-05,2.517518772503666114e+06,1.097503825394350104e+07
3.995441053182829592e+02,4.173727819906359326e-01,8.313828251388070174e+06
5.778251031794543651e-05,6.769305943014492281e+06,1.685206064662557095e+07
7.290208792596345388e-05,3.866703063723731786e+06,1.232308227701623179e+07
2.652761450182624117e+02,6.311047289082261091e-01,2.651761450182623889e+02
1.364525335600325149e-04,2.573140010451104958e+06,5.974317239407012239e+06
3.055250856362986297e-04,1.453475736685890472e+06,2.484997343971578404e+06
5.934137251215417961e-05,6.205321072943781503e+06,1.582896210924260691e+07
1.492445993628859355e+02,1.119173588168509648e+00,3.764982158714175690e+06
6.102536084116504599e-05,5.628816404203344136e+06,1.498582503535951115e+07
5.377722158753659235e-04,5.377228562886210857e+05,1.947762212002933025e+06
2.541080666521496028e+02,6.560364261175237743e-01,1.000201270928087644e+06
2.879354798816020775e+02,5.797823519017765159e-01,3.371234697722980753e+06
8.112772313893600540e+01,2.074070683863752151e+00,4.665554957726215071e+04
2.535225411917488617e-04,1.182438403856763616e+06,3.298389666631913278e+06
2.117003148709162286e-04,1.011920230043326621e+06,7.498245806585921906e+06
7.816635936322831281e-05,3.506523375791035127e+06,1.181450353724435158e+07
6.855162064551363534e-05,4.295877729716076516e+06,1.296523635078664497e+07
6.681242996194465241e-05,4.779269874000607990e+06,1.296083310969671980e+07
1.751755226411930835e+02,9.582978022488940484e-01,4.081527600260690320e+06
2.468575669245369113e+02,6.781971035972230721e-01,7.086087370039330795e+06
8.103762963900147664e-05,3.350331220949563663e+06,1.158482163334765472e+07
3.136828983596216176e+02,5.337829622801005813e-01,3.135828983596215949e+02
6.026949543268200966e-05,5.883487613330285065e+06,1.532448709002159163e+07
2.955574793034033405e+02,5.643559328079601478e-01,2.954574793034033178e+02
3.136828983596216176e+02,5.337829622801005813e-01,3.135828983596215949e+02
6.379426842888365982e-05,5.009468190466776490e+06,1.400883481991015188e+07
2.983926374286014749e+01,7.644967011134176538e+00,2.973926374286014607e+01
9.297069354252580808e+01,1.856863397354297174e+00,9.287069354252581377e+01
1.724320643084022322e+02,9.765398566880307829e-01,4.085938199160626624e+06
6.121031600113083931e-05,5.580401865826256573e+06,1.490693845148390532e+07
9.409882824162589532e-02,2.360296635556231649e+03,0.000000000000000000e+00
5.000026667117395505e+02,3.333333333333333148e-01,4.999026667117395277e+02
5.940104719555729297e-05,6.129868128685003147e+06,1.578789645535467751e+07
3.226348428709280824e+02,5.195503043246839647e-01,6.374966821066630073e+06
1.610775261107613775e-04,2.084771314445268130e+06,5.044983105593104847e+06
6.290632840701074343e-05,5.234549382138947025e+06,1.441373447918569483e+07
1.233861778598238884e-04,1.818342373357440578e+06,1.002963185698223487e+07
1.078313479332284004e+02,1.566865808242164482e+00,2.695048316167708021e+06
1.926106623624942614e-03,2.003429740054428112e+05,3.911502384008661029e+05
5.789917602311082359e-05,6.717490531059379689e+06,1.676387816071207076e+07
8.999145200495591111e-05,2.839710129677988589e+06,1.105127275101931207e+07
2.636821564891985759e+02,6.321869189714116599e-01,1.935408846570284106e+06
9.006701188590186639e-05,3.077584334981599357e+06,1.010718817099761777e+07
5.590427634965673248e-05,7.842738971854023635e+06,1.866598187888230383e+07
6.400103896567152257e-05,4.974349342697815038e+06,1.393383151981126145e+07
3.903489374996179890e+02,4.270816476743711787e-01,4.252650096402321011e+06
2.904695835489238230e-04,8.149538340027666418e+05,3.751248508222051896e+06
5.724162322630604177e-05,7.043463770221827552e+06,1.729819979378412664e+07
1.966875789240621373e+02,8.473717892072207825e-01,7.391202340612253174e+05
5.528215476404454683e-04,3.654934395334391156e+05,3.301788113752724137e+06
4.184008658469286956e+02,3.985215011403718255e-01,4.183008658469286729e+02
6.136332342761285918e-05,5.537063037538750097e+06,1.484513173664854281e+07
5.681153887476289544e-05,7.273478195928233676e+06,1.768972590487289056e+07
1.295111473919193217e-04,2.697697228935430292e+06,6.318964579470844939e+06
6.060580187090612814e-05,5.785971168520836160e+06,1.516422108257676475e+07
6.111686473669882089e-05,5.594940473533607088e+06,1.495010016788452864e+07
5.879454498408722980e-05,6.339635213325263932e+06,1.614963782573062740e+07
4.795204470849391214e+02,3.475714008705854119e-01,4.794204470849390987e+02
5.649214012664034674e-05,7.464560388848341070e+06,1.801050921660788357e+07
6.038178396048633453e-05,5.852688925172888674e+06,1.527064422217272595e+07
6.209880542884591969e-05,5.358100419243059121e+06,1.456063676643516123e+07
7.392065314282714894e+01,2.266539811745358790e+00,2.984887650956605561e+06
5.613406699336490448e-05,7.706891671887599863e+06,1.843199081900897995e+07
5.649214012664034674e-05,7.464560388848341070e+06,1.801050921660788357e+07
6.661901868416670192e-05,4.535757138283269480e+06,1.331127383890176564e+07
3.760447684067040088e-04,5.567662053499027388e+05,4.149915799951831810e+06
2.035027719739678680e-04,9.818671943112857407e+05,8.696711185574570671e+06
1.855321689734993811e+02,8.984788437625403912e-01,2.682119748107091524e+06
5.677775465053229247e-05,7.286783774701008573e+06,1.772198997724571824e+07
1.855321462499863685e+02,8.984788437625403912e-01,3.547089279758381192e+06
7.449289208757449692e-05,3.770393721973360982e+06,1.233588575340304337e+07
2.143654711615361919e+02,7.776718090932834837e-01,7.392070748879626626e+05
4.501205578559491300e+02,3.738060152937096037e-01,4.500205578559491073e+02
5.612949171334996617e-05,7.707209482639244758e+06,1.841244760273100808e+07
7.213884527557260640e+01,2.376037677805555415e+00,1.342546321442069951e+06
1.530570295216603799e-04,2.485233882248860318e+06,5.378930392960973084e+06
1.801797835933154675e-03,9.733195427794023999e+04,2.896620095701122656e+06
4.516004161921715649e+02,3.722879728383478581e-01,4.515004161921715422e+02
2.634653646226453247e+02,6.331153208947140065e-01,1.875708064201230649e+06
1.530683426362297378e-04,2.485055770798970945e+06,5.378717486582642421e+06
3.767987709114106565e+02,4.424823447838234780e-01,4.252784873796702363e+06
1.043747750488765595e-04,2.321335188017294742e+06,1.063573582792131603e+07
6.653695981953655484e-05,4.617803445673484355e+06,1.324164388580186106e+07
5.120840280104810205e+01,3.268657388620981319e+00,8.335982787496312521e+06
1.145351047233916883e-04,3.596276254573252518e+06,6.789602946326121688e+06
7.814012217729361242e-05,3.528734256904385053e+06,1.174930404904463515e+07
1.860939248309840366e+02,8.956932281558493969e-01,8.018386754434678704e+06
6.884899467802195732e-05,4.327674012241736986e+06,1.276802919472305104e+07
5.094618637462365422e-04,1.102017662715298822e+06,1.611007854773749132e+06
2.650550197577106815e+01,6.369809289906088523e+00,6.970157222588182427e+06
5.537319188863676860e-05,8.246211250473867171e+06,1.935991974552107602e+07
5.537319188863676860e-05,8.246211250473867171e+06,1.935991974552107602e+07
1.963252200510038833e-02,1.289642396593385274e+04,0.000000000000000000e+00
2.298872131564197900e+02,7.324175883303742918e-01,3.927484426218792330e+06
4.168712823220289465e+02,4.003875455132841488e-01,2.130810752732302528e+06
5.637461143888320716e-05,7.588326368173087016e+06,1.816713919023080170e+07
2.494671822842704785e+02,6.687271908037667467e-01,3.351249879555162974e+06
5.935896097269311334e-05,6.182014187926748767e+06,1.581076600436902232e+07
5.593831335316209758e-04,5.343265265072542243e+05,1.402392903944215039e+06
2.047064472860828914e+02,8.141743120372588738e-01,3.280867135899464134e+06
2.984108260525325136e+02,5.620874509419793164e-01,1.741091128838277364e+05
1.532829949802841440e+02,1.103909996381795988e+00,4.292609258007051423e+06
9.013369285058109249e-05,4.021000776710417587e+06,8.893292459310553968e+06
6.313085965776114156e-05,5.434249948059928603e+06,1.405036780800551176e+07
6.009660187043553851e-05,5.893480450791994110e+06,1.542811188663023710e+07
5.576708656525975150e-05,7.956991684063823894e+06,1.886568146487672627e+07
2.181910611698926496e-04,1.040960623740559095e+06,5.445162537033994682e+06
5.602652200309432302e-05,7.756985514772586524e+06,1.851923780773514509e+07
5.914011669238729291e-05,6.377086601172204129e+06,1.594774188663608953e+07
1.420186354834194619e-04,2.273999355181055609e+06,6.136704715066006407e+06
6.696488343348653931e-05,4.494497744668661617e+06,1.325946922075605765e+07
4.662845028883729128e+02,3.619220602014553423e-01,1.608061936394788558e+06
6.487998440779838656e-05,4.824569277712031268e+06,1.368890742288279906e+07
1.697448899028913870e-04,1.246534030504101422e+06,9.558870549563223496e+06
1.128273163327798159e+02,1.486596698575146425e+00,4.780133494111505570e+04
1.465825617112283665e-04,1.492232699914561119e+06,8.935152275353740901e+06
3.618887475053138019e+02,4.635210093325057290e-01,3.617887475053137791e+02
5.685974582723446371e-05,7.254252766344301403e+06,1.765258271151047572e+07
3.135968264976934279e+02,5.315024778381537418e-01,3.699387108093749848e+05
7.177617934503094442e-05,5.510831592285949737e+06,1.148655002161005512e+07
3.810374798911670382e+02,4.376314905152730583e-01,8.334520268043672666e+06
2.639448410164914662e+02,6.364074682252921500e-01,3.378277315908842866e+04
7.331927265908842978e-05,3.874650704878511373e+06,1.220030857624204643e+07
7.386353327499762731e-05,3.791019076136141550e+06,1.221492918620306812e+07
5.339555161705272389e-04,3.578119134309459478e+05,4.081389213071117178e+06
7.737305448822409237e-05,3.618150891128803603e+06,1.167039379969916493e+07
4.368629339580011788e+02,3.849625421166997796e-01,4.367629339580011560e+02
5.546212570459300068e-05,8.174556359921958297e+06,1.923615310786718875e+07
6.285817811633532919e-03,5.741618068784934439e+04,2.134697364734961593e+04
2.302621928647014471e+01,7.763479168977147182e+00,2.695379939142521471e+06
3.013130587012933853e-04,7.117055991526666330e+05,4.555502290621347725e+06
5.892279825631941933e-05,6.305503646383468993e+06,1.606922022916036844e+07
1.951545189680344379e+02,8.542350011701058676e-01,9.794562919896078529e+05
1.165822190851723406e+02,1.429703445053319699e+00,3.697416962019624189e+05
5.776109632764267850e-05,6.849356607935673557e+06,1.689380283207531273e+07
6.614758357370100243e-05,4.605257391253657639e+06,1.342002934941658005e+07
6.144792224614182338e-05,5.561823619759649038e+06,1.479210600855197571e+07
4.668168325510868044e+02,3.570534260173145458e-01,3.541540276912658941e+06
1.357990553137040349e-04,2.969271874593343586e+06,5.747319399058213457e+06
6.832655293561467147e+01,2.469662169450927536e+00,6.822655293561467715e+01
1.237731502260417662e-04,2.602264882184260525e+06,6.827670952073706314e+06
8.920811413990587749e-05,2.933340648417985067e+06,1.083232267274622247e+07
6.897342776591218840e-05,4.263053079289061949e+06,1.283201276842336543e+07
5.716442061630194402e-05,7.077136565410432406e+06,1.737061255423853174e+07
1.102841602082390394e-04,3.291463022524116095e+06,7.516959114317107946e+06
7.885998817644746038e-05,3.471101751444187947e+06,1.175924332195026800e+07
6.617940868760166886e-05,5.587214128007235937e+06,1.287838277423095889e+07
6.023870134685925922e-05,5.849702039823849685e+06,1.535786233234614879e+07
1.137244787900851316e-04,2.066066363544145366e+06,1.033576464225808345e+07
1.716297823836397356e+02,9.778360684811100434e-01,1.715297823836397413e+02
6.092400007929999850e-05,5.721177020075284876e+06,1.506820053637295961e+07
8.267111429354327972e-05,4.641776377127824351e+06,9.535111729378886521e+06
1.133811314691904510e-04,3.102704275319294538e+06,7.328200367112286389e+06
9.079555160370805019e-05,3.294822013453667052e+06,9.710583134974980727e+06
1.132091060253510894e-04,3.112619433389159851e+06,7.338115525182151236e+06
1.348360629133438270e-04,2.435095476464604493e+06,6.295272157972320914e+06
1.941274054003088168e+01,1.125040547679033764e+01,4.240742132662788033e+06
8.322751217578283275e-03,2.954307290737330186e+04,0.000000000000000000e+00
5.537319188962011964e-05,8.246211249834818766e+06,1.935991974665153399e+07
5.537319196010153467e-05,8.246211249834819697e+06,1.935991969026640430e+07
6.491036749093601109e-05,4.864481634936942719e+06,1.363603714721816778e+07
2.718252074864611245e+02,6.155827251796273103e-01,1.067874215984036913e+06
6.638710570180090891e-05,4.613891585752549581e+06,1.330033212245196477e+07
5.763269867085232616e-05,6.836896972100418992e+06,1.696854937786510214e+07
5.840582732720507646e-05,6.493343307155561633e+06,1.640076385472580791e+07
8.815936515605990564e+01,1.932958125962445095e+00,8.805936515605991133e+01
5.943972866215868514e-05,6.260422985768446699e+06,1.576674659687307104e+07
4.385296730968513482e-03,3.954691452814004879e+04,4.782674994089527987e+06
4.231124933494872380e+02,3.951652464911737384e-01,4.167849034096742980e+06
6.364901400087641305e-05,5.068647175685418770e+06,1.401474738074289262e+07
1.265925211807167718e-04,2.127958644007496536e+06,7.334989034919233993e+06
9.538401785140647655e-05,2.960002844803765882e+06,9.575091421770429239e+06
1.640672324466622172e+02,1.018405785439212563e+00,1.489708841710973764e+06
5.665481121131788996e-05,7.374985187625543214e+06,1.784861771850670874e+07
6.187262072803667242e-05,5.417906557234841399e+06,1.464065423827547207e+07
1.429595676158637466e-04,2.559068616907550022e+06,5.661278026683138683e+06
4.131485942874036255e+02,4.046954248491124728e-01,5.964929373837757856e+06
6.367104267710988807e+01,2.662812085421842223e+00,3.196783999671626370e+06
1.304004826536230943e-04,2.158398770233197603e+06,6.841103861237855628e+06
2.293903576361655799e-04,1.821433638481175061e+06,3.547525615851975046e+06
2.453098078029259455e+02,6.815844609594943204e-01,7.144852728822813369e+06
1.710987475814931369e-04,1.225410398689305177e+06,9.201695691409301013e+06
1.655072780295581024e-04,1.301680734027550090e+06,9.370515347704283893e+06
3.198681779006748308e-04,1.034554401801423985e+06,2.417996551307416987e+06
8.938092490567867165e-05,3.966688156347495504e+06,8.895880224589062855e+06
9.204123130502505539e-05,2.730343866103097331e+06,1.112474365839882568e+07
5.639172938679696873e-05,7.517012818031379953e+06,1.811078229209363461e+07
1.180668223996396904e+02,1.413777087811623367e+00,1.179668223996396961e+02
3.076130168126212894e+01,5.535265925033491463e+00,6.415468089121063240e+06
4.865635075196586001e+01,3.523697951723736566e+00,1.995683730098892003e+06
6.074645669357772108e-05,5.696373653536917642e+06,1.511139670121454075e+07
9.272430687303447245e-05,3.126326356009346433e+06,9.830236484541166574e+06
1.211702003787400156e-04,1.877930177814004943e+06,9.960416901213180274e+06
8.074305665314392057e-04,4.959830437671825057e+05,8.402620745808752254e+05
6.298889348963399200e-05,5.245399995460901409e+06,1.419751124216238409e+07
5.983741017603670063e-05,6.040136324561898597e+06,1.554551478873841837e+07
1.179510489233074111e+02,1.425170159460332764e+00,8.321605285635449924e+06
5.555784731828126337e-05,8.099721626619754359e+06,1.910652641148297861e+07
6.064938553307490127e-05,5.825255177407524548e+06,1.513154604692516103e+07
3.646007276998417268e+01,4.708704139961302104e+00,4.878265545702290838e+05
6.782271635766994912e-05,4.440371557729948312e+06,1.297523478938375413e+07
6.021196311631479229e-05,5.959402293090506457e+06,1.534535376210460439e+07
7.452228648648711001e-05,3.809109842144055758e+06,1.196068512916019559e+07
6.101896348020229542e-05,5.718594313744192012e+06,1.496237552986605838e+07
3.931959106433011470e+02,4.247848741064724210e-01,3.930959106433011243e+02
5.627174370614656997e-05,7.593470756764316931e+06,1.824062697894190252e+07
2.110598308494995479e+02,7.904089740035057376e-01,3.173304562720519025e+06
1.893140321244172076e-03,2.433487245630821853e+05,2.334663173899191897e+05
1.632494038473173248e+01,1.053585547214151497e+01,6.632306756952359341e+06
7.406174774644126799e-04,4.959830437671825057e+05,9.317891754328724928e+05
5.610858788528442446e-05,7.709207108586492948e+06,1.842872877184334770e+07
6.205435793317322563e-05,5.376710067618464120e+06,1.457132737730219215e+07
9.949994507702663782e+01,1.681022326766697272e+00,3.173986398483452387e+06
1.282827031349131029e-04,2.747886151491167955e+06,6.145751919441791251e+06
4.887673007656417781e+02,3.423527353304477439e-01,1.420404685949107399e+06
5.796806917554860159e-05,6.681609010019901209e+06,1.671103262883258238e+07
2.171776779037945104e+01,7.908061119259119032e+00,2.102105385664158035e+06
3.360817700199132934e-04,9.760495659014518606e+05,2.343393775963688735e+06
4.352248312586730776e+02,3.830517343106973338e-01,6.259540190130187693e+04
2.343380037362788073e+02,7.154133557014911160e-01,3.898081706085724290e+06
1.896601019700074834e-03,2.433487245630821853e+05,2.328761403684314282e+05
7.498192720913493005e-05,4.295891698513831012e+06,1.102403853185118176e+07
7.038928188675640230e-05,4.246724473339413293e+06,1.243572042676204070e+07
1.500326563533927815e-04,2.444181005803197157e+06,5.500805577150395140e+06
