-2.223640413895628285e+02,1.070018542287239360e-01
-3.052969999883013088e+02,2.292004999601835458e+00
-2.894411033998636640e+02,1.566074930528609022e+00
-2.394005563563582371e+02,1.894717141467997523e-01
-2.411879300049739641e+02,2.075809010753997264e-01
-2.562409919550314044e+02,4.327654034951708972e-01
-2.645267526273840417e+02,6.116342237588994202e-01
-2.820346984220323634e+02,1.226811548771037153e+00
-2.709935960802482668e+02,7.784204816608109034e-01
-2.573879493674890000e+02,4.549843054387050501e-01
-2.881398126327525233e+02,1.513542912210430247e+00
-2.965431647556894745e+02,1.891457804062710801e+00
-3.014158650174758804e+02,2.114518274907756901e+00
-2.905853600715619791e+02,1.618627068508740496e+00
-2.525935606826078299e+02,3.667158346922811951e-01
-3.019147581182120916e+02,2.137361020520543331e+00
-2.549348308760453676e+02,4.080729592702838637e-01
-2.959614347334658646e+02,1.865345543202366674e+00
-2.259851079009134480e+02,1.107314870870708123e-01
-2.816692762890399990e+02,1.210313557989099564e+00
-2.425469520620917194e+02,2.230062443154885443e-01
-2.377811137153264269e+02,1.746957295615497729e-01
-2.591116045679233935e+02,4.904352019982052280e-01
-2.923617704893765676e+02,1.699772826536980030e+00
-2.946956767174564789e+02,1.806520150839773464e+00
-2.730224249500281530e+02,8.373730515309572020e-01
-3.028512198010338352e+02,2.180606935879464636e+00
-2.762699974110182097e+02,9.696262031524218727e-01
-2.643542631111530454e+02,6.075200785676890813e-01
-2.632661129192751446e+02,5.817658796682017019e-01
-2.808046010583906877e+02,1.171242873314071176e+00
-2.980073763328312566e+02,1.958295749788303342e+00
-2.444634286622448087e+02,2.466115616067152683e-01
-2.971926873091904326e+02,1.921205813024525755e+00
-2.604308522527807668e+02,5.184216942520634142e-01
-2.584047907764897332e+02,4.757608688452805712e-01
-2.378241077133874910e+02,1.750729329845347459e-01
-2.952391035690986314e+02,1.831434962151142098e+00
-2.935497173337777781e+02,1.755761761918082531e+00
-2.297428148839141215e+02,1.226216080055535507e-01
-3.035928512779525477e+02,2.214485125456503223e+00
-2.747195571310239757e+02,8.920931802001916822e-01
-2.954714089516972990e+02,1.842428800471014982e+00
-2.942763533582274817e+02,1.787437205527428352e+00
-2.724070722046634501e+02,8.182255872452108836e-01
-2.939654091948577843e+02,1.773735187998409124e+00
-2.736636996609971675e+02,8.538709892969362780e-01
-2.746927056725922967e+02,8.904834126052145749e-01
-2.739670847621555367e+02,8.633521734005209503e-01
-3.036089354743191393e+02,2.215025344510205052e+00
-2.915545423742555613e+02,1.663626059728344986e+00
-3.052969999632766189e+02,2.292004998631260726e+00
-2.372547840350990782e+02,1.700838350759393824e-01
-2.524042119656457146e+02,3.630369603744463269e-01
-2.281285940878170209e+02,1.168756195682099097e-01
-3.042640474490608540e+02,2.244793326276348644e+00
-3.003188760613118689e+02,2.065094632079734538e+00
-2.945149983127274140e+02,1.800266707934231825e+00
-2.750816388090806868e+02,9.086165903529448418e-01
-2.844679936143669465e+02,1.338277183984152741e+00
-2.767126157855124120e+02,9.833473532499117375e-01
-2.349640258922769362e+02,1.522539811104465235e-01
-2.328175780298612949e+02,1.381613038158133744e-01
-2.892278374093791626e+02,1.556260811078441941e+00
-2.834242635567053981e+02,1.293578193557091360e+00
-2.650963672020253057e+02,6.250692080684809859e-01
-2.657853842118777834e+02,6.418743909717354867e-01
-2.469013060789248470e+02,2.780389113249226440e-01
-2.709671739521432414e+02,7.781447375765662144e-01
-2.620859617843685214e+02,5.550717982131152528e-01
-2.860260721581826147e+02,1.411075151143148299e+00
-2.992237891132670597e+02,2.015401978644649539e+00
-2.458136684613742204e+02,2.630134566063534463e-01
-2.726795161562354224e+02,8.251946270316816712e-01
-2.493797141132751563e+02,3.161702442898863818e-01
-2.850904457265894507e+02,1.366702728387988230e+00
-2.862352953587499087e+02,1.420653089055103679e+00
-2.821806065426297323e+02,1.233845752175709798e+00
-2.302777721261850843e+02,1.248398021629193444e-01
-2.937624267274035219e+02,1.766011406651470272e+00
-2.885941625258472527e+02,1.529119516445304416e+00
-2.682708234659322102e+02,7.054056647847004591e-01
-2.901095051430552871e+02,1.598285242601031886e+00
-2.808330756550063256e+02,1.174462974440141583e+00
-2.570837737581823035e+02,4.493534539496093494e-01
-2.781924288841789803e+02,1.052893593102063541e+00
-2.969211750051638319e+02,1.910635016434419686e+00
-2.806238252997797531e+02,1.164885399797827459e+00
-2.960215832623880488e+02,1.867245513573918769e+00
-2.815246940980827048e+02,1.204976925114959574e+00
-2.310265531901675899e+02,1.283768795422559617e-01
-2.640147024484700751e+02,5.996758225524587704e-01
-2.600945076609539797e+02,5.110559062371622385e-01
-2.612068073418640779e+02,5.349848893654909343e-01
-3.021197953282195954e+02,2.146718082443025644e+00
-2.930711361498937322e+02,1.732716522655456171e+00
-2.570819166370436051e+02,4.493385362051613985e-01
-2.640146455826294414e+02,5.996749058316528380e-01
-2.915397001338790801e+02,1.663005227999427849e+00
-2.501549706847638390e+02,3.263500933510836699e-01
-2.682828094710154119e+02,7.059713655352308770e-01
-2.595568921660567980e+02,4.995266473980910504e-01
-3.026603392371211498e+02,2.173496020680905971e+00
-2.744814482131792488e+02,8.825734718397799661e-01
-2.695719764664003151e+02,7.392103582692883812e-01
-2.731707975855994732e+02,8.404418102543256275e-01
-3.050337320552146707e+02,2.280085329578557918e+00
-7.949198260824644535e+01,-3.880741724179126440e-03
-3.052969999584566949e+02,2.292004998204414168e+00
-2.223639164230251026e+02,1.070018539324599227e-01
-9.378161805353119007e+01,5.495857392957437249e-02
-9.928998733952920475e+01,7.715088808723952196e-02
-2.796612775602835654e+02,1.122506065529992547e+00
-2.452567770560162046e+02,2.569910965726035501e-01
-2.757911282893044813e+02,9.424331427031480413e-01
-9.138665350023363487e+01,4.459300327846216216e-02
-2.890783186467868973e+02,1.550964440060856875e+00
-2.992368016081815085e+02,2.015722688014198294e+00
-2.786403195767235843e+02,1.071748508446241699e+00
-8.185797864628423781e+01,5.313001721467092153e-03
-2.770171262390124980e+02,9.981570086424169652e-01
-2.404748362035519733e+02,2.002454815274026245e-01
-2.564256522566984700e+02,4.371958812179501663e-01
-2.975349220886491821e+02,1.936595169216235979e+00
-2.325730424723682290e+02,1.365971684114251072e-01
-2.939657494745084705e+02,1.775459021415664473e+00
-2.803424759341438062e+02,1.150529197722165886e+00
-2.964804766712057926e+02,1.888303415579116296e+00
-2.808283502807155401e+02,1.171927001931770684e+00
-2.849493100667950216e+02,1.360194274554094473e+00
-2.693161605622762522e+02,7.341363739127948485e-01
-3.033426106781835756e+02,2.202513649013093655e+00
-2.885568690246020083e+02,1.525472420049676758e+00
-2.830575605430585142e+02,1.273882877730703855e+00
-2.982554405806718592e+02,1.970416369714708793e+00
-2.843578764421754386e+02,1.333625450511417343e+00
-2.654046045145269659e+02,6.332956819539399262e-01
-2.837114912325652085e+02,1.303503782787925003e+00
-8.527816417869436805e+01,2.185376325760041150e-02
-2.609270742547869872e+02,5.324666021251613923e-01
-8.454376299784139803e+01,1.686478847966133010e-02
-2.880425014208062748e+02,1.501916506113373906e+00
-2.956367384519182337e+02,1.849647984872323736e+00
-2.824393717001108826e+02,1.245251895657332630e+00
-2.960367366141865659e+02,1.869105461950917979e+00
-2.743700311823421316e+02,8.770868793840618238e-01
-3.025462582169034818e+02,2.167771005932899619e+00
-3.029458206941075105e+02,2.186483422762871776e+00
-2.713588535491586526e+02,7.879845344430305154e-01
-2.319393937191367741e+02,1.330404913743893358e-01
-2.982554363776051218e+02,1.970416367160899629e+00
-3.003979282809671645e+02,2.076800378251321355e+00
-2.539004094605719217e+02,3.905662566020082771e-01
-2.418712693163151641e+02,2.151947118541235326e-01
-2.773102737920256118e+02,1.011938597147084451e+00
-3.052969999303934401e+02,2.292004997534987876e+00
-2.223664547637686155e+02,1.070018584782558291e-01
-2.374278042297069931e+02,1.732750674815809466e-01
-3.029067921243854471e+02,2.184040190273611959e+00
-2.909745028681526264e+02,1.636112469354358723e+00
-2.839499853717622955e+02,1.317369697935887096e+00
-2.962052645133384772e+02,1.875649679461931285e+00
-2.269692595324225124e+02,1.134958421163705933e-01
-2.778792239190291298e+02,1.038009815825471138e+00
-2.617066919688346047e+02,5.461731446406192791e-01
-2.923037062342634158e+02,1.697084659678012031e+00
-3.001065606187684125e+02,2.060889900469278224e+00
-2.677695485077483113e+02,6.918905416894116644e-01
-2.893127092664529414e+02,1.560352540258758580e+00
-2.656905185111593823e+02,6.395553699610667664e-01
-2.751891692367424298e+02,9.144099015077644665e-01
-2.850181465542360115e+02,1.364142378604467520e+00
-2.941798898079564424e+02,1.783096126104145807e+00
-2.600746575506390172e+02,5.104382697466895991e-01
-2.311582687756855705e+02,1.290947483503492865e-01
-2.488519588430340548e+02,3.061774908478531732e-01
-2.607410137562673640e+02,5.248231792621869118e-01
-2.828392901502124914e+02,1.271319920446352336e+00
-3.048303889652294743e+02,2.270651472167243501e+00
-2.846739411736479610e+02,1.348414007255910541e+00
-2.442488726546135069e+02,2.430980321210566286e-01
-2.287520294824294069e+02,1.186228920319032376e-01
-2.802043995771635991e+02,1.143549209965666780e+00
-2.696147592366278900e+02,7.405823835865381621e-01
-2.227015956000702488e+02,1.070346968645531915e-01
-2.557331983889284288e+02,4.264001537236268291e-01
-2.968211032819821185e+02,1.904348457741385392e+00
-2.249582513888613846e+02,1.091467287702546640e-01
-2.828392756891390718e+02,1.271319725138800871e+00
-2.451725149719995613e+02,2.551173830882982330e-01
-2.789991406117971451e+02,1.096740325229467850e+00
-2.320996418789441407e+02,1.341774643357642738e-01
-2.897780592407017366e+02,1.582292089130637791e+00
-2.860602775375938336e+02,1.412571626020719506e+00
-2.667846488783435461e+02,6.684331519484381090e-01
-2.885004223631951277e+02,1.523166517558468547e+00
-2.638879768624275357e+02,5.961074516089794884e-01
-2.704252962953465271e+02,7.666265440689004063e-01
-2.981527991259265491e+02,1.965467246285070413e+00
-2.745157018775656184e+02,8.849559243749509641e-01
-2.459919915061717290e+02,2.654595909310802915e-01
-2.868121430923226285e+02,1.445854076367695473e+00
-2.427565773361348818e+02,2.251959076984340058e-01
-2.402289975558473429e+02,1.977861652756911504e-01
-2.477004456129112384e+02,2.891908385685708627e-01
-2.868559099659934759e+02,1.447846612331668670e+00
-2.735871682850164461e+02,8.521647441697797198e-01
-2.339781980420931973e+02,1.456309588828377244e-01
-2.402266466911069074e+02,1.976354242567843755e-01
-2.923037062342634158e+02,1.697084659678012031e+00
-2.761639499132905939e+02,9.579585722698702455e-01
-2.223620049194011017e+02,1.070018527911159589e-01
-3.052969999899638651e+02,2.292004999737391469e+00
-2.323470478659698699e+02,1.353320875592205486e-01
-2.797486808297992980e+02,1.123309855405964619e+00
-2.407474103089551534e+02,2.028869835960960266e-01
-2.365864276829723565e+02,1.644881353652462019e-01
-2.958385446455404804e+02,1.859399426418946177e+00
-3.030604156464501102e+02,2.191622375827337876e+00
-2.876026166162816367e+02,1.485402925612892222e+00
-2.419546076739103455e+02,2.159404295296314391e-01
-2.812635498253612241e+02,1.197077870362848628e+00
-2.237134118772179363e+02,1.076103357773566249e-01
-2.905451008542405020e+02,1.617566101541394907e+00
-2.276850862363978933e+02,1.150388320117885499e-01
-2.462042979051695681e+02,2.685579341398618425e-01
-2.934554998420267111e+02,1.750740848105150071e+00
-2.787226320624649247e+02,1.075192965116981147e+00
-2.657929648104776561e+02,6.421847162300600154e-01
-2.565747999746757273e+02,4.393938064400182419e-01
-2.671935025190978195e+02,6.798150905565158997e-01
-2.993671511718907254e+02,2.022327778055595271e+00
-2.635700938858624909e+02,5.896478289272535367e-01
-2.688731526416096926e+02,7.205854456612406089e-01
-2.772735178752279808e+02,1.009988233877462616e+00
-2.899775516144584344e+02,1.593660697997870024e+00
-2.257430256754132358e+02,1.102442377574761045e-01
-2.306871801265550346e+02,1.266743315714000673e-01
-2.987370122706706752e+02,1.992746025555570011e+00
-2.523538698194149958e+02,3.622330236213662236e-01
-2.919426439786430478e+02,1.682130876826891663e+00
-2.826393231269881881e+02,1.257151664902949939e+00
-2.754852331400273897e+02,9.283559872455113826e-01
-2.732757288418329154e+02,8.431542365785202886e-01
-2.837226399972959143e+02,1.304216544266877831e+00
-2.459283365282771001e+02,2.648811586960020392e-01
-2.260349883431610749e+02,1.108767902916713566e-01
-2.491697225162828886e+02,3.109058687670672727e-01
-2.351044228227611939e+02,1.531734614125584981e-01
-2.912226272418707822e+02,1.649150864442824105e+00
-2.605845579449886031e+02,5.217345991118520487e-01
-2.441285421034917249e+02,2.414360373839823382e-01
-2.934554998420267111e+02,1.750740848105150071e+00
-2.680769111214909231e+02,6.998932225333625023e-01
-2.882887722732622251e+02,1.513683236654158826e+00
-2.883125383535514743e+02,1.514411243366791560e+00
-3.052969996411669058e+02,2.292004985448498289e+00
-2.314464614159683435e+02,1.304749923291184110e-01
-2.954667931400782095e+02,1.842255624018660276e+00
-2.881102566092947654e+02,1.513369694529176579e+00
-2.543588361298354812e+02,3.983721010281724428e-01
-2.998605350074153080e+02,2.044089242058349853e+00
-2.850154206048768515e+02,1.363653502695330477e+00
-2.970867271698075456e+02,1.917033595380849054e+00
-2.301624251413380478e+02,1.247004845738102219e-01
-2.927548523077772415e+02,1.717677415392371065e+00
-2.765388984857791002e+02,9.762991486513299400e-01
-2.776544291243702673e+02,1.027998503035192801e+00
-2.691438649251362563e+02,7.278404983083883728e-01
-2.248405257759098959e+02,1.087445804935648352e-01
-2.826782407177107075e+02,1.259084651743822114e+00
-2.529748354078207626e+02,3.730263005434655277e-01
-2.469541329634960789e+02,2.816487192897425551e-01
-2.441842067886383347e+02,2.423297412954694696e-01
-2.386020087834976096e+02,1.821325837372319567e-01
-2.722993336003926288e+02,8.153011802679799302e-01
-2.357140148458149724e+02,1.578467583022830079e-01
-2.650410310052843670e+02,6.238531344817226376e-01
-2.504049932967348298e+02,3.304816157669800969e-01
-3.016352739844741109e+02,2.124563018475323695e+00
-3.024512322016554435e+02,2.163076348525385217e+00
-2.580809458247777570e+02,4.694709540663875025e-01
-2.556745291669306823e+02,4.227227261867609887e-01
-2.864688827608823090e+02,1.430629357964056325e+00
-2.240498420416419094e+02,1.078736908395421801e-01
-2.374027420395021579e+02,1.728681122529416303e-01
-3.052969996411669058e+02,2.292004985448498289e+00
-2.418382055363569236e+02,2.149361020729281258e-01
-2.698006992717532171e+02,7.479572719267437719e-01
-2.741383231872937927e+02,8.684137247314125396e-01
-2.757095837932204745e+02,9.371019661445165738e-01
-2.558886488763515104e+02,4.267838488701689581e-01
-2.516383754083472013e+02,3.513499258874768216e-01
-2.683083171838832754e+02,7.065637443254131345e-01
-2.703661355644987339e+02,7.607041979458906145e-01
-2.426455992491422364e+02,2.239111714901496075e-01
-2.570023517729495097e+02,4.478620131994042186e-01
-2.408998061503548627e+02,2.047976248082725714e-01
-2.569813208439099412e+02,4.476935208044865444e-01
-2.983343030326343523e+02,1.973152197836086863e+00
-3.038255354211332815e+02,2.225979169767366983e+00
-3.032206815734812153e+02,2.201670093369143544e+00
-2.993841505899408730e+02,2.023080184736168796e+00
-2.570938272940908860e+02,4.493584384805979770e-01
-2.731668603076775526e+02,8.391712307167105145e-01
-2.498799646731797282e+02,3.231942103673781652e-01
-2.717520270302521226e+02,7.993247865474899516e-01
-2.401916631248230374e+02,1.971898683424909704e-01
-2.999233498085281440e+02,2.048217635599736131e+00
-2.550618848697212400e+02,4.103715229797388897e-01
-2.924158444393989384e+02,1.702496519522263663e+00
-2.481546703865251402e+02,2.972198221614448244e-01
-2.468593396439986520e+02,2.772183780625715466e-01
-2.762282623340903456e+02,9.660544757954312445e-01
-2.271486174284102901e+02,1.136524993236560088e-01
-2.598114504115179102e+02,5.052804375466521947e-01
-2.948326811978738533e+02,1.813945639434530355e+00
-3.009887632906570616e+02,2.094969604598791779e+00
-2.894718812834915411e+02,1.570331228601789419e+00
-2.526042419517965527e+02,3.687346478993118737e-01
-2.640471855309898501e+02,6.012194272997684052e-01
-2.856759964837876851e+02,1.396684287831339688e+00
-2.306952100649051260e+02,1.268114272733232850e-01
-2.794939449445324726e+02,1.110373206608581187e+00
-2.748524720437194446e+02,8.990797469554256960e-01
-2.987800346464742915e+02,1.993997789646922536e+00
-2.936454393437519457e+02,1.759425287685377093e+00
-2.779146177407645268e+02,1.038257814911613064e+00
-2.831013745529799053e+02,1.276679332517702825e+00
-2.981762872368473154e+02,1.966329526016952212e+00
-2.880528120801308773e+02,1.503413729064677851e+00
-2.900651177913073298e+02,1.596318743230655368e+00
-2.873278883732401141e+02,1.469520171221865956e+00
-2.299123596927390167e+02,1.231793392701278078e-01
-2.974243082446915309e+02,1.931620258373287546e+00
-2.344456823949658997e+02,1.487310700949867615e-01
-2.954808101451993139e+02,1.842860529511623158e+00
-2.931966224435207096e+02,1.744422802429604236e+00
-2.815106459960390453e+02,1.202869438321704898e+00
-2.822928999239509267e+02,1.238897999975258513e+00
-2.855023332405376095e+02,1.388718850275935557e+00
-2.646964555087035933e+02,6.155782257530517665e-01
-3.047085469135183757e+02,2.266970294755149329e+00
-2.818616579682850443e+02,1.218859217682716878e+00
-2.549532445568405592e+02,4.095120067411459619e-01
-2.235232043737772472e+02,1.073843250743060640e-01
-2.476331473389199971e+02,2.881414367910675178e-01
-2.907866548835718845e+02,1.628197321746498449e+00
-2.768663837750650032e+02,9.908568521407279395e-01
-2.413722847203577544e+02,2.095603663800138516e-01
-2.538201122224695894e+02,3.886034611009434592e-01
-2.537927271710869093e+02,3.881152980439224187e-01
-2.803419770701782454e+02,1.150340668926291832e+00
-2.833058102518761530e+02,1.285137184747174421e+00
-2.841954038872283377e+02,1.326055812031984305e+00
-2.869993600070076809e+02,1.458841212892433514e+00
-3.012811934795913089e+02,2.109153637780220247e+00
-2.693163139004244613e+02,7.359303457515160574e-01
-2.557513393857634583e+02,4.266645271023890018e-01
-2.588890788665960372e+02,4.889781791581189196e-01
-8.581284899172416658e+01,2.254335451572159199e-02
-2.971211489363311671e+02,1.917625082310827178e+00
-2.530195391121486352e+02,3.768535587802517295e-01
-9.427424008958719526e+01,6.491061982630935701e-02
-1.031865617599933955e+02,9.247900740973269418e-02
-1.012348592164293990e+02,8.578842123759661265e-02
-2.897450404383258160e+02,1.579922943165906979e+00
-2.805973835732496013e+02,1.160949576896628699e+00
-2.402886077892175649e+02,1.998537750297065818e-01
-2.944990639073911325e+02,1.800175646419981401e+00
-2.904439121780998789e+02,1.612111712306562694e+00
-2.793127147806235939e+02,1.102182854015060887e+00
-2.958327727105295821e+02,1.858731376386665302e+00
-2.950972872068718402e+02,1.827561475831914528e+00
-2.761429386467755762e+02,9.571404875306046556e-01
-2.831090822046072617e+02,1.285057839111389821e+00
-9.805667175111804568e+01,7.157198415779203460e-02
-2.838503987418712882e+02,1.316612331216708176e+00
-2.751337872698639444e+02,9.108731114197001766e-01
-2.911662422930188541e+02,1.645060123174761690e+00
-2.843265011806118423e+02,1.331678626283329780e+00
-2.671364004003711443e+02,6.797845671249986843e-01
-3.025071210638219554e+02,2.164370553206930836e+00
-2.855585825799155373e+02,1.392106657896922117e+00
-2.649068905417400970e+02,6.225613712176092385e-01
-3.043763372788477568e+02,2.249896089032811020e+00
-2.921786979787126484e+02,1.693676700708532046e+00
-3.006494891629455424e+02,2.079921549496430266e+00
-2.990104086743182279e+02,2.004111630472865890e+00
-2.744035526483718286e+02,8.795536256988736312e-01
-2.670078890485254419e+02,6.739817407662740401e-01
-2.983112312203347187e+02,1.972159514477999309e+00
-3.046130888625752959e+02,2.264771970862509143e+00
-9.687718804054838984e+01,6.957453155560067160e-02
-3.006499405859136687e+02,2.079937215230723169e+00
-2.892077082697988999e+02,1.555500366134271895e+00
-2.858341474909988733e+02,1.401021096345189232e+00
-2.732148878587346417e+02,8.413309593098354799e-01
-2.782604173919648360e+02,1.055626475019713961e+00
-2.909354757867256467e+02,1.634492453481368957e+00
-2.359565907086549998e+02,1.601020748988482012e-01
-2.618988421241872970e+02,5.528000890834476877e-01
-2.781636915304102331e+02,1.049795777506893568e+00
-2.223654610284128808e+02,1.070018561512193211e-01
-2.509908372660924272e+02,3.396842989261330548e-01
-2.595414468390945899e+02,4.990863841953365743e-01
-2.300535844338541835e+02,1.238803345238947973e-01
-3.027878477372951238e+02,2.178087422772775561e+00
-2.241279874763644386e+02,1.079073229330874684e-01
-2.816965008892695437e+02,1.211511633720689485e+00
-2.435986159633321222e+02,2.351033877934212146e-01
-2.854105298887910180e+02,1.381422208788566808e+00
-2.388174051626897381e+02,1.861219553576832775e-01
-2.957911863003863573e+02,1.857984849009570949e+00
-2.968609374021712028e+02,1.908204367687727165e+00
-2.452416185018567489e+02,2.556915839486859632e-01
-2.798558896427152831e+02,1.128251345293816321e+00
-2.990973502848786438e+02,2.009224725826441293e+00
-2.583165136227484595e+02,4.736827575502067234e-01
-3.036902183835647975e+02,2.220088249269258185e+00
-2.875245476640725428e+02,1.478198535173450345e+00
-2.577188969513679808e+02,4.615878610379517966e-01
-2.527836804120748582e+02,3.697327073764662408e-01
-2.631944246149847686e+02,5.799162595424756095e-01
-2.689629585464654724e+02,7.230935276463419381e-01
-3.005620302657607681e+02,2.076869191217733945e+00
-2.806855422777098852e+02,1.164955121239304114e+00
-2.565431887436070042e+02,4.387155331398866487e-01
-2.670933314433677310e+02,6.745767407599307930e-01
-2.694636755316942640e+02,7.367808543046978631e-01
-2.261962703691029617e+02,1.117945784736483761e-01
-2.353826727700176207e+02,1.559045597302619601e-01
-2.627832578665608025e+02,5.710201640112488874e-01
-2.898922442719597825e+02,1.587359137274993781e+00
-2.779255657497408265e+02,1.040553062446015753e+00
-2.846999409213502190e+02,1.350696739595002249e+00
-2.722104608018673844e+02,8.135056403218303700e-01
-2.368773397113129420e+02,1.675918220319257967e-01
-3.003608331016794182e+02,2.068861544980483025e+00
-2.343466726829595075e+02,1.480686756472527899e-01
-2.976432260178808633e+02,1.942069524684786774e+00
-3.051046325681537610e+02,2.284910541401402373e+00
-2.833674316395833443e+02,1.288585084274594728e+00
-2.464772013494734892e+02,2.719717134883307130e-01
-2.643535340838533898e+02,6.073820196719093012e-01
-2.666239358929493051e+02,6.635976058273729272e-01
-2.867637045879874904e+02,1.443792514874909338e+00
-2.901880412246298988e+02,1.602957748582051423e+00
-2.913392941137538514e+02,1.653204266455131632e+00
-2.729973355600914715e+02,8.343970433842033962e-01
-2.914019498436920799e+02,1.656461374376634765e+00
-2.833672539683697096e+02,1.288579481761142898e+00
-2.867594373790831241e+02,1.443654934104317888e+00
-3.039826180705827596e+02,2.231892668541480607e+00
-2.479008705098416669e+02,2.920488944025465550e-01
-2.680157552911460925e+02,6.987041556232431727e-01
-2.492463316863081673e+02,3.129918959214768037e-01
-3.052969998799665632e+02,2.292004994597902634e+00
-2.223634584991999930e+02,1.070018532468071659e-01
-2.489889837993838455e+02,3.082871651325960194e-01
-3.028847090478406017e+02,2.182335279828734098e+00
-2.842365148114371323e+02,1.327613778790574628e+00
-2.268984830675397859e+02,1.129714308517562604e-01
-2.282584844268886570e+02,1.169534505071200270e-01
-2.432898659536816126e+02,2.323617722616690973e-01
-2.301556820306321924e+02,1.242591093592697593e-01
-2.576037155883695959e+02,4.592891550037050408e-01
-2.948483740639244957e+02,1.817628323884235453e+00
-2.919788841233889229e+02,1.683952835143377902e+00
-2.814649008132955146e+02,1.201062965321772147e+00
-2.836241050792363012e+02,1.299703436732460027e+00
-2.704201497954483102e+02,7.634818104859952825e-01
-2.733278046307138425e+02,8.501846464614386534e-01
-2.711165861964072405e+02,7.827369013512348594e-01
-2.681572981828445563e+02,7.031949428555390735e-01
-2.822091093547635410e+02,1.234740529151939548e+00
-2.313772088012953532e+02,1.300697966492514457e-01
-2.995161229291031759e+02,2.029679543250890728e+00
-2.588678702709724462e+02,4.867001487739790466e-01
-3.022852805087377988e+02,2.154710712864094546e+00
-3.052953122274907400e+02,2.291945237309839900e+00
-2.780051904272512502e+02,1.042383790615408312e+00
-2.880294385678613480e+02,1.501563576556807611e+00
-2.795758583329178464e+02,1.116555542559415137e+00
-2.723277477056516886e+02,8.166741676810356232e-01
-2.526995804509845129e+02,3.690966474875028158e-01
-2.883518247517260988e+02,1.516377663012733690e+00
-2.520862060723279399e+02,3.586651116510668480e-01
-2.622136660727283015e+02,5.595829381872610142e-01
-2.914182798296810120e+02,1.658366532695300988e+00
-2.873667568898153490e+02,1.471508983955386318e+00
-2.911354834275580288e+02,1.644651190131164009e+00
-2.718721005731529203e+02,8.038483494308943378e-01
-2.767296102869482866e+02,9.863954352285375649e-01
-2.568544432999291303e+02,4.449468705817398728e-01
-2.760446591022054008e+02,9.525822391561380442e-01
-2.972404120271221473e+02,1.923106374027067522e+00
-2.681056167962179302e+02,7.008530428444492699e-01
-2.927132710123876791e+02,1.716464644706934939e+00
-2.871074429595615811e+02,1.460428836631078919e+00
-2.949730723637098890e+02,1.821303699355877548e+00
-2.337964376480512669e+02,1.449648515946614369e-01
-2.778070568026959677e+02,1.033173101394828652e+00
-2.819751819317151558e+02,1.224342780331593161e+00
-2.491413034366800900e+02,3.105942283568713380e-01
-2.926534787077929991e+02,1.713413749619602688e+00
-2.661259798896338111e+02,6.512931943540520852e-01
-2.890390862424341663e+02,1.547883231123358794e+00
-2.864231025471412408e+02,1.427772942518382271e+00
-2.864228078914586035e+02,1.427763405648975858e+00
-2.617916368570932946e+02,5.485367454283800459e-01
-2.888946652631195775e+02,1.541289033224162663e+00
-2.841042724276251192e+02,1.323215032143713943e+00
-9.482797711277981989e+01,6.507168736577795265e-02
-2.850048042783469668e+02,1.362902864081005472e+00
-2.911301938893245733e+02,1.643558190163305621e+00
-2.621492453286522277e+02,5.573309802992252315e-01
-2.898501627034863759e+02,1.585117339147186222e+00
-2.871586581446405262e+02,1.464867078890672580e+00
-2.354058258502693377e+02,1.573361412409498561e-01
-2.639912675514702300e+02,5.994834062838132471e-01
-2.859830584580038817e+02,1.410236009126539791e+00
-2.586693221213149627e+02,4.810352875428742792e-01
-1.034771033282649597e+02,9.608207420385639352e-02
-3.024257963284586026e+02,2.162027419484269686e+00
-2.795202936553226323e+02,1.114353867532820619e+00
-2.490211843113830810e+02,3.087501407810272491e-01
-2.543029827828067653e+02,3.976949452654903183e-01
-2.756409335006406423e+02,9.339094713413746973e-01
-2.989617267018064126e+02,2.002503979343347673e+00
-1.020844387212582234e+02,8.857677441125955120e-02
-2.678134862936058767e+02,6.958241262636668534e-01
-9.979563027538407027e+01,8.094431348059760722e-02
-2.386247902226983229e+02,1.852063681351430180e-01
-2.620155868044976728e+02,5.530485041518338196e-01
-2.463404144134784133e+02,2.702440073330668602e-01
-2.736310742088576831e+02,8.527581922452471819e-01
-2.480729413265201799e+02,2.946324677586982244e-01
-2.802972742604417817e+02,1.147337662752813792e+00
-2.769027908476763287e+02,9.920671102839015987e-01
-2.597466577489786346e+02,5.040600146977991525e-01
-2.964733031878602105e+02,1.887931354386665594e+00
-2.829887681258107932e+02,1.272323927679039457e+00
-2.727771462057116878e+02,8.279136420758861359e-01
-2.470336226040892313e+02,2.826077647278046889e-01
-2.800987469267710139e+02,1.139329983486830233e+00
-2.639981349872487613e+02,5.996310751104936276e-01
-2.751625565404917779e+02,9.123277943798440148e-01
-2.815870569358967828e+02,1.207254683889054769e+00
-2.685184599135544090e+02,7.140981886093888953e-01
-2.967615182255135551e+02,1.901130242246413138e+00
-2.224076065669714808e+02,1.070024434378762379e-01
-2.916708199463855635e+02,1.668037790695675149e+00
-2.402491465923057774e+02,1.984368616711145172e-01
-2.589702344655024717e+02,4.894001807049523922e-01
-2.452929505010491198e+02,2.583958125398035932e-01
-2.817724907164575257e+02,1.216875118533750300e+00
-2.280719543062828336e+02,1.163219621737096032e-01
-2.897352484501406593e+02,1.579460453345344906e+00
-2.889954239958759104e+02,1.545963129221928023e+00
-2.871437775644593557e+02,1.461172278137903735e+00
-2.502395188242297479e+02,3.275194491113593287e-01
-2.643886859506815767e+02,6.080897270735206028e-01
-2.689993063596461411e+02,7.239261790594528900e-01
-2.910986608141147371e+02,1.642267330459270314e+00
-2.373364404957127363e+02,1.707367646683825013e-01
-2.801031080493851277e+02,1.141546177304614496e+00
-2.856658995993972781e+02,1.394014285966214350e+00
-3.041266110017001552e+02,2.238520267266374653e+00
-2.837658383959841899e+02,1.306780321277510204e+00
-2.746528762012708853e+02,8.891889071265042244e-01
-2.485779106480256075e+02,3.043914515930650211e-01
-2.884575623272924645e+02,1.522105369263482721e+00
-2.563399776912614243e+02,4.354636258146762362e-01
-2.716201509004467880e+02,7.952035070750420598e-01
-2.325119914002360986e+02,1.362313056024637703e-01
-2.530922156365079445e+02,3.771435731518408829e-01
-2.605309616067447109e+02,5.204556454908464413e-01
-2.773072456566225128e+02,1.010685374895883726e+00
-2.866184586790596427e+02,1.437814074763687167e+00
-2.707271129703934776e+02,7.729321984947223889e-01
-2.826149956666444041e+02,1.255892786822020213e+00
-2.996550006948444889e+02,2.036041228330197850e+00
-2.948162744456262203e+02,1.813296237968533786e+00
-2.623961923417796811e+02,5.619306707030531367e-01
-2.753294660552274991e+02,9.233820116034592296e-01
-2.956504986593002400e+02,1.853203134860096579e+00
-2.244654431663686864e+02,1.082746678905098237e-01
-2.697456682521770404e+02,7.438258462253688474e-01
-2.399206231169439434e+02,1.959240256576199046e-01
-2.225928218696485601e+02,1.070173924556533929e-01
-2.667371946639308931e+02,6.655251827418908750e-01
-2.729014308660106281e+02,8.315985588669183581e-01
-3.010880208395592490e+02,2.100057844589986900e+00
-2.652194803036690018e+02,6.280884892832472310e-01
-2.733455727412270448e+02,8.515730786213489001e-01
-2.356092336725686494e+02,1.573874635212714201e-01
-2.674800231201567158e+02,6.858185697047265439e-01
-2.283720026812104038e+02,1.173493138873001884e-01
-3.013577896056593204e+02,2.112500104195073725e+00
-2.725051709372975210e+02,8.202854809442741146e-01
-3.052969999255867037e+02,2.292004997175626002e+00
-2.974900061032872145e+02,1.934546237531481916e+00
-2.623549143785396041e+02,5.608776797239589662e-01
-2.938719517212155097e+02,1.769289714226913723e+00
-2.395805163491588416e+02,1.955499205907776927e-01
-2.684891423686576104e+02,7.104976619516985004e-01
-2.872958070776605837e+02,1.468639249322549301e+00
-2.814318909026181927e+02,1.199301937395894857e+00
-3.027808511789505701e+02,2.176846148197436381e+00
-2.842145264170213750e+02,1.326616866535398787e+00
-2.772609770328073751e+02,1.008335021445221802e+00
-2.347788258235644605e+02,1.509154940433266034e-01
-3.044361497148026956e+02,2.252941311457813178e+00
-2.860924619099697566e+02,1.412701743346829186e+00
-2.908560622500923500e+02,1.631083470264042656e+00
-2.849714155638277475e+02,1.362079908500786418e+00
-2.805164571256412387e+02,1.157897025820052939e+00
-2.674642970119871848e+02,6.849184115594340039e-01
-2.528528528330979555e+02,3.707013588363095025e-01
-2.557129051902283550e+02,4.234333876923324080e-01
-2.780840816833530198e+02,1.046278614049907629e+00
-2.570046939167619939e+02,4.483445735003299681e-01
-2.787980271813269724e+02,1.078492346965574500e+00
-2.312008774381457386e+02,1.292895808801880486e-01
-3.015213450983010830e+02,2.119557842328371411e+00
-2.520067000642948187e+02,3.562682585882768205e-01
-2.745392217117694713e+02,8.882198734671087337e-01
-3.040640262170176129e+02,2.235902587504229100e+00
-2.614558719227380834e+02,5.404926221180037516e-01
-2.409409364948990344e+02,2.059397201626465002e-01
-2.825403963394899733e+02,1.250072735795597634e+00
-2.757825340864222881e+02,9.411260074801204301e-01
-2.931540286095719239e+02,1.740659007271355918e+00
-2.968311431939511635e+02,1.904480849752750782e+00
-3.035139052066011800e+02,2.211052580972151294e+00
-2.883258869827598119e+02,1.514843808529868996e+00
-2.782566360859322003e+02,1.053754068022194845e+00
-2.266171582552397297e+02,1.121393777105010869e-01
-2.890573198961145636e+02,1.550379088699165075e+00
-2.792415826215247421e+02,1.099034562781598057e+00
-2.894684019634080983e+02,1.569198968905201497e+00
-2.764841724494646087e+02,9.727623003897643006e-01
-2.483017468451670027e+02,3.015327210502039001e-01
-2.934281648094985258e+02,1.748990461798379137e+00
-2.780114767634278223e+02,1.044710390599650651e+00
-2.390844675411082392e+02,1.866328656243348982e-01
-2.788329336585165947e+02,1.081945869125370052e+00
-3.006549227117261580e+02,2.082792388141085027e+00
-2.302950598414283547e+02,1.258412093834913037e-01
-2.408610102075434725e+02,2.043811388388703243e-01
-2.897453444937236213e+02,1.581887587563002295e+00
-2.247545930777084209e+02,1.086523912354495081e-01
-2.419739280974228848e+02,2.168498205942764878e-01
-2.846846151931231930e+02,1.349085842679586644e+00
-2.851898617247874199e+02,1.372220249885600651e+00
-2.317414268490657321e+02,1.321097189889859358e-01
-2.527188334703531893e+02,3.691054193018761254e-01
-2.694388227644415679e+02,7.362632133294830794e-01
-3.000190749288482266e+02,2.050875390713866153e+00
-2.551384437803323806e+02,4.129183501573365778e-01
-2.502525159102859220e+02,3.277629775307322468e-01
-2.947697514954903113e+02,1.812837172386331464e+00
-2.869729758158675281e+02,1.456331067139014390e+00
-2.434195418847085080e+02,2.330860042880180671e-01
-2.685305952616325271e+02,7.186500895913545683e-01
-3.031324240632439455e+02,2.196767267069748009e+00
-2.376898708760004411e+02,1.737169054413226776e-01
-2.260688106952903524e+02,1.112333516379128140e-01
-2.976590923744518022e+02,1.942239513385626504e+00
-2.618390650548718099e+02,5.497521125888513716e-01
-3.042101631936021136e+02,2.243167753481219773e+00
-2.942969821297259614e+02,1.788563938421788180e+00
-2.799693628761932018e+02,1.136942334676620980e+00
-2.913021952843557756e+02,1.651316966461439772e+00
-2.920952252086716499e+02,1.687462111843538448e+00
-2.721483686759471539e+02,8.103013030907582070e-01
-2.456031795311392045e+02,2.602310578634468019e-01
-3.021230734753594902e+02,2.146865647262349075e+00
-2.479495171632538586e+02,2.930343730933016033e-01
-2.514939612712897770e+02,3.510298481041749241e-01
-2.224478167635587340e+02,1.070039428997856534e-01
-2.880937571910006341e+02,1.504513389040927240e+00
-2.906015597493205860e+02,1.621276682010419190e+00
-2.367750930506781231e+02,1.665309977548076192e-01
-2.755000423873892714e+02,9.285177754739606382e-01
-2.816913016898156457e+02,1.211278524926103106e+00
-2.995106099357454923e+02,2.027571738499003295e+00
-2.838330073535382780e+02,1.315255690262205679e+00
-2.606940988036683393e+02,5.244936360221994498e-01
-2.351256435935829074e+02,1.532852568933195103e-01
-2.459614789587132009e+02,2.649916075559317630e-01
-2.723273579679304817e+02,8.155333184727178164e-01
-2.821891219328330180e+02,1.234064155865156831e+00
-2.633254089322613254e+02,5.832241809173970282e-01
-2.517852346432187005e+02,3.559976478366428942e-01
-2.275692387051885532e+02,1.148021086901678811e-01
-2.936843185471034303e+02,1.763246064158659143e+00
-2.752131558653156844e+02,9.162260499065295605e-01
-2.545079520667794668e+02,4.007596429363124990e-01
-2.223644583651405924e+02,1.070018544856333742e-01
-2.553371710093269087e+02,4.166500332858145139e-01
-2.577610011469216147e+02,4.679601436562974559e-01
-2.781334718235136165e+02,1.048596614111662495e+00
-3.045700595276049398e+02,2.259169192983383923e+00
-2.641667910781807791e+02,6.029794316458276793e-01
-2.475503055200155984e+02,2.873353231253454876e-01
-2.738639201885246166e+02,8.602968526298400143e-01
-2.817803033040684113e+02,1.217282645255334916e+00
-2.312624440251538829e+02,1.295955389180812878e-01
-2.362872430174498106e+02,1.621354042156226694e-01
-2.614669637087553724e+02,5.418537989343930050e-01
-2.713901951796598837e+02,7.888019161274066882e-01
-2.521723985892345752e+02,3.610688867054607787e-01
-2.353427934245849542e+02,1.551768496724040824e-01
-3.018120521875594022e+02,2.136591782459961397e+00
-2.621935424297677173e+02,5.594257356384138014e-01
-2.291379616591791830e+02,1.200572737599954198e-01
-3.036131178623764413e+02,2.215820531370942703e+00
-2.394838877097059537e+02,1.901541148557923666e-01
-2.901742903325306884e+02,1.600654572222080851e+00
-2.725174632020407444e+02,8.222079507517285890e-01
-2.587685150489785997e+02,4.831180497566653909e-01
-2.917941319003214744e+02,1.673883924601931916e+00
-2.594591551827729745e+02,4.976038164311979983e-01
-2.943798663843907093e+02,1.792245845227013801e+00
-2.852594143379864704e+02,1.374384347869639367e+00
-2.493599176956115855e+02,3.137735501472502797e-01
-2.768448864899893351e+02,9.893423552852373959e-01
-3.010309134983296531e+02,2.096736736164497295e+00
-2.889536700791177282e+02,1.543581605719257288e+00
-2.429564573436705075e+02,2.274689756787060535e-01
-2.514699891851052200e+02,3.488069170041121492e-01
-2.664067432869516665e+02,6.574630731557875585e-01
-2.909725459192759445e+02,1.636029769987540128e+00
-2.807250043556564947e+02,1.166904359625092757e+00
-2.805876602721040172e+02,1.160483693162904340e+00
-2.260619917715025622e+02,1.110253074428241282e-01
-2.442818693195948754e+02,2.434139716595112857e-01
-3.024087847067160624e+02,2.159843139356402375e+00
-2.915189091332409816e+02,1.661275888638062748e+00
-3.001054976321850063e+02,2.054374303221572440e+00
-2.925246392908383086e+02,1.707241643454063373e+00
-2.708874819544224124e+02,7.748919427966491913e-01
-2.754528570447871516e+02,9.255257612216007956e-01
-2.762250803435023840e+02,9.611955583904254752e-01
-2.978160440114385210e+02,1.949517391493629903e+00
-2.697097499504371285e+02,7.428895764859126949e-01
-2.657547419421292147e+02,6.413004882933672768e-01
-2.791596655852457616e+02,1.099022124808677336e+00
-2.241477170678357425e+02,1.080622414083449168e-01
-3.051938476017855919e+02,2.287310260285574159e+00
-2.418012001184628730e+02,2.142690877220081447e-01
-2.631401432856277438e+02,5.790018109832049120e-01
-2.847496349468755170e+02,1.355344210869192878e+00
-2.895427465908378508e+02,1.571735447285470100e+00
-2.223677424821852924e+02,1.070018623882839637e-01
-3.052969999449077250e+02,2.292004998131527582e+00
-2.677800980202860046e+02,6.940268259532316186e-01
-2.722857231187017533e+02,8.139921955610680548e-01
-2.344236279860927823e+02,1.484074674006180539e-01
-2.811476379722965362e+02,1.187742544160733438e+00
-2.630775230090307559e+02,5.772916453885128529e-01
-3.036704357028468166e+02,2.219991182612672809e+00
-2.542599420423780430e+02,3.956034898113638398e-01
-2.777471858859989311e+02,1.033169970855696063e+00
-2.796257137546675722e+02,1.117702083459640505e+00
-2.554461081085473779e+02,4.177385341543922159e-01
-2.535530907380490646e+02,3.829458738653044314e-01
-2.276998681163659626e+02,1.155825761938536478e-01
-2.709509994502676022e+02,7.767026899512454730e-01
-2.921498746516406868e+02,1.690667614670704477e+00
-2.710670238737348541e+02,7.798964499099900749e-01
-2.828004736788776086e+02,1.261921736999439325e+00
-2.997179811768909872e+02,2.038013061216790156e+00
-2.976156691083824057e+02,1.940348821032762627e+00
-2.966884588189637384e+02,1.898064772058787542e+00
-2.845480192370441159e+02,1.343293627173651972e+00
-3.012144442185395974e+02,2.108522857795087635e+00
-2.372338450599114594e+02,1.699837270619846130e-01
-2.860331480891920251e+02,1.411350314768366809e+00
-2.970203529780314398e+02,1.912978069303593154e+00
-2.782239819832751095e+02,1.053229204378343997e+00
-2.886889906599769802e+02,1.531443048471115898e+00
-2.955903706983086749e+02,1.847504316667378799e+00
-2.928364675112326267e+02,1.721377207189046299e+00
-2.979941253532562087e+02,1.958117840954322064e+00
-2.878569284201798837e+02,1.493353937261005848e+00
-2.883054124386357557e+02,1.513896367315192837e+00
-2.326894729231232759e+02,1.372537692212350002e-01
-2.307755764628777229e+02,1.271711358049621987e-01
-2.311515995386277211e+02,1.289147826822970577e-01
-2.233775710051361330e+02,1.072944062350911221e-01
-2.984302158626693426e+02,1.981551303887205240e+00
-2.611300002950846419e+02,5.333053595054026985e-01
-3.049467098789720580e+02,2.277538249223749922e+00
-2.568797758908418700e+02,4.449508857391952787e-01
-2.918121586512792192e+02,1.674510802833300227e+00
-2.793937742225953116e+02,1.108662043876486480e+00
-2.939060528109746997e+02,1.770405756905727213e+00
-2.267025382893706364e+02,1.124593653999573784e-01
-2.326309659036583071e+02,1.369142826120857137e-01
-2.928364570534805580e+02,1.721377043365974968e+00
-2.787020827276104455e+02,1.074278473012260982e+00
-2.943834274303601433e+02,1.793592985690735109e+00
-3.021982959957439903e+02,2.151170445874897919e+00
-3.027193566726407994e+02,2.176728767775011786e+00
-2.744243132636063365e+02,8.814015145396996154e-01
-2.766690306190050705e+02,9.810553098222174473e-01
-2.990667312472522781e+02,2.006799608232387566e+00
-3.052969999798557410e+02,2.292004999469170468e+00
-1.084220171304061466e+02,1.069641611882341525e-01
-2.224023519505972786e+02,1.070023155056114006e-01
-1.023548320284910318e+02,8.944839048130170944e-02
-2.624196914916529408e+02,5.621292027439868111e-01
-2.352247757816370779e+02,1.539425440522527166e-01
-2.917417244788942980e+02,1.672131441570706700e+00
-2.892501895131816809e+02,1.557193940502969332e+00
-2.897202429649494206e+02,1.578803002114006482e+00
-2.846471093356774986e+02,1.348051153688440529e+00
-2.725950548726811462e+02,8.240521173652162190e-01
-2.875671467997742639e+02,1.480571777818607382e+00
-2.935281849582835889e+02,1.755513693011772292e+00
-2.371592941386606412e+02,1.696782313632408945e-01
-2.451451462514866364e+02,2.542294073686672817e-01
-2.926006931139105518e+02,1.710715870135724348e+00
-2.953126529512057914e+02,1.835038370234650218e+00
-2.946187906893579225e+02,1.804714026808037941e+00
-2.655824434374140424e+02,6.379408406364355244e-01
-2.491908969660829030e+02,3.116500544716303001e-01
-2.667144353121730092e+02,6.649844535999838158e-01
-2.840375076661976550e+02,1.322233977652714110e+00
-1.050016901869504267e+02,9.716988645157220716e-02
-2.642118464108588682e+02,6.041101685537217936e-01
-2.549192020388590265e+02,4.077021618475860087e-01
-2.568200119885285631e+02,4.437907519882968721e-01
-2.929024426240916341e+02,1.727789894374663682e+00
-2.606152355677916717e+02,5.220493391450320431e-01
-2.793172441308905718e+02,1.102295968411622695e+00
-2.325203361409837726e+02,1.364823183271841600e-01
-2.294985607753200441e+02,1.214695241077607957e-01
-2.509483299882059555e+02,3.387966377392201967e-01
-2.421939290464783312e+02,2.198108640867226793e-01
-2.322244968319174347e+02,1.346210251301022121e-01
-2.289352420820176519e+02,1.192853006323183473e-01
-3.038318239421593603e+02,2.228560740278764829e+00
-2.869354382696466246e+02,1.451602183200750629e+00
-1.066901441672083735e+02,1.019012607138618520e-01
-2.973140200379435214e+02,1.930822635391291398e+00
-2.820456408491921820e+02,1.227249667515991627e+00
-2.957521887267805027e+02,1.855160135727606630e+00
-2.716244831821351795e+02,7.954582643518719465e-01
-2.812084318221232593e+02,1.196248381310164532e+00
-2.613627713945686537e+02,5.385167902967566977e-01
-2.821313466077894532e+02,1.231391550227136644e+00
-2.538326960167390780e+02,3.895012794266976552e-01
-2.681461488684758478e+02,7.024517083978270016e-01
-2.230364773800607168e+02,1.071308956128673162e-01
-2.881430640895496254e+02,1.513641948196795539e+00
-2.773914135454933216e+02,1.015393780722253281e+00
-2.659534314221978661e+02,6.463094000127715955e-01
-3.052969999935344845e+02,2.292004999805173693e+00
-2.384061827611228637e+02,1.803541281597706991e-01
-2.446296632150614130e+02,2.476801646474526830e-01
-2.887093774089767066e+02,1.538604953895140959e+00
-2.906492832300770601e+02,1.621634203466048030e+00
-2.777413917004154200e+02,1.030148458784388987e+00
-2.873446356887038746e+02,1.470499669027008682e+00
-2.684908436492983128e+02,7.111978248944257341e-01
-2.756052352637235003e+02,9.332461114346299880e-01
-2.505023454489861194e+02,3.318028092863380962e-01
-2.696096195238959012e+02,7.402987985064120036e-01
-2.661797159984373025e+02,6.525400373416467836e-01
-3.043823480901223775e+02,2.250416570084544876e+00
-3.002703523671009407e+02,2.062032532079864477e+00
-3.023020316182540910e+02,2.155152894454263723e+00
-2.818395953236135938e+02,1.218119485866694829e+00
-2.747623099678511380e+02,8.937627339105902458e-01
-2.565024620235898283e+02,4.375986781871421538e-01
-2.603311362640563402e+02,5.160080371582098646e-01
-2.596375852055446103e+02,5.012061841115398320e-01
-2.366851557633702612e+02,1.662059815753818004e-01
-2.789904756950215869e+02,1.090580953093629901e+00
-2.275410750711732248e+02,1.146919523807010677e-01
-2.995310911720307558e+02,2.035705252048289893e+00
-2.804377933497793265e+02,1.155099427571729676e+00
-2.977929767993524592e+02,1.949459554332396927e+00
-2.252253526974190265e+02,1.094054738074892175e-01
-2.952103523535320733e+02,1.830742964713794052e+00
-2.727832873464930685e+02,8.281400601923476490e-01
-3.052633727468208349e+02,2.290814406021710603e+00
-2.859809254359437318e+02,1.407517673971074412e+00
-2.296741963314089219e+02,1.221772309947640744e-01
-2.844683021997272476e+02,1.339410865429967901e+00
-2.842600930831209212e+02,1.329008777169414124e+00
-2.455384739941466421e+02,2.595334624467249274e-01
-2.922408291117973249e+02,1.694600553866512316e+00
-2.701404738961153384e+02,7.556901794944759221e-01
-2.718226809895854785e+02,8.011694967137519274e-01
-2.582719585244842619e+02,4.727563409541453154e-01
-2.372812869463229788e+02,1.703126581945568763e-01
-2.894735633009366893e+02,1.571494971814672903e+00
-2.867547280487918329e+02,1.442907692313011081e+00
-2.653672225042257651e+02,6.320678948912850093e-01
-2.933051720069260000e+02,1.748868142002784065e+00
-3.021937752879545087e+02,2.151025677253771917e+00
-2.251313645728091615e+02,1.093380476489322350e-01
-2.881006289168162766e+02,1.504546522038255674e+00
-2.340760298736293237e+02,1.459670992655044408e-01
-2.957789998222049235e+02,1.856435561303151793e+00
-2.461960472079885847e+02,2.681595350642644870e-01
-2.881009133935923501e+02,1.504556464018582451e+00
-1.082878180435293984e+02,1.069424795808164852e-01
-2.369381977094234060e+02,1.687598106931083031e-01
-2.983940713657986521e+02,1.979968735039606020e+00
-2.519040885131040284e+02,3.561787332193502298e-01
-3.031319620559496002e+02,2.193212002869730171e+00
-2.918638166129761657e+02,1.677036921714494699e+00
-2.803127040564091317e+02,1.148088183337114820e+00
-2.472183259520815284e+02,2.854280518749366946e-01
-2.784358578458543434e+02,1.066372717481374632e+00
-2.810530907929518207e+02,1.182059114504425246e+00
-2.729592744883503315e+02,8.334895514900362290e-01
-2.635313215035765211e+02,5.881421808169973175e-01
-2.321866244603047846e+02,1.345321979035215554e-01
-2.761929281488639276e+02,9.592640867211514877e-01
-2.974727036759343264e+02,1.933864383977883739e+00
-2.557155292566642117e+02,4.252852558529045535e-01
-2.963236337699300975e+02,1.881080827330410932e+00
-2.966056794722994709e+02,1.897590295995803977e+00
-2.675610694107099334e+02,6.889501299600380158e-01
-3.008398354039857168e+02,2.088419750596368196e+00
-2.748049752761477862e+02,8.956278720872790089e-01
-2.930111228516164488e+02,1.729604300102475678e+00
-1.014353361334310364e+02,8.823414822032493721e-02
-2.978581542590951017e+02,1.951361578704179811e+00
-2.854173358210603624e+02,1.385800985240398742e+00
-2.834968350489064619e+02,1.299426604009904285e+00
-3.044754205786439911e+02,2.254380815530826254e+00
-2.581228709388295215e+02,4.711194427933098616e-01
-2.997585999470097136e+02,2.039234208107782109e+00
-2.598242404606958758e+02,5.090049240264304942e-01
-2.775562182567097693e+02,1.023874324749560083e+00
-2.955123565822923979e+02,1.843917559974411313e+00
-1.032477891453425656e+02,9.442959914540649535e-02
-2.890109485618428948e+02,1.546350509477137702e+00
-2.484130584675389173e+02,3.030556440974931931e-01
-2.719808032649428924e+02,8.074105058046332495e-01
-2.655378465220918542e+02,6.358910841865030861e-01
-9.394809771513956775e+01,6.224621378175609898e-02
-2.738727212483216817e+02,8.612530856005611302e-01
-2.658658244490192715e+02,6.439541669946176050e-01
-3.052969999846621931e+02,2.292004999569995149e+00
-7.948478719390183755e+01,-3.897969235391818277e-03
-2.223637727658414462e+02,1.070018535281847538e-01
-1.084004773061955120e+02,1.069457692197599563e-01
-2.630372074904167903e+02,5.763372017135020009e-01
-2.803589327353715248e+02,1.153151066675297542e+00
-2.917605945879107594e+02,1.673062044133281301e+00
-8.526224102638749969e+01,2.141509225452675746e-02
-2.607483522507927773e+02,5.264757409699352131e-01
-9.672838365630181556e+01,6.699868312025808459e-02
-2.798079661886368399e+02,1.124780286159185128e+00
-2.827205721734267740e+02,1.259358188997284911e+00
-2.704726325001132068e+02,7.703195625212830855e-01
-2.759813797772637827e+02,9.518433081238075744e-01
-2.526254264923612141e+02,3.687737687731451608e-01
-9.318330769235076616e+01,5.427481390781535575e-02
-3.018022858648884039e+02,2.132348247082734183e+00
-2.405565330508977127e+02,2.021592354945815906e-01
-2.979671656575288239e+02,1.957988319453479731e+00
-2.751211803166525556e+02,9.102775787742194424e-01
-2.947314750630628168e+02,1.811604285833458894e+00
-8.854946701454619529e+01,3.501386326110339509e-02
-1.082750903663614679e+02,1.065915901592866533e-01
-2.993017301822719105e+02,2.017470380889109460e+00
-3.002913443608252351e+02,2.062829099060560889e+00
-2.545422485636882755e+02,4.008090611016437155e-01
-2.331614995283990766e+02,1.410558539412248846e-01
-3.048548340943760309e+02,2.275916732300950596e+00
-2.364350536643848102e+02,1.639531594899410472e-01
-2.999026792018014476e+02,2.045000866100801673e+00
-2.878979241429981926e+02,1.495244522884181082e+00
-2.562637493636565296e+02,4.330818578826394205e-01
-2.285646037509662847e+02,1.179517382959218708e-01
-2.601145917653673223e+02,5.127881078181335539e-01
-2.970292302226470156e+02,1.914591213605213893e+00
-2.972542679184649046e+02,1.924247541250152294e+00
-2.381666828129769442e+02,1.790908558156284469e-01
-2.715731337030227905e+02,7.945614523831998621e-01
-2.668901863369641205e+02,6.738859778294323810e-01
-2.883015336662541586e+02,1.513727733677446841e+00
-2.872290464162124977e+02,1.466673355964343672e+00
-8.623021951415870490e+01,2.499816222369050100e-02
-2.853995098727270943e+02,1.380904155322588922e+00
-2.672932317281067753e+02,6.801471337296201014e-01
-2.890922018374271261e+02,1.551631380370351199e+00
-2.891023871599273889e+02,1.552096846660688811e+00
-2.941417144818919951e+02,1.781719100471187645e+00
-2.863425494177947712e+02,1.427019750593609082e+00
-2.780109584391022395e+02,1.042838846421288101e+00
-2.569563347727234941e+02,4.469944163847834329e-01
-2.591691019534543443e+02,4.916859443310304112e-01
-2.985682217615842546e+02,1.984204744346136362e+00
-2.770369735719883693e+02,9.987474480910045749e-01
-2.987190834147872920e+02,1.991967604273227943e+00
-2.858850166726901989e+02,1.407103271052659199e+00
-2.475493718948736159e+02,2.870035027502760849e-01
