1.267283630740655642e+00,1.452747997368338373e+00,1.348207967586788847e+00
1.591988962187929957e+00,1.288962361509609966e+00,6.994571181198506737e-01
7.542323292571950777e-01,2.492529316726882715e+00,1.882744991095893772e+00
1.524706657573548840e+00,7.347691705174116406e-01,2.644158854314939688e+00
1.925455642981930504e+00,9.534717093630125095e-01,8.286234142917356937e-01
1.465301156877232724e+00,8.024457737176540206e-01,2.555836732273579770e+00
1.456427650542496899e+00,8.093057743747793520e-01,2.543962038349854016e+00
1.997706624144031107e+00,8.559523253959464562e-01,7.996580220799883731e-01
8.792051218958344405e-01,2.836901069705276779e+00,7.156082141073257796e-01
1.543837544933344574e+00,1.026828866926124295e+00,1.736713059676310511e+00
8.025040392710509618e-01,2.345517806155362983e+00,2.206538871072146968e+00
1.136257992203596690e+00,2.142311007056331817e+00,6.894880148449871182e-01
1.793362999798692847e+00,9.879217684933783161e-01,9.927208093705218728e-01
1.055061851243977999e+00,1.091597587368369204e+00,3.349826683648664094e+00
1.206051910147039052e+00,1.295327573107309505e+00,1.866652092781344141e+00
1.650051418460669161e+00,8.599735428828889638e-01,1.817541194332787491e+00
1.588823557973070955e+00,8.152359003135526416e-01,1.961306125769104902e+00
1.343584230320973516e+00,1.451298674846471126e+00,1.125415366697763764e+00
1.324547529001424362e+00,7.178424279158021060e-01,3.132071602674018074e+00
1.488773228110345404e+00,1.082737316462042187e+00,1.790167155055615966e+00
1.146152703159381225e+00,7.185688491555234370e-01,3.576548352963680788e+00
1.294752054976453071e+00,9.211479770819392954e-01,2.548109220915150797e+00
2.035404544868300913e+00,7.641002721497329730e-01,9.116786558903519078e-01
1.124217434351096667e+00,7.203457461031890219e-01,3.570246334106372377e+00
9.127458951187255032e-01,7.884660393383020605e-01,4.413158987534315791e+00
7.813711854631877340e-01,2.281319368755741817e+00,2.426140572134075413e+00
7.878488438949956540e-01,2.088572822938576046e+00,2.795510119503528568e+00
1.191026987516653035e+00,7.276182833372548675e-01,3.203962500603944719e+00
1.093107171980662651e+00,1.285720268863475457e+00,2.036199230921760694e+00
8.299253265125030588e-01,2.593740340938869959e+00,1.083385937511241792e+00
1.211374767437889410e+00,6.681014891446683812e-01,3.351881630323383376e+00
7.105767684112999083e-01,2.733645174708656977e+00,2.836471530164084598e+00
1.528858245272932237e+00,1.036469958578133399e+00,1.639106603794452166e+00
1.011326851776915392e+00,1.449055983929674163e+00,2.211845891005115750e+00
1.297285073619620199e+00,8.003876187976540768e-01,2.879013066430625045e+00
2.184220044912960734e+00,8.235693548624637428e-01,6.992056159747774835e-01
1.327432867180380782e+00,7.585043970861118368e-01,2.953903624178475518e+00
1.730720666677795005e+00,8.341589157547730782e-01,1.823476981344456238e+00
1.103952229792123596e+00,1.665283164150812567e+00,1.517633103780129611e+00
2.148937074021680882e+00,6.736949183928041540e-01,1.104412728387762499e+00
1.233017029152989164e+00,1.561565626350451375e+00,1.287004016459422751e+00
1.858443747379105560e+00,9.410550686397025633e-01,8.667048585942027650e-01
1.657041865451636342e+00,8.222225334785946416e-01,1.885102712263053704e+00
1.548778276053151659e+00,6.956986165882339535e-01,2.737357905732521690e+00
9.691768888905726298e-01,1.760364768387812529e+00,1.870898773409205518e+00
1.045648655436966612e+00,2.227914556793095802e+00,6.470690608978766356e-01
7.039307970081560839e-01,6.501380816619940495e-01,5.507979355775030506e+00
7.400252036387002796e-01,2.577057566293158963e+00,3.095838137865092765e+00
1.693619516094442057e+00,9.717308460330393860e-01,1.242065043921844358e+00
1.552874112791606809e+00,7.540802576718794725e-01,2.340115334296324345e+00
9.039107888491815235e-01,2.329222635077575987e+00,1.415707799757083496e+00
1.405890503395928803e+00,7.216172718037422440e-01,3.060207738539169053e+00
9.021479564124978978e-01,2.074592886830060046e+00,1.722617244729788055e+00
1.623067088693671778e+00,9.464511573980269876e-01,1.636085521854790947e+00
9.591126280202807441e-01,1.180170514592149500e+00,3.107052108603050478e+00
2.177686072134442430e+00,7.110807418385838297e-01,8.280442284518712004e-01
2.215293312919939250e+00,7.551382325974304033e-01,6.716546436029902090e-01
1.895333300113205777e+00,7.219452927076436266e-01,1.791500346939589150e+00
7.236313344174081230e-01,6.367239441080332352e-01,5.430158808602907783e+00
8.085123448879253383e-01,6.495814836320902286e-01,4.463130542029793091e+00
6.937107856435974496e-01,2.777246077809572000e+00,2.704991817638157769e+00
9.134326144215307863e-01,2.295318815276885527e+00,1.018170613754756815e+00
1.353194674157902844e+00,7.941245548546983501e-01,2.564870720843235752e+00
1.096784527024142752e+00,7.377731675058569749e-01,3.504825003942992012e+00
6.805735728427846354e-01,2.814302424631346611e+00,2.588083524149448422e+00
1.014637621971361980e+00,1.206303581851014606e+00,2.484163567099322290e+00
7.614721421499217602e-01,6.739149505115610284e-01,4.788750648993080894e+00
8.195343971096255009e-01,1.658284565539003275e+00,3.023336183830688473e+00
1.265836544362762162e+00,6.976700528848734928e-01,3.168441572358169367e+00
6.387021202953282462e-01,3.628427480610245226e+00,1.790337737628816983e+00
9.989584665189386037e-01,1.953318286568573647e+00,1.480774699153343033e+00
1.500431502646578430e+00,8.267628509346750532e-01,2.156935676359073906e+00
1.262722615823882233e+00,6.823394548625731915e-01,3.300245973126627597e+00
9.511663840756816590e-01,2.410131834525917505e+00,6.359211265637139121e-01
1.320375127138913474e+00,9.507481612307374652e-01,1.882168451909596030e+00
6.594573512502837076e-01,3.208674646294943145e+00,1.903644317261983465e+00
9.353648419052076335e-01,1.967222218731594419e+00,1.622994873393729831e+00
1.262346011737259577e+00,8.967298643768694122e-01,2.755365086504413696e+00
1.495189671161465839e+00,1.233043981659491140e+00,1.210968141413705013e+00
7.708339728403541535e-01,6.812652439625949130e-01,4.753023179127321640e+00
1.045118786007938727e+00,1.529167291505641346e+00,1.852118546291886325e+00
1.937214870604798911e+00,7.130582415606434576e-01,1.675202161425160874e+00
1.159224858815110837e+00,8.920153429777912812e-01,2.996831882932167623e+00
2.140161203919215271e+00,6.533084556434781698e-01,1.236403737168603190e+00
6.568836910074280500e-01,3.065496896105729618e+00,2.039074158011680460e+00
2.122411804994470241e+00,6.901035619903140850e-01,9.557458348085359212e-01
1.807775179804874899e+00,9.007514953707523864e-01,1.154534038870532298e+00
6.947066267085848512e-01,2.982331840963977854e+00,2.280276691371044606e+00
8.034959073511899197e-01,6.945746369385646934e-01,4.489371185182373658e+00
7.126387774821566490e-01,2.590285405378896844e+00,3.036524055501032660e+00
1.632135066657887101e+00,9.224154998663465221e-01,1.938814568561985752e+00
2.012355922197018643e+00,7.227757026193079026e-01,1.382210148965032248e+00
1.046245668716093480e+00,1.195881828881927067e+00,2.342004401710724437e+00
1.827128855356398240e+00,8.879823774356313537e-01,8.884345200048623381e-01
1.061364449546378097e+00,1.560759835464890610e+00,1.840569177025801029e+00
7.914286216830525023e-01,3.111215881526740112e+00,6.549901515334296542e-01
7.803676972753419427e-01,6.353513204920487878e-01,5.091431225882361744e+00
8.675080898224748482e-01,2.480593274854717478e+00,1.307395475454843137e+00
1.411459835166101628e+00,6.638576207782603822e-01,3.061760082761716184e+00
1.848181664737000407e+00,7.889227455604050920e-01,1.428800712471474998e+00
1.551557608703032054e+00,6.707894730608713330e-01,2.599989917846616816e+00
1.181383353844152939e+00,7.331288365185144595e-01,3.081046439296525996e+00
7.166186643174984328e-01,6.464623980069573728e-01,5.446900707065575276e+00
1.115239257888854807e+00,7.298895955025769267e-01,3.582563215877571761e+00
1.261411492334509887e+00,6.751341523692763191e-01,3.326597476191788250e+00
1.295956160317809580e+00,6.959204919845576320e-01,3.209579590133641247e+00
1.194507134832306416e+00,1.380358001698700932e+00,1.869003119105107302e+00
1.346757609508491438e+00,1.588523567705316886e+00,7.174615439723099897e-01
1.540201149079136744e+00,6.714563146884313660e-01,2.910827069911444909e+00
1.898023666046398050e+00,7.316424043038777247e-01,1.610251631270049888e+00
7.502011964488907170e-01,3.044375147655514979e+00,9.145269458858613643e-01
9.646799104353267484e-01,1.458524537830298229e+00,2.820516321155712269e+00
7.601557162962218062e-01,2.965928601028252398e+00,9.542945232482527018e-01
7.486169386506210666e-01,3.217136582771098485e+00,6.971920413782372039e-01
1.680719045688586544e+00,6.836374598415685400e-01,2.020901608577863939e+00
1.946173841187777587e+00,9.704804410314906704e-01,8.069142420609299871e-01
7.672280344838873223e-01,3.154454994746785257e+00,6.687924139636420851e-01
1.266547982382908000e+00,1.471877989277362131e+00,1.590049298867272309e+00
1.217637861250111087e+00,1.417614030879895459e+00,1.681013078110431547e+00
1.367535336069210405e+00,7.518100965247472844e-01,3.001607420056752851e+00
1.079570399125753921e+00,7.162526532265443002e-01,4.063432224646809310e+00
1.251832544990832741e+00,1.476723473451037272e+00,1.605744578259112876e+00
9.514197241963165963e-01,7.067090531582609358e-01,4.306504508874559711e+00
1.944392194922410333e+00,8.484925328704898684e-01,8.158902072617192358e-01
1.228264019963698050e+00,7.199725621781658536e-01,3.204788032122171337e+00
7.146454654156786379e-01,2.638768094428023403e+00,2.989188492001247255e+00
1.448456395077025949e+00,7.789246928597105546e-01,2.613017374543523008e+00
1.504439473691026485e+00,1.285110521462630828e+00,9.920517601006165753e-01
1.211976203752537895e+00,1.078764561187684823e+00,2.190255496306925842e+00
2.007918790270156517e+00,8.982136013166777122e-01,7.874794992953650929e-01
1.742275192504186609e+00,7.430738947283013207e-01,1.901799844503882841e+00
8.549268267079036532e-01,1.403129383298614696e+00,3.273584593677437926e+00
8.633914341393098546e-01,1.289753762843439677e+00,3.597157040709877851e+00
7.949494733616436770e-01,2.313294241143140528e+00,2.341892244932917588e+00
1.557417071740661019e+00,1.377832874730946955e+00,6.903411621001971366e-01
1.472149834064738982e+00,1.285703516410712677e+00,1.057683729575571885e+00
9.972330690229218586e-01,1.438438246971732282e+00,2.988457389167689549e+00
1.253117078117231165e+00,1.560557643044151455e+00,1.597760139754786479e+00
1.960312865091538459e+00,9.696891044714868180e-01,7.398278729950593657e-01
7.047803959418665887e-01,8.947170972838138781e-01,5.147692339867814937e+00
8.830661208788271876e-01,2.729985702726057006e+00,8.130015543640908282e-01
9.268084006260538521e-01,1.732747651174209924e+00,2.104816067033763005e+00
1.143230008917001772e+00,1.124720797936852090e+00,2.524796556969867822e+00
7.062726469818239039e-01,9.080156789646786075e-01,5.053049343472842736e+00
7.347547882464773306e-01,9.371507563365348847e-01,4.676009266412966880e+00
7.278705140086435543e-01,9.574041879839267910e-01,4.841795273377731412e+00
1.689832886701235770e+00,8.021478811302684697e-01,1.896597866821698730e+00
7.390253453684507701e-01,1.008251730595012274e+00,4.566448949061075346e+00
1.129025941925291487e+00,1.171816238694705969e+00,2.534943253574837740e+00
9.143074369903873011e-01,1.681657366368196183e+00,2.114380006515463872e+00
1.624897938172175760e+00,7.390257537486075723e-01,2.266415010953736431e+00
1.164487841816646441e+00,1.949883757932457495e+00,6.488313461955707018e-01
2.216395378326235566e+00,7.291973635185006186e-01,6.732344065509635600e-01
9.387744796722370388e-01,1.352706448821223262e+00,3.005281129388945871e+00
1.393020540139186636e+00,1.429558316493845904e+00,8.455694533603477225e-01
8.168725837241483934e-01,2.453681690697570694e+00,1.630398859445146620e+00
6.962802837084794971e-01,2.894960258076099802e+00,2.464945718180466372e+00
9.681367952960002743e-01,1.518436832878718334e+00,2.272337666717718641e+00
1.544083829711485834e+00,1.311388466156433230e+00,8.851778773724341409e-01
1.541883048783246890e+00,1.033212804579057398e+00,1.545767136903470895e+00
9.122360527008563924e-01,1.767043450594636855e+00,2.148003454901433962e+00
1.813859872994060485e+00,9.693340742040681413e-01,9.323209389616547993e-01
1.641487746387593649e+00,9.872998310730679572e-01,1.227225442539901179e+00
1.657508486827552474e+00,1.118619082276790966e+00,7.364785200960362044e-01
2.075846660186680293e+00,8.775705913094522526e-01,7.110109812355774883e-01
1.002702202250445485e+00,1.262361216548439913e+00,3.019732537251250015e+00
8.147657267021901628e-01,2.544920090387424061e+00,1.727815564080326549e+00
1.497102550162036305e+00,1.215310106927882439e+00,1.242036635401336575e+00
9.160102337935761563e-01,1.363969337325567244e+00,3.041335325337144457e+00
1.086375528133893154e+00,7.258244888039290243e-01,3.889564992252223075e+00
1.534079541239855349e+00,1.159873312149170665e+00,1.103487143225570843e+00
1.669106653496314152e+00,7.020467313547749111e-01,2.265766244178667232e+00
7.865857026289402310e-01,2.150283464517853016e+00,2.369559280076814822e+00
9.146368948513643460e-01,1.314358520718819978e+00,3.110148103728919367e+00
1.977192162530089670e+00,9.157639885823868342e-01,6.822849898687678438e-01
1.171030665744655419e+00,1.470750139006994583e+00,1.809751589707952135e+00
6.151055987605320574e-01,4.342699872707095565e+00,6.885546759777371184e-01
7.349393086192821389e-01,6.394301057954665524e-01,5.330270489671860901e+00
8.156964419519620035e-01,6.140947785696523331e-01,4.727211603697830888e+00
2.358943765906864609e+00,6.299970794680486152e-01,6.051987701049998947e-01
1.007017641390706819e+00,7.862920771321502134e-01,3.746341584475453068e+00
8.614619682148254576e-01,2.482275846279798692e+00,8.311219759858897715e-01
6.959474760865477228e-01,2.706061968120125893e+00,2.844352664236162731e+00
6.163870283436706510e-01,3.893582285743265814e+00,1.400713396091341156e+00
6.223093026476266276e-01,3.770792634680146804e+00,1.615951169376868224e+00
9.362901406182280173e-01,1.877151808847686176e+00,1.727926822258473383e+00
1.153616034672501733e+00,7.152558291033274118e-01,3.505191661023532301e+00
1.188731297369977735e+00,8.847088411188259727e-01,2.802807218621814922e+00
1.098486501802138582e+00,6.693279428767415773e-01,3.685962770960350632e+00
6.176246748357711036e-01,3.682486529123690122e+00,1.709938371518776812e+00
1.517265059274570227e+00,1.124932169758042777e+00,1.213876033425609124e+00
1.057359365145793539e+00,1.696889913958397944e+00,1.588464743097406595e+00
1.123126042193514529e+00,7.739640396024475288e-01,3.122835996085800314e+00
9.314120724523571315e-01,2.371501178209968863e+00,6.504325632555635339e-01
6.159569523327050877e-01,4.181021799274478035e+00,8.753729539313315211e-01
2.082830181958079674e+00,6.657984092817320620e-01,1.153513735144366725e+00
9.979128180984089269e-01,1.296642619363921778e+00,2.424769573441053261e+00
7.828192359675331113e-01,6.389163091829653807e-01,5.028883593863950452e+00
6.831402429620033745e-01,2.647190522014326586e+00,2.904464917282550296e+00
9.011166590737086368e-01,2.634374886154053463e+00,6.677205522617376543e-01
1.935995477859755232e+00,7.417670438698564794e-01,1.133069184984271338e+00
2.183967407778055758e+00,6.469872358253050404e-01,7.485268098490376332e-01
1.166327751992667361e+00,1.564685659032704956e+00,1.023252251960446779e+00
1.044326755673079088e+00,1.183850484760957888e+00,2.474132293095817836e+00
1.133645316208109488e+00,7.442724474543396251e-01,3.323296424332744525e+00
2.227649405285203166e+00,6.892967006521707463e-01,6.195861650684318933e-01
6.811013867436521707e-01,3.014879790483257160e+00,2.181099454647774660e+00
1.225516669875087228e+00,8.467569115563411408e-01,2.994664186704233622e+00
1.014684311289994145e+00,1.372619275517592108e+00,1.918036636317948851e+00
6.342428443664476223e-01,3.084142583046754815e+00,1.964346538602994130e+00
1.656263149777812638e+00,9.426961555698092354e-01,1.529773720703432760e+00
7.616122713893980212e-01,2.892974329560721536e+00,7.742998779493235340e-01
6.190349456113061200e-01,3.567323772710060847e+00,1.791973168913270076e+00
1.285236277423396967e+00,9.862215762099697525e-01,2.107691126089500600e+00
1.733777823792574946e+00,8.373453210815369196e-01,1.345685323958756285e+00
6.686164512098263790e-01,2.845943449564349859e+00,2.483006599643165835e+00
1.262836847779572169e+00,1.503259087513373338e+00,7.435516530435661853e-01
1.051449682918656148e+00,1.844675749851960589e+00,8.941002625449572250e-01
8.219410585914908030e-01,6.257506996933408505e-01,4.451347160752992416e+00
1.195929367447053693e+00,1.031190174632823808e+00,2.321978708613583020e+00
6.271395102422897549e-01,4.432083284194329842e+00,6.553274040851178039e-01
6.343928509987784015e-01,4.464455716311095834e+00,6.532431050384779336e-01
6.729819977044136925e-01,2.778844681857250531e+00,2.638803050281889995e+00
2.259144251200142950e+00,6.802172733609218591e-01,6.224185222158633568e-01
1.481517818980780499e+00,8.006362366327918201e-01,2.341169747525795763e+00
9.745641594752164627e-01,1.621355235666232186e+00,1.832834176700920636e+00
1.253048480463614833e+00,1.002968661256928851e+00,2.197634926178812620e+00
9.001400511484338729e-01,2.081052384140454237e+00,1.759364602707891301e+00
1.447901460190025968e+00,1.083616722705269098e+00,1.638102056555964525e+00
9.650997960533171938e-01,2.186187911541711770e+00,6.951319790616754535e-01
8.389140844772784433e-01,2.301913195184027483e+00,1.450921128630850543e+00
1.899986608481863737e+00,7.491747687031060643e-01,1.377457054206737919e+00
1.317941991704845606e+00,9.235211558725866521e-01,2.132718756814813155e+00
1.092533836274028669e+00,1.735113437946940174e+00,1.350505223487496798e+00
1.316804415453004307e+00,1.335469708718085791e+00,1.451977745911893880e+00
2.002133622469069785e+00,6.540035842800099308e-01,1.438323444039056653e+00
1.295293728327942429e+00,1.639864320763576355e+00,6.346393221399465601e-01
1.461073109827580208e+00,8.716010468162945779e-01,1.957281706221173589e+00
8.763880530475725017e-01,2.092287986174176773e+00,1.497485737451951460e+00
1.567644978224315366e+00,1.130216186282039681e+00,7.069039874538557422e-01
8.388149816947995108e-01,6.181920757033697589e-01,4.584789212644966305e+00
9.139857210502836393e-01,2.263213996204384237e+00,8.737427249903340076e-01
8.044244190229592473e-01,6.247619162218214228e-01,4.834315289006744010e+00
1.551282865925962540e+00,8.187149316072832583e-01,2.170542897673395810e+00
7.453545898828032312e-01,1.680431118464988494e+00,3.166821003950492042e+00
9.467231285415665942e-01,1.246795553197338258e+00,3.111954355890782953e+00
7.518345884178040395e-01,1.853710734225298307e+00,3.103804170517679761e+00
7.824033836069446135e-01,2.155520617148887652e+00,2.649984174692146865e+00
8.228573270831124331e-01,2.314569573817271131e+00,2.137571715091744817e+00
1.750056195139624515e+00,1.015075640128274781e+00,1.060834139392479170e+00
5.911509569490283056e-01,4.089765789570108723e+00,9.589831959004463391e-01
2.396810887434649651e+00,6.032982983261837573e-01,5.887015854976048734e-01
2.470516418567195949e+00,5.932679344266297283e-01,5.887105838538241320e-01
6.053420049357645105e-01,4.466418739324927500e+00,6.157618146045231722e-01
9.094284643822000413e-01,1.003930153630409272e+00,3.626722236273806299e+00
8.470633951921366922e-01,5.945635642866913262e-01,4.432352766345203143e+00
6.230381720807774970e-01,3.661992062556233218e+00,1.738945487687268976e+00
5.941681960673229623e-01,3.391652675542192963e+00,1.793994498263073556e+00
7.682107049192281600e-01,2.587218638205041277e+00,1.265610232866177132e+00
6.915719880787286611e-01,2.880342300850241344e+00,2.481432369353821610e+00
8.592134059225019493e-01,1.458553023082127531e+00,2.883515664366492093e+00
7.517362872222677073e-01,2.750485017512829700e+00,9.817832394604136814e-01
9.215493226200117682e-01,2.105193919632035282e+00,1.067150283475045258e+00
2.012672248611686587e+00,6.356632541216121757e-01,1.735280225058808634e+00
1.794739121396494275e+00,6.948467675637237662e-01,1.852413008503912328e+00
2.230384397794335172e+00,6.378141778131585227e-01,8.169885803500009924e-01
6.352732601699507820e-01,3.144908025369724580e+00,1.907174906875245934e+00
9.785744973071075492e-01,1.107040554222223916e+00,3.101055273337499862e+00
8.167756059980311178e-01,6.117929239510208062e-01,4.659527791573993660e+00
7.730754786648015298e-01,6.125096242159741022e-01,5.112498587323993426e+00
1.877982095451676381e+00,7.890610590356703646e-01,9.160448182383427174e-01
8.213961696941757262e-01,2.499740131233109341e+00,1.227655971863574447e+00
1.006210530966392458e+00,8.828617057305662152e-01,3.534126785766122936e+00
8.367078276435653272e-01,1.823779438890527071e+00,1.795646560338775455e+00
1.077098994666676690e+00,7.779624238123058477e-01,3.292706308053650499e+00
6.075073460787808743e-01,3.852595809501934809e+00,1.449197063853836731e+00
6.882217989602537056e-01,2.960076886251600925e+00,2.304831122275756705e+00
6.151859769472305395e-01,4.192132622807760001e+00,8.569528227183670355e-01
1.290076127709647302e+00,8.659466302126593851e-01,2.666747966407343462e+00
2.279277393740842150e+00,6.300412268887737310e-01,6.269135658969104963e-01
1.736206018625727765e+00,8.121211831829528993e-01,1.266656189473350791e+00
1.114270183077790133e+00,1.735352611634886300e+00,7.431048530849155842e-01
1.840627979877436760e+00,9.981265160584744667e-01,6.617592922328141558e-01
1.374581898363147925e+00,1.190116751809819018e+00,1.325697664469442483e+00
2.085198897949246177e+00,8.246277825935937056e-01,6.653681331085626871e-01
1.136252318911261439e+00,1.413785508782119171e+00,1.887276421765967216e+00
1.204731471081663674e+00,1.523453783184477883e+00,1.641214325227238202e+00
9.597369052263479139e-01,1.340255750823471148e+00,2.988833255814505208e+00
6.110624790298107012e-01,4.005121241210497729e+00,1.172829427613891085e+00
8.496747999611337088e-01,2.286372053748990218e+00,1.477520232364068153e+00
1.197364794886121908e+00,1.054411052055564069e+00,2.217950093588511251e+00
2.324054702603158162e+00,6.052950854601086839e-01,6.241317593544971620e-01
1.026175105446260449e+00,7.386004923966189573e-01,3.371120854311620008e+00
5.975944583993383352e-01,3.270144916794445411e+00,1.801125515313327874e+00
6.050586537076061422e-01,3.936072954749279873e+00,1.288425701584400063e+00
1.712700158258577243e+00,9.558338777103968509e-01,1.170933691192604265e+00
6.120715156542625435e-01,4.244449129764171325e+00,7.795500196533725612e-01
2.422702848505428719e+00,6.003393378212402709e-01,6.094817805808971922e-01
1.076594663556028841e+00,1.649743227357228559e+00,1.642123433300425317e+00
6.151734960576532574e-01,4.305799022379116714e+00,7.199615834620526345e-01
8.237854951600238618e-01,5.944603255522193930e-01,4.595636710931207958e+00
1.323545461019978386e+00,9.227309570841957242e-01,1.815858674434644771e+00
1.373691922079003813e+00,8.299922116460897170e-01,2.360398018528719888e+00
2.361412285067043371e+00,6.131571385082071890e-01,5.912325325198566350e-01
6.862296108495644642e-01,2.834916858436952403e+00,2.561947225974427145e+00
7.636158035698612512e-01,6.631603173672465656e-01,4.957623383748372525e+00
7.118452360516803745e-01,6.614956545802722632e-01,5.440615296258147104e+00
1.055865663459832238e+00,1.268896022830258374e+00,2.107675574459135337e+00
8.725399684058681160e-01,2.427431947609579588e+00,8.634203992711342313e-01
1.676200978960002752e+00,1.038489633425966563e+00,6.303705526104232959e-01
7.792661234448364782e-01,7.085910649679736384e-01,4.476946800157320716e+00
1.982380388934445126e+00,6.262616509309584245e-01,1.777739278898596842e+00
2.097973569604639543e+00,6.921585616656338313e-01,1.014201753202010448e+00
1.345200376920321128e+00,8.681152437780191855e-01,1.967133874471867827e+00
1.481615893571930798e+00,1.158797107736786680e+00,1.379657216194240199e+00
6.660644273784653846e-01,2.783823838814060814e+00,2.607169449410332795e+00
7.943510778019045038e-01,6.181235559063514851e-01,4.834498161691342055e+00
1.264861170114738975e+00,1.482505446884299083e+00,7.296780547449599474e-01
1.654903299723037513e+00,7.387639533495057309e-01,2.554050179845328561e+00
1.947811963349776798e+00,6.531056180998642269e-01,1.509800330223837417e+00
6.427600954608805317e-01,3.031793750103739082e+00,2.052971094319754997e+00
7.499745215982716040e-01,6.202959845537120431e-01,5.112423674888036729e+00
1.055212465665388955e+00,9.631807115098753869e-01,3.176837801222358593e+00
8.899854565683087415e-01,1.892222657904536698e+00,1.764249559065438122e+00
2.196896851622190283e+00,6.383011479537263888e-01,1.096671880021794276e+00
1.941398032076950386e+00,6.721669865674727573e-01,1.558189208976800799e+00
7.803023952479486436e-01,6.470582967803035768e-01,4.954717459307438787e+00
7.941094909296748661e-01,1.710320414495472896e+00,2.349071235898124943e+00
2.191395353038364302e+00,6.757520229695603842e-01,6.879158244409868672e-01
9.878788876687458753e-01,2.097848457058823168e+00,1.418624028165817119e+00
6.105216398774722109e-01,4.550414440474868094e+00,6.113818944384051823e-01
7.215212888862945206e-01,7.047960448723393778e-01,5.401712741184348410e+00
1.223339432061544052e+00,6.807655787788677859e-01,3.317591875173016014e+00
7.268395780670294792e-01,3.321420583770891000e+00,6.280473420061427614e-01
1.454589755466547674e+00,6.719828837580972269e-01,2.893469167216700555e+00
6.308596477875013653e-01,4.045027341385050157e+00,1.154017228948319485e+00
6.201158820111976056e-01,4.362932099394939200e+00,6.825418034218363461e-01
1.097920886298577425e+00,7.552251362659377909e-01,3.235460632095204403e+00
1.348306256359824040e+00,7.745137084289595020e-01,2.767383233229852468e+00
1.030657460933877223e+00,2.074222213360043199e+00,6.951411914075268372e-01
7.845564674944874861e-01,6.670854155028785870e-01,4.923432542800976641e+00
1.697577246923591243e+00,8.852157245970062593e-01,1.442302237877812754e+00
8.151650490473159039e-01,2.846833488559751935e+00,6.753052592706476620e-01
1.154414671882672216e+00,6.886076259080075035e-01,3.303716463202610143e+00
1.103591702020011001e+00,1.682728342202732152e+00,1.045458163887822423e+00
7.580993022092414879e-01,7.294242545953955048e-01,4.679732063657298546e+00
7.487109554444677517e-01,7.416639665918851598e-01,4.744021432863254617e+00
7.144774603339101304e-01,2.976840139261667240e+00,1.121889050452636427e+00
6.496464095871821165e-01,3.843973004690100392e+00,1.575619871522906390e+00
8.748023022768185442e-01,1.622209710107626490e+00,2.353955624156908399e+00
6.323209096238889826e-01,4.180993998304708192e+00,9.170085293670816595e-01
7.491584028077158397e-01,7.251131821979870384e-01,4.999978767757369269e+00
6.340301736710690639e-01,3.758478178274549553e+00,1.659463459511894445e+00
2.178671371086892350e+00,7.468152508336224349e-01,7.020444190691833564e-01
1.548368668237149581e+00,1.086228973383569496e+00,9.092747885838825539e-01
1.325735696802902153e+00,1.285567262748625872e+00,1.192808439613802785e+00
1.440589884930239872e+00,1.394052846055513495e+00,6.366774232330429939e-01
8.378047788698280707e-01,1.690652257440022233e+00,2.187484723663872810e+00
1.264826093623098613e+00,1.280605579963275620e+00,1.699008902837968016e+00
1.517999845888926114e+00,9.973441135312974826e-01,1.769079700378338282e+00
6.269213551138450580e-01,3.657172903521232143e+00,1.750004658415502456e+00
6.175582943667716762e-01,3.238991872830946583e+00,1.830817974294734363e+00
9.215758303526346840e-01,1.863001769772757221e+00,1.777290761037230160e+00
2.257118471856229380e+00,6.314991361234938427e-01,8.247349907438936700e-01
1.296817375102088388e+00,9.221698892282421678e-01,2.504000580717151259e+00
1.302580389191720478e+00,6.992943475615855942e-01,3.149033538421799339e+00
8.621711809659848846e-01,1.491481074713889798e+00,2.571938289121686871e+00
1.493567138587109433e+00,7.550017732108044166e-01,2.433833687197354934e+00
7.150077238566947546e-01,2.757798524893309899e+00,1.695403154394820699e+00
1.567366332551861863e+00,8.263412504374028078e-01,1.999481391382971207e+00
2.044739414107469067e+00,7.244742332913506333e-01,7.347978551971398042e-01
1.368135674296077742e+00,1.325701863416787862e+00,8.636489923611485597e-01
1.017424331097695589e+00,1.929238612930717522e+00,1.491705682697144209e+00
9.826798714925539802e-01,1.803799770774401345e+00,1.718976868227568122e+00
6.782708008191462579e-01,2.898112682039683641e+00,2.401975555879983126e+00
1.023889656014783878e+00,2.034469370234902375e+00,8.146206077360343967e-01
1.000641458431215103e+00,1.982190044467647683e+00,9.826904763868027359e-01
7.192225587811845733e-01,3.135009471256112956e+00,8.571081958175688076e-01
1.380839059293710758e+00,7.400660553241349415e-01,2.624361830849620603e+00
9.621084158238085715e-01,2.153411228234635377e+00,1.003070821965907466e+00
1.224634359496931335e+00,8.214206022343917279e-01,3.029335053255262089e+00
1.801092232662298009e+00,8.620767209551074561e-01,1.230287382978480837e+00
9.858811156149982491e-01,2.120344997376813811e+00,7.570203228561271924e-01
8.361623996210993948e-01,2.601867014917661258e+00,8.749426556547077460e-01
1.169721248295679583e+00,1.827332290956988015e+00,6.214177288641481445e-01
1.186577665699554140e+00,8.459666184175497206e-01,3.072677507754892456e+00
7.409555873482840394e-01,3.213327546877002838e+00,7.049198967838173902e-01
1.960783143770993053e+00,7.927110971636779357e-01,8.631545079851876690e-01
1.909180878908296242e+00,7.678167755905279668e-01,1.285554351238132442e+00
6.762026548022312955e-01,2.937380946105025536e+00,2.314259970437218428e+00
1.974766126885708628e+00,7.315888273845010392e-01,1.017180673042175743e+00
2.017084448492690640e+00,6.801399888779483538e-01,1.176122054008254647e+00
7.326961837479929462e-01,6.586169733211413302e-01,5.384383858302435932e+00
1.591369277493731804e+00,7.551922753139060918e-01,1.963650714398914587e+00
2.136631352074611634e+00,7.013638859755136901e-01,8.384585999099741782e-01
1.563550326001807544e+00,7.956122518457344750e-01,2.291995008856304139e+00
1.256003645502023369e+00,6.988659959659279108e-01,3.191419671486566134e+00
1.508887376656578017e+00,1.170933245649576016e+00,9.451246551842917842e-01
9.110910039507925662e-01,1.565613280237864835e+00,2.154470056035123537e+00
9.472010269597437304e-01,1.527739639284118933e+00,2.083620510093074252e+00
1.788984047321455328e+00,7.620719270209368457e-01,1.626714467185473190e+00
1.912882241787131621e+00,6.936012052346161028e-01,1.774372941017631211e+00
