1.092039844228323564e-01,2.214060004634287822e-12,1.765856036475300658e-11,1.064642119871813516e-10,1.812115979318143569e-11,2.717232609419522468e-12,3.862457420856992282e-11,7.689053502153268506e-12,3.760217958477637030e-11,1.704756826682106554e-11
1.150638542867712666e-01,2.227679993668921206e-12,1.197361282974009816e-10,8.420597841014657636e-11,4.863794360778567748e-11,3.444277643615718854e-12,1.813867858382229361e-11,1.683680500713139367e-10,1.869533728271303802e-10,3.392586486103367351e-11
4.531093299342538877e-02,1.690527158080056974e-11,1.261077613328432464e-10,2.748393186012242712e-11,5.331130055826749973e-11,9.783498951778925683e-13,8.741946627203251860e-11,8.687626528566337738e-12,2.321995593875305183e-11,1.303604149121995633e-11
5.401338286572215930e-02,1.706473049901400153e-11,3.355585866766217732e-11,8.413912001160252868e-11,2.019082482492927015e-11,1.143196212356807978e-11,1.041295965798045790e-11,5.057315672202488850e-11,3.066521904017278446e-11,5.203707401376396189e-13
6.112071214132998309e-02,3.032928798451517688e-12,3.431992608608044065e-11,7.024491620950462408e-11,3.090970188948082063e-12,3.070829160863747158e-12,1.919370431823843722e-11,2.768585429001076464e-12,5.946943939994673283e-11,3.460113704275196967e-12
4.539842881822715726e-02,2.500988961428027842e-10,1.263007004874016579e-10,2.552255999420381362e-11,2.126281176989557322e-11,9.783498951778925683e-13,8.741946627203251860e-11,8.687626528566337738e-12,2.367216233018604854e-11,1.318921059052991132e-11
4.153226104308158084e-02,1.769646403249670336e-11,2.618543559133357443e-11,1.446058191332792974e-10,1.852602849380307999e-10,6.243980657272899696e-12,9.813353960438853169e-12,1.199349015969192227e-12,2.521148967582444447e-11,1.153141965089362159e-11
1.069422814052911203e-01,3.484708101078642505e-11,1.545700486879525487e-11,8.426809367860045462e-11,1.870023329646321318e-10,2.203216953010058785e-11,7.917721802635453150e-11,4.425744404071722447e-12,5.443348177701301897e-11,2.223756063360445750e-11
5.662295646601184229e-02,1.814204174432842554e-12,1.149756476014055169e-10,8.854341879513450554e-11,3.705851783397811402e-11,1.615958566348528242e-10,3.937389365419718475e-11,5.049288788343064310e-11,4.427403739010833225e-11,3.375005109855788834e-11
1.112798785819248681e-01,4.889832379961283643e-12,5.649764779919230461e-13,2.891159547869047714e-11,4.709664781117312395e-11,4.861200987381216067e-11,8.520460787250595227e-11,2.281067569465107033e-12,1.846985530343802671e-10,9.605384210750243626e-12
1.112923450991984420e-01,3.763982444869848543e-12,1.200674611878566010e-10,9.867926069428762491e-11,4.864065795603119325e-11,3.070829160863747158e-12,7.431504095843261855e-12,3.185473612461623810e-11,5.200078305909752567e-11,3.154172738165988439e-11
3.848363651818709902e-02,5.750844185792612937e-12,1.120673968290101840e-10,5.559139579584285842e-11,3.686296445044018895e-11,7.894770686947854807e-12,6.815953739594307805e-12,4.926945726251653190e-12,8.358638326563952018e-12,3.403343902976350199e-11
8.960349475610059067e-02,4.487077798244692290e-12,1.380241395905942688e-11,9.058548411502115543e-11,1.893273985186302670e-11,2.587349127980150979e-13,6.078849693826652458e-12,1.793762569332597170e-12,3.793862720399399259e-11,3.109493095501026933e-11
4.606050003038249935e-02,1.253123029769045224e-11,1.167575479244376382e-11,5.433125151504151366e-11,1.788450027367848339e-11,7.129988798622996018e-12,3.171987517382114927e-11,7.367197760352568318e-12,8.170986347399972633e-12,3.838118335889611479e-12
7.926062046383497428e-02,1.298863707923776846e-12,1.191870499988011026e-11,2.027815967676401265e-11,1.685126269608494182e-11,2.758750404225097247e-11,1.483979703063294380e-11,8.368717160662618487e-12,1.740742743744944142e-11,1.719892906701415843e-11
6.029475775786069525e-02,9.163178100653088025e-13,3.451589042752536555e-11,7.024491620950462408e-11,3.090970188948082063e-12,3.070829160863747158e-12,1.919370431823843722e-11,4.430429674661018668e-12,5.946943939994673283e-11,3.034892630646222686e-12
1.082615674759072055e-01,1.609426802240369040e-11,1.288589413906030548e-11,8.471234509409509104e-11,4.864900688973315697e-12,6.082278919481764633e-12,1.198773315982686090e-12,4.381530898750341258e-12,5.452934092411762901e-11,3.234066118090261819e-11
4.122857450707575339e-02,3.401077669157980938e-12,1.204147793742888359e-11,2.902980784006821631e-11,4.377348137874145926e-11,2.759587255791997071e-11,1.476288320957156822e-11,9.190956930174997906e-13,4.040725289912947638e-11,8.779699055392985048e-12
9.899509801460357195e-02,2.914693024985522827e-12,1.739672032048293671e-11,8.447156247925986848e-11,4.324433157347402734e-11,9.785750750429056735e-12,1.366159162358743873e-11,5.023241520009070451e-12,5.121615504174182349e-14,5.697942607551962032e-12
1.076441774383809918e-01,1.516384559876627237e-11,1.149595376937992839e-10,8.863494521366491400e-11,3.723281767159798299e-11,3.801670701859303680e-11,6.297931303553178502e-12,4.790734671245678017e-12,7.557075383519960412e-12,2.501936240490059428e-11
4.487779079628485129e-02,1.253123029769045224e-11,1.167575479244376382e-11,5.433125151504151366e-11,1.693492153503004634e-11,7.129988798622996018e-12,3.171987517382114927e-11,7.398929631031967476e-12,1.989800621175530661e-12,3.838118335889611479e-12
1.032086732182184580e-01,5.754809100009719451e-12,1.681184532621171239e-11,7.980547016517698478e-11,4.738123534882258545e-12,7.077547226727838009e-12,7.788340727956214996e-12,5.085995815017574624e-12,8.447659473576490902e-12,1.561432213404048761e-11
4.602774754827020781e-02,1.253123029769045224e-11,1.199732669979058623e-11,5.433125151504151366e-11,1.788450027367848339e-11,1.682235439089815390e-12,3.171987517382114927e-11,7.367197760352568318e-12,8.647442987261319482e-12,6.894267548934948078e-12
4.003337454311324539e-02,3.390997849803984651e-11,1.348392318567916705e-11,8.447156247925986848e-11,4.320549639626478513e-11,9.785750750429056735e-12,1.822083937447600711e-11,5.023241520009070451e-12,6.984817071899514661e-13,3.128001979922354814e-11
9.864662858166485526e-02,3.697641148470355883e-12,1.136791305138874586e-10,3.050741322678417224e-11,1.044603002793844774e-11,2.233326045646336639e-10,2.022641241339754491e-12,4.711130967107142456e-15,1.032183003938989108e-11,1.368518431471015079e-11
5.554187274210201780e-02,1.222741060780844023e-11,1.327483862223311036e-12,3.075157471999013609e-11,1.685126269608494182e-11,3.832928965842562976e-11,1.154887394103905478e-11,5.093491938255073977e-12,5.991268960088276147e-13,1.719892906701415843e-11
6.334023803535711317e-02,5.275975737067772952e-12,1.445748337192990607e-11,2.783839340281300946e-11,5.347004659737619441e-11,2.581906379371867823e-11,8.391137452253853861e-11,7.410459036333989326e-13,1.064607151274764608e-10,2.620490038222324460e-12
1.092945852140416174e-01,1.634960779533053332e-12,1.744072372230538499e-11,3.560289537113892148e-12,9.771886927460131873e-11,1.443763691709965478e-10,1.427944452690302894e-11,2.388103133314430241e-12,1.905183355370369639e-12,6.539995467017114789e-12
1.069590029849820378e-01,1.361280624678634989e-11,1.774932602224766111e-11,5.583733442996604955e-11,1.784482852790234853e-11,7.841178058891742535e-11,3.514137403336277826e-12,1.142595804970939223e-11,2.780041959282404680e-11,1.699368661450138058e-11
1.904338492469058175e-01,5.726222543399286592e-12,3.431992608608044065e-11,7.057092172928368702e-11,3.090970188948082063e-12,3.070829160863747158e-12,6.730085503376958267e-13,2.768585429001076464e-12,8.086052335229150918e-12,3.460113704275196967e-12
9.898933984507318762e-02,3.266368254810065506e-12,1.122493034490125761e-12,7.985823104396045152e-11,3.224704418119453818e-12,4.929623777984057604e-12,1.911241326939847225e-11,5.085796484610295411e-12,5.940669974722169536e-11,7.473612474967636472e-12
3.136950582922251596e-02,4.512951136756184008e-12,4.099031388260388350e-12,5.670750394637912583e-11,1.666269013056658143e-11,9.248955080246291845e-12,2.732709100859105120e-11,8.663008953584184156e-12,1.815883170512643837e-11,1.547161759073534055e-11
5.605754960216102756e-02,1.249269619937506434e-11,1.512363796063141960e-11,6.688849260249152309e-11,1.696229487634867558e-11,2.717232609419522468e-12,2.848485465860633364e-11,7.516562338890351840e-12,1.937367253507855562e-12,3.841205264862559943e-12
3.146192638148181259e-02,1.249269619937506434e-11,1.523825932483338425e-11,6.688849260249152309e-11,1.694581810393053599e-11,2.717232609419522468e-12,2.781666408614648642e-11,4.364514661969775425e-12,1.937367253507855562e-12,4.080749040120561701e-12
3.962383658279446108e-02,5.750844185792612937e-12,1.124719555363812337e-10,4.409546469880723533e-11,3.431511843015188724e-11,7.122173490691313015e-12,6.815953739594307805e-12,1.560037789478817792e-12,5.792937941187771678e-12,3.043843902244892970e-11
1.041847612087766217e-01,1.288150735058055335e-12,1.376240379079609802e-11,5.604075817034286669e-11,4.800406434265699271e-12,3.472096986581780644e-13,8.457958414875793756e-11,8.675017778340279566e-12,1.815883170512643837e-11,1.597278220470741154e-11
5.617246113080789222e-02,1.223279203868633935e-11,1.508451542652288092e-11,6.639847378331984082e-11,1.685126269608494182e-11,4.208811424378039233e-11,1.183586758734876403e-11,4.374427315514133500e-12,6.214446158442493754e-13,1.719892906701415843e-11
1.130227870881656826e-01,1.248731476849716522e-11,1.370683965139023856e-12,3.124159353952199736e-11,1.696892872137135752e-11,2.873655706478426088e-13,2.752967044146572844e-11,1.313261893083684290e-12,1.915049556362092212e-12,4.080749040120561701e-12
6.656526369916389296e-02,1.314318207350322166e-11,2.170258741952689167e-12,5.647891572933828623e-11,2.146030549213179146e-11,9.421634677255045392e-12,8.150470289684415117e-11,8.689983920235711836e-12,4.605256329016942543e-13,8.551022329002353964e-12
4.276503495813634842e-02,2.914693024985522827e-12,1.200259779197779008e-11,8.447236635745288215e-11,9.876231676072486649e-11,1.219047847816423837e-12,2.391680150446002063e-11,9.549652628106623109e-12,2.533132467353083133e-12,4.187644752366597288e-12
6.184715755519230168e-02,1.298863707923776846e-12,1.177005784079027567e-11,1.595131682204277555e-10,3.693681997099057248e-11,5.635152946580964818e-12,9.535860444930542169e-11,2.526476657306769522e-12,1.690087460662361835e-11,1.747784136312577642e-11
6.473905911797654678e-02,2.914693024985522827e-12,2.325035534657476831e-11,8.324477337142319515e-11,1.865191888841922033e-11,3.583634252262482539e-12,1.822083937447600711e-11,6.752808466428992094e-13,1.404956672688463773e-12,6.891803993968272547e-12
3.619636846753351150e-02,4.245353831123442447e-12,7.007123441628704915e-12,2.822073891360884384e-11,9.908521039776689493e-12,3.525111849751605466e-12,9.134006222339649839e-12,1.233384044728790392e-12,4.019799074016919034e-13,3.719002917032279562e-12
6.643360311754566150e-02,1.359920545279693067e-11,1.327483862223311036e-12,3.075157471999013609e-11,1.685126269608494182e-11,3.832928965842562976e-11,7.948551252605918063e-11,5.093491938255073977e-12,4.666058037754780201e-12,1.697080191618085622e-11
4.292954569189635916e-02,2.935380309579915252e-12,1.325980222871883215e-11,5.608574885536834759e-11,2.691108775220300503e-11,3.585044135595094941e-12,2.393917659665272948e-11,2.311558177310323583e-12,4.316581259594732967e-11,4.187644752366597288e-12
1.031860620360013220e-01,1.248995594352419111e-11,1.167830593483206487e-11,5.408000521934440578e-11,1.693492153503004634e-11,7.129988798622996018e-12,3.171987517382114927e-11,8.859754508416224530e-12,1.742178976024015397e-11,1.573359337575429273e-11
4.595574727603787824e-02,6.058379786977887635e-12,4.096480264907622344e-12,2.808963969852481918e-11,1.666269013056658143e-11,3.472096986581780644e-13,8.457958414875793756e-11,1.185792586400172315e-12,3.623818883474841362e-12,2.357003464513656225e-12
7.503468443228847318e-02,1.218388694381496533e-11,2.123164945259351616e-12,2.933657516877603804e-11,2.533822783686024196e-11,3.855677350686067064e-11,2.714808156612853607e-11,3.856586481736054253e-13,4.178056241543834225e-11,3.316937013853592955e-11
4.721291945124410361e-02,1.253123029769045224e-11,1.200002747641696147e-11,5.433125151504151366e-11,3.255547978317260666e-12,3.838092078044315220e-11,2.391740236163931130e-11,5.128448011703898121e-12,8.459796264130166822e-12,2.434237722712473774e-11
9.122373642182947384e-02,5.959661999756140063e-12,1.210811362178877486e-11,8.018423656373952739e-11,4.654523632229923186e-12,4.929623777984057604e-12,1.361551286484663188e-12,7.219218275048855984e-12,4.288119399631796954e-12,7.473612474967636472e-12
4.134766737091821742e-02,5.641274775863277053e-13,1.204147793742888359e-11,2.908191402575281870e-11,4.411046186606785102e-11,2.759587255791997071e-11,1.476288320957156822e-11,8.266953536718677072e-13,4.062387120147878864e-11,8.793976489320729186e-12
4.236351254186482285e-02,2.914693024985522827e-12,1.272531121346591100e-11,8.339719758501638772e-11,1.023097126865666440e-11,6.632604300513372087e-12,1.822083937447600711e-11,6.842858215340547880e-13,1.972933832181007275e-12,6.876111281284178153e-12
5.060779417287119414e-02,3.751021050779068938e-12,1.136329140399722121e-11,1.989506966322887917e-11,3.815651008727911794e-12,5.152434346664390318e-12,4.019649374423075879e-11,1.401507996495861996e-12,1.909442348035509996e-11,5.041025379316027431e-12
1.075650893062205654e-01,1.422209250273311124e-11,1.186012958008278377e-11,5.771745572802902501e-11,1.438019827291134499e-11,1.242238395831276530e-10,1.518381161037039506e-11,1.602156725101280187e-12,1.912852288209038603e-11,7.328842044187044057e-12
1.185637527537439923e-01,1.281744220227217226e-11,1.595298169128009656e-12,2.312831505812397356e-11,4.457162306664013309e-11,4.896039210531082099e-12,2.695962587418560630e-11,1.993855251196447117e-12,3.678048001344269995e-13,1.715462942375441105e-11
1.129420174750597611e-01,1.151265025130859404e-11,1.370683965139023856e-12,3.124159353952199736e-11,1.696892872137135752e-11,2.873655706478426088e-13,2.746516754551145020e-11,1.313261893083684290e-12,1.915049556362092212e-12,4.080749040120561701e-12
4.478215137338615454e-02,5.863508103677110686e-12,1.167575479244376382e-11,5.433125151504151366e-11,1.212410312472431802e-11,7.129988798622996018e-12,3.171987517382114927e-11,1.370002815462783670e-12,4.303443002866571999e-12,2.618538343338877020e-12
1.041369531162483902e-01,5.599767555847442620e-12,7.621970558914611814e-11,5.721708285911585187e-11,1.812303199181811111e-11,3.607986040340158957e-12,4.757100072345916322e-12,2.882336579029988863e-12,1.778986217595633018e-12,4.468144867484777095e-11
1.127576529237846181e-01,1.023744780909428549e-11,1.370683965139023856e-12,1.622649326528153024e-11,1.430605879680791955e-11,2.873655706478426088e-13,2.752967044146572844e-11,1.313261893083684290e-12,2.176839458534509002e-12,4.022720096812387723e-12
2.706563169224771720e-02,5.754809100009719451e-12,1.712171349738468609e-11,5.439355181437855831e-11,1.822721490470155187e-11,4.083141766566750395e-13,6.805541864433075011e-12,8.401633703594170577e-13,8.447659473576490902e-12,1.561432213404048761e-11
9.864740925814757810e-02,9.211526940767425093e-13,1.316599336610903268e-11,1.593574208431278693e-10,1.879161691428957425e-11,3.324573560511332878e-12,1.525036770475774382e-11,1.522899565047244589e-12,5.857267332185279322e-11,2.685789545759768936e-12
9.929480993820026524e-02,1.442225285303768539e-12,1.066093825922152237e-12,2.367766338849093636e-11,3.427389302640343066e-11,5.035330347493151113e-12,1.906500120243576411e-11,6.373021269725120700e-13,5.954422350389452839e-11,6.621038493524890517e-12
1.962383885066076306e-01,4.208638982298509734e-12,8.801898226223801672e-12,2.826102438993888063e-11,2.493193431534310179e-12,3.525111849751605466e-12,9.052296890129193911e-12,2.727453310538657781e-12,8.146253661015161568e-12,3.460668965252253497e-12
4.151638311004931386e-02,3.471184691205872176e-11,3.273615393291434480e-12,2.821123466713931699e-11,1.779622643044657837e-12,6.650372041029508214e-12,5.139191269051019508e-11,1.592928001314816322e-12,6.993118787159898815e-12,8.322383880166056896e-12
4.359867664240205803e-02,1.253123029769045224e-11,1.199732669979058623e-11,8.691288098749023993e-11,4.685367192427730034e-12,3.863801779436623575e-11,1.481259514971468947e-11,7.261869802142458694e-12,4.726649530936003159e-12,2.704973076934107985e-11
1.089385354686760454e-01,3.378907310607803762e-11,8.619109449758283629e-12,5.560857400826859423e-13,3.013224351932600514e-12,7.899669521894896995e-12,4.754553983649206516e-12,1.384850997867854601e-13,7.136859626310415377e-13,3.131658139386108457e-11
1.000316434242246311e-01,3.227113983533034288e-12,1.210811362178877486e-11,8.018423656373952739e-11,4.654523632229923186e-12,4.929623777984057604e-12,1.931928827753915487e-11,7.219218275048855984e-12,5.312487947428100538e-12,7.473612474967636472e-12
1.053227644400628743e-01,3.021323401751830645e-11,1.611492303894573591e-11,4.656869397952634547e-11,8.626280475771435733e-13,1.061325873567345317e-12,8.152461230373648794e-11,2.031918682303249494e-11,9.598939516608193333e-11,3.119020770944685468e-12
1.115238092294578154e-01,3.916613340291661580e-12,2.724551001626794370e-12,2.694399798718496934e-11,2.512876878747894271e-12,7.899629194770821730e-12,8.040555640763274820e-11,4.283980825687947051e-12,1.208727134336042521e-11,1.224423035444492815e-12
3.817945887190699744e-02,4.154791304368048246e-12,6.993208365985538880e-12,2.776545785013303218e-11,9.906118691084984872e-12,4.984905116288685132e-12,9.134006222339649839e-12,1.233384044728790392e-12,8.069471721436952361e-12,7.597242473776275407e-12
1.132466113470942948e-01,5.750844185792612937e-12,5.021010948333718541e-12,1.524791477737401617e-11,6.897509388298205673e-12,3.223160265752259215e-12,8.326069142220598375e-11,1.560037789478817792e-12,6.337684663389527712e-12,3.079986027584609323e-11
1.374885400040614103e-01,1.363630426111806352e-11,1.427252757987572785e-11,7.059537538450710727e-11,3.090970188948082063e-12,9.703321239194086296e-12,5.212410628714369276e-13,2.768585429001076464e-12,4.723107413184385506e-12,1.086879446657462296e-12
6.422171178513358392e-02,5.742103960188523148e-12,2.154066522409116379e-12,5.523493204979811135e-11,2.127482416185094150e-11,9.294380036409875963e-12,8.155320045848106641e-11,8.718065911536292069e-12,8.118752890934241822e-12,3.497061252768384445e-12
1.001217740177732796e-01,3.266368254810065506e-12,3.706618330412932255e-12,2.893143178853164797e-11,4.693929123464576152e-12,4.929623777984057604e-12,1.907736105352524385e-11,5.085796484610295411e-12,5.940669974722169536e-11,6.885478569474544827e-12
1.339536963724251850e-01,2.899034613261397796e-12,1.512363796063141960e-11,2.065642911431902606e-11,1.866009221880642133e-11,3.986267049160281675e-12,1.096821956255460163e-12,4.364514661969775425e-12,3.397239053739145790e-13,1.724137980975063873e-11
1.136533754767502791e-01,1.249269619937506434e-11,1.512363796063141960e-11,6.688849260249152309e-11,1.706469429134941232e-11,2.717232609419522468e-12,7.889466248672971432e-13,4.364514661969775425e-12,1.937367253507855562e-12,4.080749040120561701e-12
8.237403571058857232e-02,3.331208267116700043e-11,1.283489594145418692e-11,6.541144158320093306e-12,4.714339173894734808e-11,6.637915200115075958e-12,3.108108825107791064e-12,2.454365913309690100e-12,2.837657592570314543e-11,8.508714224331686549e-12
1.168233373662256047e-01,1.305409871519663298e-11,2.173523293818694659e-12,8.522111715246265668e-11,1.809313785679486803e-12,1.002233495044425758e-11,1.817078838995537765e-11,6.184738998127681113e-13,1.309576476750046337e-12,6.824582956832337854e-12
1.241368576046626288e-01,1.127705456478747196e-12,1.370212984609985009e-11,2.139755852267600084e-11,1.784482852790234853e-11,4.490441742620725834e-11,3.514137403336277826e-12,1.141608469701756743e-11,1.777793162580871737e-11,1.699368661450138058e-11
4.340151867872642233e-02,3.404010032619029847e-11,1.212335416633575567e-11,5.555253053961193638e-11,3.610565790663079233e-11,1.576250888044905613e-12,5.048884893338285378e-13,7.904853095880750368e-12,4.778749208158258170e-12,3.038307459077289108e-11
1.040814235052973796e-01,5.934142737526203169e-12,1.946523416014448025e-11,6.607152684252078021e-11,1.812303199181811111e-11,3.699089273228601734e-11,2.848394777722050733e-12,2.893031403096992328e-12,1.778986217595633018e-12,4.468144867484777095e-11
1.047851757481188528e-01,1.271365601215467218e-11,7.073123285014159020e-12,5.584074277967479609e-11,9.915357411067334075e-12,6.401099962196056196e-12,1.723147960573415754e-11,8.221446841830625401e-13,2.780041959282404680e-11,3.429122278547482494e-11
1.024028124527979478e-01,1.222169143003852414e-11,2.905684271325956704e-11,7.964577536126472337e-11,1.438790475254828702e-11,5.093518908845589228e-12,3.889831143772999913e-11,5.073164555199353161e-12,4.322800357278517628e-12,2.107050012711694099e-11
1.169317388688691089e-01,1.331938703405614193e-12,2.398520007115142433e-12,2.619424984535954070e-11,2.446467740363743388e-12,7.062844142620691661e-12,1.912728298176794872e-12,2.814643292783792352e-12,1.109918334443862027e-10,2.132488856902727373e-11
6.303682185857645282e-02,5.863508103677110686e-12,1.167575479244376382e-11,5.094663550769223254e-11,1.212410312472431802e-11,7.129988798622996018e-12,2.574109865466073530e-12,1.365381541318484683e-12,3.717889992497495698e-12,2.618538343338877020e-12
2.673140289348274051e-02,3.700410577016555979e-12,3.903902752333392425e-12,2.731940115720692171e-13,3.727332285299951339e-11,7.946020568181692414e-12,6.442667432426443876e-12,2.516365114647107744e-12,4.601915505669877471e-13,3.131658139386108457e-11
6.665375031013720530e-02,1.772424745735024198e-12,2.152306399790634131e-12,5.674176069015057420e-11,2.219338479944394604e-11,9.294380036409875963e-12,8.155320045848106641e-11,8.661876908197414872e-12,2.007166906428521419e-12,1.345343558812063340e-12
7.616283525537166643e-02,3.318809241470439673e-11,1.830140757694914436e-12,5.763403364072131416e-11,3.821122841004572204e-11,1.512397436628906551e-12,1.716497992060533177e-11,1.801556010239661899e-13,4.587281327958147086e-11,3.356911892357376738e-11
1.069879907094128113e-01,1.839189600306507710e-12,1.830140757694914436e-12,5.648899569043642418e-11,3.307304807350464448e-12,7.706289260979968556e-11,1.734603194419825744e-11,1.801556010239661899e-13,4.602473226512371433e-11,3.356911892357376738e-11
4.076091216911105486e-02,1.422877812760053024e-12,1.181898319975315648e-11,2.621019911961850534e-11,2.588570879131537752e-11,4.850513729566455244e-12,1.480235948826578230e-11,7.186064203020343558e-12,4.444885227576699320e-11,2.701052446852829283e-12
6.553059402580539705e-02,1.340381897820649814e-11,1.987412333995951901e-12,9.856929335485619265e-11,6.297892199495032080e-12,6.085474676042960239e-12,1.495304801917083275e-10,1.682576114716356053e-10,2.019329929093542042e-11,3.208574182853334319e-11
1.131070043439964118e-01,5.750844185792612937e-12,5.021010948333718541e-12,1.524791477737401617e-11,6.985228566888759102e-12,6.550049021085463259e-12,1.850219597385631230e-11,7.909555175908783632e-13,6.337684663389527712e-12,3.052144629385459700e-11
4.081268553246916730e-02,3.206431153483355260e-12,1.730271004988908017e-11,4.853890843601005215e-12,1.026416855055669846e-11,2.129588869895827114e-11,3.218669552510439157e-11,1.929240913169028454e-12,2.924298820817804406e-11,6.820288989888010281e-12
1.176055602421315210e-01,8.865210529704500318e-12,1.599905315688624060e-12,1.027654789340532634e-10,1.740762432743078874e-11,5.872177279336322067e-12,5.056636535056483197e-12,1.924939495229026386e-12,1.965467405635322028e-12,2.223471955910717952e-12
4.439698373064539932e-02,3.485327999460494821e-11,8.816058624271284892e-12,7.123767261261187256e-13,1.026416855055669846e-11,2.102407988041506936e-11,3.218669552510439157e-11,1.932920213001450709e-12,2.911125051500595929e-11,2.249822079316168848e-12
4.895148512610247860e-02,1.433467275990832311e-12,1.201332094663837524e-11,5.445443656572397359e-11,5.150060050405312439e-12,3.852279592121215001e-11,1.822083937447600711e-11,7.187430124868628807e-12,1.972933832181007275e-12,6.876111281284178153e-12
7.015222734069007093e-02,3.651434934790035412e-11,8.713781417642269719e-12,5.560857400826859423e-13,4.098104206003466615e-11,7.946020568181692414e-12,3.189292326554514551e-11,1.335509044802923659e-12,7.136859626310415377e-13,2.955821623276311861e-12
6.370047442365803225e-02,3.502952857570202841e-11,1.739400536668372673e-11,2.841484862395207066e-12,2.404134904461052754e-11,4.166368674319193389e-12,3.022600895699008347e-12,1.924619639024729467e-12,2.852345345545110769e-11,4.366602850697299143e-12
6.407122369212081558e-02,3.383482486676110197e-13,1.364266982929404801e-11,5.412867608415339052e-11,1.489895859227181770e-11,6.982504594328320226e-12,8.668827891103823255e-11,7.817100619134262993e-12,4.316305517718328476e-11,4.090806101985623417e-12
4.045897692005548385e-02,1.234090095353251216e-13,1.196791399914411478e-11,5.648597612653579630e-11,2.420403394934242541e-11,1.002221113573930589e-11,1.644852210446530378e-11,1.488943582316513854e-12,3.919156624616605041e-11,6.941406058920631317e-12
6.083131058262939567e-02,1.420180986913105538e-13,1.146465322866428211e-10,3.081309460155951107e-11,1.053611336149322259e-12,1.469445268628054210e-11,2.319919669952675864e-12,7.838685800854425463e-12,5.549195861510110636e-12,6.298155710922466247e-13
1.053250398368481139e-01,1.257835143556333637e-11,7.501590113158925746e-11,6.728330058275350215e-11,1.816648559459739661e-11,5.550497781976678934e-12,1.223156385399901985e-11,1.825580935408158093e-12,1.964849743529565361e-12,4.419486636912652672e-11
1.088486509352254994e-01,1.516384559876627237e-11,7.475910597257005417e-12,2.557165284380251529e-11,2.987499849393856524e-11,6.262961883966913373e-13,7.029958255805373123e-12,2.774583730778572089e-12,4.328043526014110081e-11,2.501936240490059428e-11
3.778461278272759322e-02,4.245353831123442447e-12,1.768332618193086775e-11,6.768232475684331554e-12,1.783799215661206423e-11,3.659545241117684677e-12,3.644135904760871454e-12,1.233384044728790392e-12,4.019799074016919034e-13,3.719002917032279562e-12
1.132888257975411400e-01,1.219166559921215144e-11,3.784905441060036386e-12,2.837274727493793387e-11,8.264021764142671208e-12,3.519615829457447225e-12,4.834954578482964257e-12,2.713213976405856641e-12,4.242725747290156240e-11,3.929437455515825721e-12
3.895191206046320909e-02,3.034087352232274246e-12,1.289577167932032380e-11,8.012960633233023245e-11,1.495892194547197996e-12,8.553193272681317122e-13,1.773466318556678410e-11,1.795998648673067850e-12,1.309051525559359920e-12,6.791839863329361038e-12
6.671639966678701017e-02,3.833343587783812163e-12,1.092843243524900397e-11,5.713249351377034287e-11,3.501011219519858874e-11,1.414423082131162535e-13,6.078849693826652458e-12,1.745439861045149855e-12,3.793862720399399259e-11,3.110455477891954798e-11
8.972041374469041930e-02,4.703506706985107025e-12,1.748698694988819152e-11,2.996887282559002426e-11,3.409306973646712334e-12,7.504449560910924799e-14,6.411398465831428967e-12,9.417606201889089196e-13,3.126299607350290864e-11,3.101785276036317350e-11
4.425573081888026922e-02,3.502952857570202841e-11,1.730271004988908017e-11,6.286794631674570807e-12,1.021244373472045523e-11,2.179206180135343325e-11,3.218669552510439157e-11,5.058801584107447884e-12,2.929119747064921455e-11,7.514751715318386345e-12
1.117714015908256864e-01,1.249269619937506434e-11,1.512363796063141960e-11,6.688849260249152309e-11,1.704951379652617978e-11,1.408865915192354852e-12,7.889466248672971432e-13,4.364514661969775425e-12,1.958668833132447500e-12,3.703678960754607340e-12
1.126755034495399432e-01,1.626760619851050643e-11,2.016386451449811359e-11,4.323607502349160630e-11,2.648316887258031888e-12,2.790862635953912509e-11,3.136229217943252293e-11,1.995291279394309361e-12,1.407829137331703457e-12,1.198559140765439014e-11
1.084300168874225562e-01,2.360160712220770724e-12,2.005011943652867132e-12,5.560857400826859423e-13,5.695228604801825701e-11,7.951032365177580461e-12,4.754553983649206516e-12,2.593041940897252923e-12,7.136859626310415377e-13,3.130648532558963028e-11
1.048153141364550622e-01,1.541687208909815284e-13,1.374316799264734900e-11,5.648899569043642418e-11,2.420403394934242541e-11,1.004562016672199594e-11,1.644852210446530378e-11,7.966167604140129843e-12,3.402059069771710847e-12,4.127351165568877274e-12
3.697390037346322267e-02,5.594058046681288557e-12,9.367694831474360830e-12,3.625735918415205639e-12,1.759354029307362813e-11,3.312733700763067690e-11,1.507223574497649899e-11,1.853648158172952817e-12,5.522792304271231358e-11,3.325866166582180398e-12
1.060146950373389158e-01,4.063640319053271375e-12,3.820119273539518590e-12,3.029295666738276627e-11,2.418856770272541035e-12,3.399095003736035824e-12,8.859931367928066790e-12,9.417147817587243228e-13,4.242725747290156240e-11,3.097358968094918890e-11
1.134912149625448841e-01,1.200171117527812861e-11,2.408573397722327133e-12,2.837274727493793387e-11,8.264021764142671208e-12,3.519615829457447225e-12,5.903047620822050693e-12,2.713213976405856641e-12,4.242725747290156240e-11,1.072377500786753545e-11
3.837019600081844478e-02,1.992489269554074795e-12,1.767971811634675562e-11,2.822073891360884384e-11,1.783799215661206423e-11,3.530661434198370224e-12,7.567280759976345944e-13,1.234980790740910709e-12,1.908964395132278064e-12,3.719002917032279562e-12
1.350565014781648365e-01,5.698147805569509504e-12,1.427252757987572785e-11,7.178943663594465163e-11,3.090970188948082063e-12,9.703321239194086296e-12,5.212410628714369276e-13,1.263983882308190237e-12,8.086052335229150918e-12,3.655293908122994493e-12
6.591211314814496292e-02,1.330544939490892353e-11,1.909808646163477295e-12,9.903315200177222465e-11,2.989009258928102023e-12,7.597369648890702501e-12,8.603281368079787262e-12,1.175749845367445447e-10,2.019329929093542042e-11,3.343622651852041800e-11
6.171552656321445396e-02,6.376650710893413204e-12,2.440371720376365133e-12,2.619424984535954070e-11,1.826203738364982858e-11,6.904791941335318243e-12,1.480235948826578230e-11,6.483063962096401605e-13,9.866108679682359311e-11,3.727934477929530021e-12
1.074044371534329800e-01,3.403015055482605832e-11,7.621970558914611814e-11,5.721708285911585187e-11,3.413488763457521256e-11,3.619548966099769329e-12,4.757100072345916322e-12,2.871334408238303856e-12,1.778986217595633018e-12,4.468144867484777095e-11
9.568812398302620204e-02,1.181213484482649948e-11,3.784905441060036386e-12,1.597929530010047305e-11,8.264021764142671208e-12,3.425994064437683053e-12,4.843257895906935546e-12,9.417147817587243228e-13,4.242725747290156240e-11,3.097358968094918890e-11
6.482357698881409391e-02,1.022734879784045533e-12,2.010275666498567931e-11,5.624368989462959952e-11,2.603006431527171979e-11,1.224012155242917282e-12,3.252475039729907128e-13,7.498293288811834771e-12,8.720769693562542852e-12,2.123872578562107772e-11
8.499865520748185743e-02,8.365675454131165103e-12,9.367694831474360830e-12,3.625735918415205639e-12,3.793068633172689740e-11,7.865300229595272391e-12,1.527333333643970452e-11,1.853648158172952817e-12,5.443609802507629481e-11,3.000990234390036222e-11
3.690888640681940641e-02,3.697641148470355883e-12,2.555663966583412781e-11,3.050741322678417224e-11,1.790535680006215903e-11,4.141514097553538753e-12,2.012252608252803913e-12,4.711130967107142456e-15,1.032183003938989108e-11,1.368518431471015079e-11
3.939528657297863140e-02,3.426356957435833053e-11,1.329988152971263591e-11,2.822073891360884384e-11,2.681533944727968449e-12,3.513741263869515696e-12,3.660226592097979254e-12,1.233384044728790392e-12,7.173166576933607041e-13,3.652210732982375972e-12
1.079134450548359381e-01,3.776039097514697095e-12,8.643929529621254148e-12,5.560857400826859423e-13,1.817025657198523101e-11,7.911040107890134410e-12,4.738463296312098717e-12,1.384850997867854601e-13,3.983492123393927299e-13,3.138605692410374849e-11
1.172661652380219965e-01,7.548299365053063166e-14,2.440371720376365133e-12,1.119807766136962755e-10,9.852166291904475735e-12,1.643451991013652980e-12,2.206163651532386708e-11,1.589884459149385414e-12,1.203197904721342203e-11,3.419781534776119965e-12
1.082687484788825427e-01,1.773080190453827092e-12,8.978740556933483716e-12,8.239523785518523032e-11,6.682028406822037441e-12,3.517798968744938593e-12,8.732746834998909271e-12,2.556189721597358299e-12,1.856105275745766687e-12,6.963879232146013681e-12
6.085154946896860484e-02,3.697641148470355883e-12,1.184207841377855976e-10,6.603481898179675341e-11,1.041135923148296639e-11,1.742285674466869744e-12,2.022641241339754491e-12,1.795192586165692268e-12,1.026292927680563083e-11,4.320107084510533917e-13
4.226175247478047847e-02,1.337999823867123295e-12,2.386166032334937897e-12,2.621019911961850534e-11,2.603006431527171979e-11,8.117863461995966586e-13,4.553336574965338492e-13,6.373021269725120700e-13,5.681419501944189835e-11,2.126044422873931504e-11
1.200077264832714319e-01,8.865210529704500318e-12,1.599905315688624060e-12,2.932832129874612417e-11,1.740762432743078874e-11,3.734812378790481157e-11,5.056636535056483197e-12,5.154284459938648841e-12,1.965467405635322028e-12,1.719564474380123525e-11
4.265754179271440821e-02,7.594780384051896302e-13,2.496958772054471226e-12,1.272369260354545258e-12,6.366877306725198185e-12,7.940771792326550933e-12,1.790501738097876420e-11,2.623273396263522515e-12,1.860814342038311996e-12,3.173987765845881085e-11
5.313970650396059731e-02,1.222741060780844023e-11,1.327483862223311036e-12,6.771952574165755950e-12,6.407384851764461550e-12,6.853897062295545457e-12,1.154887394103905478e-11,1.854475991604836227e-12,1.887968287352983088e-12,3.743305332320780114e-13
1.060753683958605281e-01,4.110476163217379531e-12,3.820119273539518590e-12,3.053667114891595844e-11,2.713215843435526619e-12,3.399152949001841596e-12,8.859931367928066790e-12,9.417147817587243228e-13,4.242725747290156240e-11,3.097358968094918890e-11
1.150792367455598375e-01,3.589034730146748474e-12,1.200674611878566010e-10,3.367389560897940584e-11,3.815651008727911794e-12,9.953121293355525363e-12,1.493997505038720362e-11,7.513900851785314062e-12,5.219225553898891525e-11,5.331095762128293538e-12
4.266986611990768175e-02,4.114323705462648963e-12,2.486484350517851222e-12,1.272369260354545258e-12,6.543658513477325968e-12,3.408198575621112012e-12,1.790501738097876420e-11,2.580677894213350452e-12,3.760419276947330817e-13,3.173987765845881085e-11
1.060023707226836476e-01,7.088345592200195802e-13,3.830593695076139401e-12,3.029295666738276627e-11,2.242075592348394712e-12,7.931668220684675942e-12,8.859931367928066790e-12,9.843102864732132312e-13,4.509854200676014946e-11,3.097358968094918890e-11
1.115681704570054278e-01,3.927723691155777484e-12,2.440371720376365133e-12,2.621019911961850534e-11,2.696886197326451831e-11,1.511655712902349447e-12,1.480235948826578230e-11,4.658681063433324590e-12,4.403683563951897329e-11,2.143996364882175467e-11
6.257854817402314085e-02,8.923196185239639720e-13,1.361057683821511798e-11,2.873728095491358032e-11,9.903648015430960794e-12,7.909050156422945370e-12,1.057008385420585509e-11,1.277418565236960107e-12,4.354071850910144589e-11,3.621218427164528192e-12
4.639708056403935021e-02,4.832196937272239168e-12,1.730271004988908017e-11,6.286794631674570807e-12,1.312769014620067893e-11,3.068512683243897734e-11,3.135048024396471381e-11,1.299132660925040097e-12,2.146788367929867842e-12,2.223390691242393973e-12
3.427581227705114864e-02,5.309589646008176206e-12,1.522507075040160093e-11,2.695775077155710421e-11,4.405146089258866114e-13,7.868133633439958444e-12,8.334138147458216726e-11,7.745598887744412684e-12,1.096053330203697208e-10,3.589412837235626707e-12
6.087430388335277054e-02,1.341182708930002150e-11,4.366884685715471271e-12,9.808946986691505187e-11,6.297892199495032080e-12,6.135614811270983181e-12,1.496570276703203363e-12,1.773436926609523519e-10,2.049101490822172247e-11,3.208574182853334319e-11
6.625169996199253841e-02,1.257835143556333637e-11,5.084490288973491036e-12,6.719937679063899102e-11,6.924611051015794469e-12,7.548479181489513917e-12,8.479387632390245378e-12,1.196605151232163558e-10,1.965467405635322028e-12,3.986869012304352994e-12
8.917516364643357507e-02,1.296143041035898785e-11,2.215867735245845018e-12,3.022500735916963026e-11,2.613666656571013688e-11,1.743077778291825639e-12,6.078849693826652458e-12,2.843592357533434890e-12,5.822831400813362637e-13,3.054081717652991204e-11
6.056948736911763054e-02,1.237392753874176547e-11,1.199732669979058623e-11,5.400551501105916430e-11,1.756099607505065446e-11,2.504225727338667146e-11,2.463964987887913846e-11,4.430868921782618269e-13,4.726649530936003159e-12,1.414167856764551735e-11
1.154508704267229735e-01,3.621895709198339781e-12,2.120673112838708115e-12,4.603019327915179161e-11,3.272634294619725298e-12,9.294380036409875963e-12,4.009820076511983990e-12,2.548435764100995526e-12,8.455498674236446975e-12,8.368094999997072353e-12
3.301113534811982164e-02,2.898579205780737066e-12,2.173523293818694659e-12,2.448045985810463930e-11,1.120062205154632970e-12,7.901607010443460759e-12,1.386770228498092169e-12,9.130201448156117520e-13,2.435587863085606617e-13,6.791839863329361038e-12
1.039811086150656816e-01,5.660142762233227116e-12,2.730657270788405510e-12,2.567617916779173255e-11,1.868834576405722567e-11,3.611188091187748674e-12,5.726657590486266260e-11,4.283980825687947051e-12,6.396070090319429243e-12,4.477421388935493873e-11
1.115191731919673301e-01,2.878105046450376253e-13,7.621970558914611814e-11,5.721708285911585187e-11,5.717002604541319166e-12,7.000273698757930688e-12,4.757100072345916322e-12,2.882336579029988863e-12,1.778986217595633018e-12,3.442039627185401817e-11
9.508337742266606551e-02,5.959661999756140063e-12,2.314020036114968349e-12,1.557158799890712957e-11,3.227888538641110857e-12,9.513168390318333818e-12,5.139441667329111022e-13,1.034434070905031872e-12,8.571966077390022898e-12,7.345769496970042086e-12
4.902860561860999944e-02,6.525364004694972005e-13,2.121111881807385348e-12,4.650703273940858957e-11,4.210133996282083581e-11,9.294026752888153487e-12,1.822083937447600711e-11,5.047088069980383451e-12,1.972933832181007275e-12,7.009904827411949823e-12
3.048265665737701080e-02,5.503324320133497025e-15,1.183797192376458091e-11,5.648597612653579630e-11,2.410245158187636238e-11,1.028944009508105970e-11,1.743483009672674412e-11,1.488943582316513854e-12,2.529570649406403465e-12,6.941406058920631317e-12
9.548047658329501808e-02,5.463121432266222148e-13,3.820119273539518590e-12,3.029295666738276627e-11,2.418856770272541035e-12,2.926151617520966657e-12,8.870208002690766513e-12,3.126624160061106270e-13,8.415821308983750061e-12,3.097358968094918890e-11
1.086720172533235662e-01,1.992489269554074795e-12,1.764110956954610893e-11,2.822073891360884384e-11,1.783799215661206423e-11,8.395492279878098446e-12,4.678000722210640824e-12,2.525811065873549425e-12,1.908964395132278064e-12,3.719002917032279562e-12
1.095794336009390524e-01,4.194419783295337238e-12,2.726387658119704165e-12,2.694399798718496934e-11,2.512876878747894271e-12,7.899629194770821730e-12,4.336196599029223759e-11,4.316161685519924921e-12,1.686583158905931012e-12,1.079998518255011967e-12
4.151688245311015157e-02,1.289068022212449995e-11,2.081850751914177372e-11,4.323607502349160630e-11,2.855378310799325033e-11,9.836470771832866832e-12,1.454873768083803907e-10,1.985084226630950029e-12,1.055233001626258342e-12,1.198559140765439014e-11
2.295924283684895040e-01,5.959661999756140063e-12,1.210808429718341275e-11,1.099332677747991103e-11,3.228877991320581975e-12,4.929623777984057604e-12,9.141889810354037650e-13,7.219218275048855984e-12,1.788169969292759552e-12,3.393160347583733793e-12
6.011190314632218479e-02,2.283169312757332760e-10,1.711801686589166670e-11,3.625735918415205639e-12,1.636361470380864476e-11,2.680993401610691555e-11,1.872121621039716139e-11,8.854751347071524945e-13,5.513097531630657849e-11,8.467268401524194191e-13
1.098623807915529993e-01,4.208638982298509734e-12,1.539922838165954496e-11,2.826102438993888063e-11,3.770196067787959486e-11,5.393848324204678287e-12,9.052296890129193911e-12,2.727453310538657781e-12,8.146253661015161568e-12,3.608056185426041005e-12
1.129342687563915232e-01,1.219166559921215144e-11,1.039026264307751257e-12,2.805912970051036038e-11,8.674209117995195418e-12,3.519615829457447225e-12,1.693865159869501801e-11,2.713213976405856641e-12,4.242725747290156240e-11,3.929437455515825721e-12
9.428168383148659293e-02,1.319705823871071585e-12,1.997082870550015744e-12,5.680261326492675354e-11,2.769279652897520274e-12,1.005709669996109479e-11,5.061283641423129932e-12,1.801556010239661899e-13,4.587281327958147086e-11,3.356911892357376738e-11
1.084667727080373956e-01,5.959661999756140063e-12,1.210811362178877486e-11,8.018423656373952739e-11,3.023527361470602641e-12,4.929623777984057604e-12,4.763421829738901731e-12,2.537180524830361937e-14,4.288119399631796954e-12,7.473612474967636472e-12
6.550177039494561870e-02,1.358136315422340972e-11,1.831898920099718725e-12,5.763403364072131416e-11,2.208190830829144782e-11,1.396149579574486926e-12,1.716497992060533177e-11,1.854886546842314361e-12,4.549363620717652997e-11,2.883948261024951025e-12
1.071797945340479397e-01,9.432743083262388273e-13,1.979365684955619790e-11,4.323607502349160630e-11,2.524037487957839199e-12,1.288930723780508238e-11,3.087352089231034082e-11,1.207416794468722902e-12,1.198415196406531845e-13,3.718226897614410536e-12
7.567449122617667112e-02,1.525441042913590757e-12,4.211666426880069171e-12,2.783839340281300946e-11,7.668467635025380901e-11,3.345807454277242299e-13,3.605427182917248708e-11,7.106930195588584810e-12,1.938993336348039025e-12,1.045689597128132322e-11
1.421387900238094831e-02,1.663778331389579914e-12,7.007123441628704915e-12,2.821582683964669114e-11,9.908521039776689493e-12,3.418942658650735106e-12,8.031660193812162986e-12,5.404598349116440314e-13,1.186065194482718229e-11,3.719002917032279562e-12
7.566189820199653582e-02,3.987494073989911433e-12,2.501111616456105334e-12,4.370568616974914022e-11,3.761530764563993649e-11,1.576250888044905613e-12,9.068938048913404574e-13,7.238907189068651391e-12,1.852810445376072004e-12,9.529840810720858678e-12
7.050130354925988885e-02,5.959661999756140063e-12,1.210811362178877486e-11,8.057865149045267635e-11,4.654523632229923186e-12,4.929623777984057604e-12,1.840569867698540277e-13,1.465341402334098403e-12,4.288119399631796954e-12,8.057511291708311256e-12
6.602161782261345424e-02,1.261646215329501477e-11,1.565800100669273479e-11,6.719937679063899102e-11,3.615603590595467486e-13,7.867760825946344767e-12,7.906855679946881945e-11,1.196605151232163558e-10,1.100323458025616852e-10,3.580268206092250462e-12
7.159819336077269392e-02,4.215585795398324593e-12,2.403135772695180556e-12,2.849401385407216681e-11,2.332913202378507598e-12,6.132019753694989356e-12,2.336355534009228548e-13,2.129698562072225324e-12,3.775931993581171737e-14,1.099416167985118794e-11
1.167094226059571804e-01,1.266697637452554421e-11,5.084490288973491036e-12,5.571555914509044361e-11,6.947727892285811675e-12,6.585611924915645497e-12,7.665364177659727721e-13,1.184648683015487080e-10,1.965467405635322028e-12,3.994747787434229501e-12
2.522483135369617963e-02,4.226629643069035002e-12,1.787104690569991954e-11,6.768232475684331554e-12,8.781368961340902644e-12,3.659545241117684677e-12,4.822705561319735262e-12,1.233384044728790392e-12,2.467752455949728051e-12,3.719002917032279562e-12
1.056175958767099771e-01,5.981119915643096309e-12,3.436414132948813355e-13,2.585176810076525791e-11,3.227888538641110857e-12,9.931801185194540628e-12,5.113095230769540105e-13,5.158363784622898626e-12,5.647435682523973079e-11,7.345769496970042086e-12
6.238447385622683528e-02,9.208818496550659548e-13,2.014325929595526325e-12,2.810254618938202680e-11,9.893377452346130331e-12,6.844921592813981109e-13,2.669205157854464951e-12,6.739951461778877643e-12,1.530875735825122837e-12,3.504280727006224494e-12
4.275023326428328135e-02,2.682787024406888904e-12,1.248209165329370953e-11,5.433125151504151366e-11,4.485113401517587642e-12,8.260025223454345135e-12,8.136961773943424098e-12,2.453130728246630270e-12,2.186141760890735083e-12,2.413783040625972945e-11
1.043500698813762118e-01,1.406900931122950960e-12,7.075610204171509485e-12,5.576421313355470000e-11,9.908521039776689493e-12,3.418942658650735106e-12,8.031660193812162986e-12,5.404598349116440314e-13,9.205334293797851035e-12,3.335796054807787992e-11
1.137438202122098285e-01,1.663778331389579914e-12,7.007123441628704915e-12,2.418727157249184812e-11,2.555338521548628730e-12,2.790869273074801775e-11,8.031660193812162986e-12,4.362920432047502680e-13,1.186065194482718229e-11,3.740526223736924142e-12
8.880637555295683994e-02,5.655458625360915936e-12,5.029118142283455848e-14,8.096741793299798425e-11,3.414891412647672954e-12,1.743077778291825639e-12,2.846143583078814015e-13,2.843592357533434890e-12,1.040443215110645621e-12,3.059569982709770224e-11
1.902458193297388855e-01,9.417550155243447496e-13,8.713191762272643433e-12,2.873600126926194368e-11,2.258432086715907595e-12,3.525111849751605466e-12,9.052296890129193911e-12,2.744295459243239815e-12,5.736681787789374647e-12,3.620071990660849657e-12
1.054057751279981608e-01,5.959661999756140063e-12,1.210811362178877486e-11,8.060914533357915241e-11,4.608587598737344018e-12,9.999610988254965285e-12,1.776510723020385728e-13,1.465341402334098403e-12,4.292285448315167710e-11,8.057511291708311256e-12
7.071312429797170507e-02,5.981119915643096309e-12,2.314020036114968349e-12,8.015374272061305133e-11,3.273824572133690026e-12,4.861813974941613623e-12,5.194490548393800162e-13,5.085796484610295411e-12,3.890565142498761566e-12,7.345769496970042086e-12
2.811089987879206858e-02,1.116363088956727730e-13,1.711801686589166670e-11,5.525099164890594900e-11,1.667510919512241477e-11,2.680993401610691555e-11,2.450554190079395091e-11,8.854751347071524945e-13,1.143281911166534209e-11,8.467268401524194191e-13
1.183053194845491152e-01,1.257835143556333637e-11,1.552903366257307080e-11,1.730809389606907399e-11,6.924611051015794469e-12,3.417060845436178865e-12,1.136048604199044035e-12,1.629299765042344862e-13,1.971125469528603454e-12,3.898113191290539869e-12
6.133063591277779919e-02,4.227556319114369331e-14,1.769842591379276840e-11,6.017447665801282909e-13,5.739834825944405502e-11,4.160807486380079525e-12,5.399810781019170602e-12,1.938318374726769112e-12,1.238111313346196692e-12,3.798565616368176375e-12
8.145779680005876822e-02,5.307556892010491758e-12,1.456114754489678131e-12,1.103800784675742367e-10,1.314732328932562239e-11,6.844921592813981109e-13,4.344007541876320177e-12,3.949216825544726902e-12,4.792483155204734306e-12,3.502772253467607482e-12
1.104729232549260254e-01,9.781808369570430251e-13,2.205623095544360751e-12,2.718428851015960739e-11,3.746925274410196725e-11,1.265665150048007399e-12,1.288516751505746584e-12,2.772489746914300357e-12,1.802881464528896857e-12,3.539658704661720878e-12
1.136636463503901129e-01,1.271094818401261203e-11,1.505144728338157082e-11,6.664560953170297583e-11,2.822188192030550486e-12,4.461987913052062340e-12,7.889466248672971432e-13,1.802768086851496163e-12,1.005387986460883103e-12,2.701305526996369075e-13
1.548299370611424391e-02,1.663778331389579914e-12,6.377182897456391094e-12,2.821582683964669114e-11,3.098691370845051975e-12,3.805900360849831200e-12,8.032290608793782376e-12,5.175007928161004262e-12,1.101854237989918779e-11,3.719002917032279562e-12
1.066095263803379101e-01,6.127242159449494911e-12,1.785828300969427994e-11,1.115282935889534670e-11,2.397658270264773966e-11,1.025232984837859929e-11,1.456929461171123580e-10,5.082073463533247896e-13,1.550444879625648504e-12,8.063793932712503752e-12
4.024151126217535845e-02,2.897411569102456577e-11,3.860527011482694874e-12,4.114167544770799464e-13,3.094379586265290110e-12,8.144608000823575858e-12,1.479602786121356165e-10,2.964005578237319032e-12,8.274226489955010632e-13,3.872526291862440021e-12
9.081554910130773539e-02,5.959661999756140063e-12,1.210811362178877486e-11,8.018423656373952739e-11,3.061425445120507218e-12,4.568246183468569150e-12,8.039972835179095732e-13,2.681466238671381585e-12,8.695079615725873851e-13,7.473612474967636472e-12
1.093467227891977700e-01,3.378907310607803762e-11,8.619109449758283629e-12,5.560857400826859423e-13,4.606322539042016887e-12,7.440148212002544703e-12,4.754553983649206516e-12,6.772600684344056792e-13,4.132330904702525960e-12,3.131658139386108457e-11
6.536058807059155762e-02,1.992489269554074795e-12,1.767971811634675562e-11,2.421767339758118423e-12,1.786942901549202856e-11,3.509409623067308527e-12,7.567280759976345944e-13,1.234980790740910709e-12,1.460730779575793532e-12,4.380835303073094170e-12
3.671008235388661944e-02,3.502952857570202841e-11,1.739400536668372673e-11,2.865397678179897712e-11,2.400991218573056644e-11,4.187620485450255895e-12,3.022600895699008347e-12,1.924619639024729467e-12,2.903572895165987574e-11,3.704770464656484535e-12
9.351268224748456037e-02,4.248596602545653937e-12,1.749567288683704661e-11,6.768232475684331554e-12,1.838874449112990928e-11,3.486126806869193746e-12,3.644135904760871454e-12,1.118926212838493165e-12,3.712922649624214847e-13,3.719233693247871488e-12
1.113633286907846076e-01,9.606959588881542535e-13,2.730657270788405510e-12,2.566189285632528924e-11,6.097917427775656304e-12,7.003475749603885431e-12,1.161414808561297889e-10,4.283980825687947051e-12,1.553468177906508462e-11,3.451316148636118594e-11
1.118302247041245839e-01,3.000217611222329221e-13,2.759693998719705170e-13,2.823502522507528714e-11,1.009291949673556189e-11,3.525111849751605466e-12,7.115396660394919293e-12,1.233384044728790392e-12,2.060909040581986711e-13,3.640261186649846505e-12
1.049983158615298284e-01,4.945435695052055911e-12,1.608283998537400462e-11,1.500302380903128131e-11,1.157071621053949595e-13,3.445152739534446760e-12,8.356865855281970830e-11,1.374880178901999886e-11,2.655417826488271239e-11,2.759596616280446164e-12
5.495292119419997734e-02,1.222741060780844023e-11,1.332213665190728594e-12,2.563835276643781924e-11,1.572141534916979785e-12,6.971398861276887964e-12,1.161385641728325621e-11,1.854475991604836227e-12,1.887968287352983088e-12,2.571582895762099158e-13
9.310028705018702500e-02,4.431297312003130997e-12,1.212472947405838399e-11,8.063951785994780013e-11,3.227106821784059662e-12,1.902417645281183146e-12,5.139441667329111022e-13,5.085796484610295411e-12,3.708430548468379469e-13,3.595372918258154011e-12
1.036460198656433407e-01,3.987494073989911433e-12,5.280005060375154167e-13,6.023670199308025889e-12,1.013421519237235276e-11,6.669225225895240368e-12,1.875867488959587986e-13,1.961214239993129539e-12,1.807526321074558314e-11,3.038307459077289108e-11
1.123200524193353894e-01,1.254067289265804684e-11,1.283957605104424267e-12,1.790541198476324959e-11,3.400241162101511318e-12,6.363646428028319741e-11,3.560821902439932688e-11,2.871883832657950732e-12,1.240234496832612374e-12,3.873074757209597662e-12
3.527814047783407736e-02,5.323329790346274341e-12,7.007123441628704915e-12,2.822073891360884384e-11,1.685520150218818632e-11,2.020644085972898430e-11,4.355767232599696171e-12,1.233384044728790392e-12,3.670895760448479330e-11,3.197320894289759041e-12
1.136329797176733047e-01,5.005179076263885685e-12,2.439227876377101313e-12,2.623138332308402266e-11,2.585720686854156043e-11,3.065588312763341815e-12,7.352356395026017501e-13,6.583642542506937229e-13,5.797199884866731177e-11,2.153127213664966178e-11
4.412990779062123115e-02,1.663778331389579914e-12,6.954061615807110981e-12,2.416608736902633403e-11,2.732612853209934987e-12,2.790869273074801775e-11,7.759653018740213869e-12,4.152299159265688675e-13,1.070321248975274664e-11,3.470041157399855859e-12
6.438388705466112361e-02,2.690322611933855541e-12,1.917544885683917453e-11,5.635252987170442714e-11,3.836683136977519888e-12,1.007909603690235501e-11,4.062646663277802568e-12,7.513900851785314062e-12,2.767493808393625320e-11,3.883603513525174188e-12
1.158455692373966672e-01,9.233359139563712690e-13,1.702246248415712239e-12,2.822073891360884384e-11,9.908521039776689493e-12,3.525111849751605466e-12,4.306371367568755529e-12,1.233384044728790392e-12,5.070683656358109687e-12,3.640261186649846505e-12
7.744245226678667104e-02,5.307556892010491758e-12,6.815419310256512968e-12,1.103800784675742367e-10,1.274376219379273316e-12,6.844921592813981109e-13,7.153032834702493634e-12,3.949216825544726902e-12,1.464196065734204211e-14,3.502772253467607482e-12
3.359769788916869976e-02,6.858998088994468043e-13,1.767704873662091074e-11,5.648899569043642418e-11,2.613097032259353274e-11,1.002189794141526915e-11,1.932545539778767607e-12,9.492070901818121254e-13,1.308467794135858870e-12,1.046740850843735743e-11
6.329502660310078188e-02,6.486590142777153621e-12,2.440371720376365133e-12,2.566996519259037414e-11,1.826203738364982858e-11,6.904791941335318243e-12,1.541208465690870432e-10,6.483063962096401605e-13,9.866108679682359311e-11,3.461341005161828159e-11
9.390079549604105069e-02,1.629634441491503027e-14,1.769842591379276840e-11,7.959084970884703846e-13,5.746064959181327846e-11,4.160807486380079525e-12,5.399810781019170602e-12,1.938318374726769112e-12,1.820218332237438838e-11,7.566001336659773760e-13
1.162556821093652798e-01,4.084758798124763142e-12,1.048326364811475602e-12,1.003374432249071095e-11,4.147597532894296729e-12,1.697967952343118849e-12,6.080325770078695193e-13,2.659705023292658159e-12,1.130528746143781036e-12,3.125831260032904886e-11
3.984600215877499851e-02,1.289670419376316256e-11,1.356792198345591696e-12,7.954850732061689549e-11,2.505900577839613284e-11,3.903272818985721270e-11,9.105093512328549469e-11,3.046099236883803031e-12,1.236043003999582009e-12,3.845411075268999786e-12
4.337454620105892639e-02,2.001042916527036107e-12,1.767971811634675562e-11,2.822073891360884384e-11,1.783799215661206423e-11,3.530661434198370224e-12,7.567280759976345944e-13,1.234980790740910709e-12,1.908964395132278064e-12,3.719002917032279562e-12
8.995877387414022430e-02,4.196202154537557271e-12,1.540078645071292611e-11,2.996887282559002426e-11,3.409306973646712334e-12,2.086561200740160882e-14,9.018372943529950929e-12,9.417606201889089196e-13,3.072731767711123336e-11,3.101785276036317350e-11
1.096240206621031943e-01,4.715943534746058680e-12,1.748542888083481037e-11,2.826102438993888063e-11,3.770196067787959486e-11,5.393848324204678287e-12,6.445322412430674373e-12,2.727453310538657781e-12,8.681935637856958289e-12,3.608056185426041005e-12
4.824644277659230485e-02,3.722649438216904850e-12,2.716603534359384620e-12,2.621019911961850534e-11,2.603006431527171979e-11,6.865556424079361747e-12,4.553336574965338492e-13,6.373021269725120700e-13,5.650861111008044633e-11,3.477411919041927063e-11
1.071359531973340162e-01,3.373817867489130812e-13,2.400219768763958787e-12,2.567617916779173255e-11,6.282315884734514162e-12,3.203507638407319993e-12,1.478335742501721200e-10,4.283980825687947051e-12,1.576918242389001071e-11,2.099948652468127882e-11
4.114390254085602272e-02,1.128863170298654884e-12,1.730271004988908017e-11,6.617963772195967950e-12,1.317764686720394825e-11,3.068512683243897734e-11,3.089973242504649118e-11,1.293155117165462557e-12,2.146788367929867842e-12,2.261121884338807960e-12
1.124329727242299876e-01,4.646618428928654884e-12,1.979365684955619790e-11,4.290582743006368435e-11,2.474132162016504972e-12,1.288930723780508238e-11,3.132426871122856346e-11,1.172427108619632166e-12,1.198415196406531845e-13,3.609288608887825321e-13
9.913528350396351441e-02,4.718402307772731351e-12,1.690752577962823420e-11,2.619424984535954070e-11,1.826203738364982858e-11,7.794423928375090836e-12,9.058287603460147389e-12,6.483063962096401605e-13,9.866108679682359311e-11,3.727934477929530021e-12
9.448545204320556168e-02,1.319705823871071585e-12,6.672577316540032397e-13,2.860241246938293404e-11,8.205507280380223712e-12,1.005709669996109479e-11,5.086745223355231707e-12,1.626616981143672823e-13,4.230083661053531820e-11,3.356911892357376738e-11
