4.377520123606021798e+02,7.889753749574741626e+00,4.649762299246811698e-02,8.234481939770867953e-01,3.018884619311438394e-03
5.251896624134599206e-02,4.763269154683078099e+00,4.074149709203268799e+02,1.188743967899228782e-03,1.114384223831616085e-04
0.000000000000000000e+00,0.000000000000000000e+00,0.000000000000000000e+00,0.000000000000000000e+00,2.356843831393137378e+01
6.463627547066284507e+00,4.781054056852986491e+02,1.175881637349069364e-01,1.714905887081745808e-02,2.232303844825298954e-04
9.793653649342687452e-10,2.716543372356840953e-06,2.942174415083493959e-07,1.798300479047449016e+02,0.000000000000000000e+00
3.686191747830604492e-08,3.915602542239480301e-06,6.628411760674811719e-09,2.363961757548757703e+02,4.839342160054523115e-07
1.140396417963184028e+00,1.362392135264726107e+02,5.759570822399415135e+01,3.321212322582361431e-01,5.457656644870247931e+00
1.493723164441435975e-09,3.529668291538323818e-08,3.693394513257383640e-06,2.227281547604946468e+02,4.559539705419194553e-07
3.668246623356629357e+02,9.035145278807796387e+00,6.772662471208849844e-02,5.139410757275991769e-04,3.325995135905554179e+00
8.950260986931305451e-01,3.699790825139452011e+01,1.985516244380119986e+02,3.037478394334403031e+00,0.000000000000000000e+00
1.150893461456687250e+00,1.724748871689857026e+02,1.897296832570732872e-04,1.599743478650699124e+01,1.993568579914524364e+01
2.347342831067363789e-07,2.323039753968686472e-08,1.351684879211837866e-06,1.465884542981492871e+02,0.000000000000000000e+00
1.637079772973174218e-06,1.891489364636109118e-07,2.028923122914441399e-07,1.847891128459130528e+02,0.000000000000000000e+00
4.265601228091331354e-02,1.067804026334260303e+00,2.527849946355551083e+02,1.593651891116643548e-03,1.257568344508175961e+01
2.777159165597873347e-01,3.222350166291003237e+00,1.559129159005539123e+02,3.599477138652081853e-01,7.331724486651481243e+00
4.256569135997133912e+02,1.842257976548962262e+01,5.881935509490212599e-01,5.353245416476530745e-03,2.047942264428994296e-04
1.023865396681863515e+01,4.054786982326862699e+02,3.324035045550762790e-01,2.757884350932749210e-02,1.360189256292872462e-01
1.147624502839342364e+00,7.409346289335119740e-02,3.562099075388276788e+02,5.479706663498421726e+00,2.431246189901458408e-04
3.297580741183700752e+02,1.427204452615286101e+01,4.556758421459484731e-01,4.942808464451283967e+00,1.609293885062080024e-04
2.757668016683342493e+00,1.517516984151577049e+02,4.789869185551766151e+01,6.558339336786545536e-03,9.057419799448458875e+00
1.812991004329642664e+01,1.561993482193837490e+00,1.031817540742569292e+02,6.075220998939739303e+01,6.165651077944361624e+00
4.088159012478727306e+01,2.011132380967397548e+00,2.247495443716347268e+02,1.349855161809023052e+01,0.000000000000000000e+00
1.674252167073078823e+01,1.656917894907771638e+00,9.640949367380187596e+01,5.089087843774327524e+01,2.589020539983362748e-03
4.070314297626139166e-01,1.934381056129097942e+02,2.427508314239567699e+00,5.760743477274411209e-04,1.871575069839834526e+01
1.246640478026131538e+00,8.048617798892492015e-02,3.869433672017141248e+02,1.119650092487259200e-03,2.601141924525625501e-04
2.108478181090278269e+02,2.256189702196630398e-01,5.286458907723795342e+00,4.392622830267092660e+00,1.797703675324874035e-03
3.183306877190951301e-09,1.619951266374413110e-06,7.939320615534033129e-08,1.042763750106208818e+02,0.000000000000000000e+00
4.638809846728592168e-10,2.019134234933608934e-07,1.060417812520417962e-06,1.150009225066067842e+02,1.209050286510430183e+01
4.857028042332141915e+00,3.592675081747353261e+02,8.836044536105903957e-02,5.457557237324321520e+00,1.709870519392007375e-04
2.515084991833155925e+02,9.313429758818097426e+00,1.150519277425282816e+01,3.164596534677274420e+00,1.619378897435766717e-05
5.547702046291440325e+01,1.975687584332453728e+00,2.170842679801943476e+01,3.757522715384190803e+01,2.436805278729258645e-03
2.226864614853331048e+01,2.432623632727737573e-01,1.327277541509996297e+02,2.248433183506816491e+01,0.000000000000000000e+00
1.075964806804712381e+01,3.133060032113530156e+02,3.541229484958030669e-04,3.334107636495721172e-01,1.493696683038235129e+01
2.948317001281585021e+02,7.464449457292469781e+00,1.086073368236941894e+00,1.347343176427322931e+01,1.789021033699948716e-04
3.794911721202531396e+00,9.950660125225829233e+01,3.039105285737471740e-01,5.009749275171236915e-01,5.287292966571134123e+00
1.389155731090153112e-01,1.129759538836692556e+00,2.904890236861903645e+02,1.751016438875312886e+01,4.513356102535926280e-06
2.988046019515408283e-08,1.303013449422265231e-06,6.519651709313298611e-08,8.563020433370665785e+01,0.000000000000000000e+00
1.927945839338813983e+02,2.960818306322888205e+01,8.817821407282186996e+00,3.161081514697304789e-04,2.045709564505937550e+00
9.480583777812956470e-01,4.353835214800578797e+02,9.296978930257815410e-01,1.547106741357805702e-02,2.071752320790536076e-05
5.171796901971994487e-01,2.255900797569838190e+01,1.152755910725367841e+02,3.751770383630080197e+00,0.000000000000000000e+00
1.297904610144474873e+02,1.005322958244956233e+01,1.754092477891139090e+00,8.626407224122379074e-04,8.014154559506270203e+00
1.400338453526377647e+00,5.842676711994894134e+01,8.263460111313962742e-01,3.025658861557094426e+01,3.050326872530582545e+00
3.374773588484942799e-01,1.603831454022447645e+02,2.015956774480811120e+00,9.914223053853715543e-04,1.780750966085708598e+01
1.811270421958375509e+00,4.722511273919381836e+01,3.092727273985306780e-01,2.158631717964972552e+01,9.918425850743615158e+00
1.444754664493341636e+02,1.545968379215045541e-01,5.663930180060253505e+00,7.630926906907122031e+01,1.196832487109320692e-01
3.550290494803424508e+02,8.407321713129805030e-01,1.783011667548955970e+01,1.354638368901417769e-02,1.841764497667117040e-09
5.666799266090423448e-02,2.510354652561238424e+02,7.497600906161450141e+00,3.082522759063226925e+00,9.678072079069755418e+00
2.013698074279419270e+00,8.429932717035558198e+01,1.886125353826575079e-04,4.463034849353390143e+01,1.387732477822918931e+01
1.604754987615521884e+02,1.717177682974466157e-01,4.044062425661781646e+00,8.010598806687420392e+01,1.993512685578753725e-03
8.341015970034579396e+00,3.303270438114590206e+02,2.707956484294441468e-01,2.969226779483135914e+01,1.205083891173023974e-01
1.229848893636683593e+00,1.843072849648575300e+02,2.027458221444865206e-04,3.861784569740589923e+00,1.992252263468054707e+01
7.453010335557959110e+00,2.170213063995117295e+02,4.063744271543185071e+00,6.400414398328236113e-05,1.052303494595885880e+01
1.819544066846056518e+00,1.453522010924744734e+02,2.330115130510023391e+00,2.585232570273621189e-01,4.205510904440910913e+00
9.806372603323129056e+01,4.837622949272345707e+00,6.443545416719281826e-01,4.742081876612216007e+01,2.237518675324052353e+00
2.425362056032878133e+00,7.372150504750873967e-02,3.360035301888197523e+02,3.251948354783902317e+01,2.313480060553556881e-04
3.219854111729834878e-02,1.329220183096032182e+00,3.099132007723455899e+02,1.953809636544750431e-03,1.526819591007948063e+01
1.048424288517441880e+02,9.660074268986570956e-02,4.109569775999156960e+00,5.449898302227462210e+01,8.094566061052889339e+00
1.696038773126975627e+02,1.726757900439884308e+00,1.721275245756207495e-01,5.864014436034533512e-02,8.346971313139952553e-01
5.495411356975755751e-11,1.001339923452325100e-07,1.139236191488108668e-08,1.294936605367965683e+02,1.347846925507237614e+01
2.879591659037037954e-01,2.984276827986832927e+02,5.479944537188721654e+01,4.833003909632397396e-04,3.127702426293275995e+00
9.300159380364609873e+00,2.708077203141703535e+02,3.060880653741835386e-04,1.226688110637420870e+01,1.498725543638115099e+01
1.004891518704097919e+01,1.514735787612601392e+01,1.336427675790767751e+02,7.130674440751185728e+01,3.735256228268736978e-03
2.531258755466286345e+02,1.171669016456753226e-01,1.631661246826525868e+01,1.135164576836599458e-03,1.367795102535377616e+01
2.986952167498824889e-03,9.944977841418993769e-01,2.431304435186299600e+02,8.628691003304338539e-03,1.506180769376629092e-01
2.094587325628066488e+00,1.683750091608764592e+02,3.721736217554651172e-02,1.633444270629411665e-01,1.701861095654787803e+01
1.366071896229814046e-08,3.430896128112808570e-07,1.838620591474417763e-06,1.310848993611694198e+02,1.135208687879891620e+01
1.081722620139767486e+02,1.599921821310638279e+02,1.394570690358486187e-01,1.187784724461341312e+00,5.072292895825394193e-02
1.089142803606940949e-03,7.863572854794438627e-02,1.478154439355085685e+02,1.419381647870919849e+01,6.606898353721605943e+00
4.422348880844955232e+01,6.666082846199141443e+01,3.431794109668253157e+00,3.768000775369500399e+00,2.503380379784023385e-05
2.696003386587593695e+02,3.103305807898686375e+00,1.813048386306315152e+01,1.224755241348219519e-03,2.619949064191760546e-01
1.730617833512702930e+01,4.308819065405886022e+02,1.087597644382035100e-01,1.586152503692268845e-02,2.064704750939341305e-04
0.000000000000000000e+00,0.000000000000000000e+00,0.000000000000000000e+00,1.350153626201592374e+02,4.516160284305588044e-05
1.179977410427579798e+01,2.308550079557975039e+02,5.632046013719490402e-02,6.307730635654444119e-04,1.292007031376037340e-01
1.300431741152955123e+00,3.343562707664905815e+02,3.102360472113047736e-04,3.453360089536778310e-01,1.545736856024982586e+01
1.943685590002226604e+01,1.427780239666084583e+02,2.046727970281728257e-04,1.688878574664639809e-01,1.633949783630471231e+01
7.336075617255671943e+01,1.139346368237733387e+01,5.307196361310435595e-01,3.900960849159141475e+01,1.026877503395158542e-01
1.164775195734951474e+01,3.391663546126318920e+02,3.833523401879268717e-04,3.609305667193214440e-01,6.960179809817521601e+00
1.424983746948816243e+00,1.702378768595713439e+02,5.356796960387303130e+01,1.993008848641734596e-02,1.229298710135525941e+00
1.752478001763908609e-06,1.727942099885048359e-07,9.521534391602529894e-08,1.237507667173371431e+02,0.000000000000000000e+00
1.063234657990044019e+00,2.745947628917078305e+02,4.364389851063525505e+00,4.842234035822689520e-01,7.877073913451394738e+00
