1.271332640456170407e-02,3.211949729419713240e+00,5.538452426257362227e+00,2.719570118527953273e+00,7.961130921954191031e+00,2.717210114038445257e-01,1.073297470874267034e+01,3.695626319974413265e-01,8.306470843585023189e+00,1.124513014369036057e+01,1.157079427366370439e+01,7.366477505251745939e+00,2.352619821016143575e+01,2.379347252298053661e+01,2.222745921823237936e+01,2.192555231496488233e+01,1.716067163206723478e+01,9.823773827214855814e+00,1.170342323160553732e+01,1.965647034138471483e+01,3.627852919231612816e+01,1.291783062241110613e+01,3.357984430211465821e+01,1.676996660404754635e+01,1.926664900124308488e+01,4.202942798549197079e+01,4.367731257349308294e+01,1.455961422565451002e+01
1.718181814433438620e-02,3.369440973615343449e+00,5.020532122752030091e+00,3.023033584686899644e+00,8.110103762415079132e+00,1.916783464242575175e+00,1.161158402835818571e+01,1.307346497482997805e+00,1.037174531166780866e+01,1.190083244540458729e+01,7.371080402924508945e+00,1.323755853988151188e+01,2.238614691934414225e+01,2.367972845688326800e+01,2.219793212431298102e+01,2.177716927184143714e+01,1.743409314617178296e+01,1.252949849809640348e+01,9.369623249065003989e+00,1.734676829977266621e+01,3.602816645256773143e+01,1.388148876977763635e+01,3.551302656341054131e+01,1.678648508251072613e+01,1.877229310180927513e+01,4.396779522290594855e+01,4.436931626697558784e+01,1.774483095086993956e+01
1.185412792833082270e-02,3.224009459177182180e+00,5.073462264274824385e+00,2.697388807998454041e+00,7.880995375925487600e+00,1.435540649452947959e-01,1.130892238466027244e+01,4.311794836318739721e-01,8.363638016170590106e+00,1.200608601759518734e+01,9.774728715637206022e+00,6.322397220295211895e+00,2.354962603767048890e+01,2.379335602673895522e+01,2.420200609333933883e+01,2.210054039466036713e+01,2.153868346336832929e+01,1.474059955393389743e+00,1.174622540824743666e+01,1.727286650216263197e+01,3.550799550622462419e+01,1.829155558502834822e+01,3.567270448663585114e+01,1.863091638051524157e+01,2.066020709188167714e+01,4.394809861081490965e+01,4.381513806509081377e+01,1.444827447754000893e+01
1.275705359081415365e-02,3.453676668573683273e+00,4.773152576764504218e+00,2.773794908015069005e+00,8.907250528393117150e+00,2.171084488882502495e+00,1.096435651733230721e+01,1.795731888709404700e+00,6.854022664075468896e+00,1.166548800639132821e+01,8.282569413482862686e+00,1.306192823983553986e+01,2.308015095408045880e+01,2.403495610357048662e+01,2.437019909164361664e+01,2.245836438489656572e+01,2.164582596388186886e+01,1.225046592297849202e+01,1.204234753435976479e+01,2.325908324891467061e+01,3.525914813052023078e+01,1.330829388354010590e+01,3.571670577744100683e+01,2.122746831270749013e+01,2.206691014184092481e+01,4.252304828476639642e+01,4.410317302433841746e+01,1.514915380508472431e+01
1.616992740203666498e-02,3.431823052786157735e+00,4.998819515733712748e+00,3.317442940222977477e+00,8.091347213513074621e+00,2.090926457343399214e+00,1.396948002695808988e+01,4.030336737040093320e-01,9.538761838546795602e+00,1.164541831285077222e+01,6.805833605926821406e+00,5.616930998378887985e+00,2.352684470882343248e+01,2.420728407415624162e+01,2.574742453282152255e+01,2.226543585087135213e+01,1.720478416594288262e+01,9.200016807509385330e+00,9.285723479976550010e+00,2.038264356599057692e+01,3.586709829164392715e+01,2.447147671483600817e+01,3.354411569542318006e+01,1.743409545719114817e+01,1.905148359586974394e+01,4.162839120869637100e+01,3.855284045586228814e+01,1.984362025871315893e+01
1.275733562463083476e-02,3.209283274751794757e+00,5.077387091563001498e+00,3.083378644423493853e+00,8.964394863418325698e+00,3.560546841260652684e+00,1.066433797270095241e+01,8.076599692757080451e-02,6.778532305245732914e+00,1.072403178556467118e+01,9.665626871442697166e+00,1.275701672605806891e+01,2.228509132833356787e+01,2.403615546533173841e+01,2.163825770757137690e+01,2.246964070918482292e+01,2.137590107015796903e+01,6.333002464605486104e-02,1.174399747499795765e+01,1.720583625732318467e+01,3.526769276134101005e+01,1.397937555884785077e+01,3.572320117504207104e+01,2.134256780476000159e+01,2.211544406851446709e+01,4.404648166753607086e+01,4.411347979353283932e+01,1.369839660589997443e+01
1.039127515076005044e-02,3.208123231238209971e+00,5.024559791026639743e+00,2.721095013330922630e+00,7.975154243115460950e+00,2.027688259092584211e+00,1.278839574151240122e+01,1.367080515897263648e+00,6.891394975340542572e+00,1.863128376312766576e+01,9.654516810814275374e+00,6.365707480310314637e+00,2.261706986951519127e+01,2.251104332193818180e+01,2.499815961873950343e+01,2.141948015803618688e+01,2.162248932802423695e+01,1.025395230122268853e+00,1.506974071887205469e+01,1.984406633045512081e+01,3.628401361021487048e+01,1.922092123221892024e+01,3.372338200156147536e+01,1.677078717087114867e+01,2.163405194059891912e+01,4.209853941793258514e+01,4.383686961087855138e+01,1.476180860483006008e+01
4.828034433342533183e-02,3.220188842342842861e+00,5.535069092165154636e+00,3.263106381285955315e+00,7.962824374083578682e+00,2.346884766249468512e-01,1.096546148896674566e+01,1.795014689357388837e+00,7.018354871898417890e+00,1.574380655679699537e+01,1.110386101394743541e+01,6.596811637596688982e+00,2.237869852380806535e+01,2.248197214319853288e+01,2.266796176516273675e+01,2.223111030993062798e+01,2.155211476486048738e+01,3.626244925062538371e-02,1.507932728043750714e+01,1.726158480312870935e+01,3.537284679929137354e+01,1.270705471737840320e+01,3.406207039883253174e+01,1.858322280222618872e+01,2.323622205231235327e+01,4.258950801134908914e+01,4.366090623709350638e+01,1.444856732706079150e+01
4.686382596167635445e-02,3.437115672907790742e+00,5.059784637069257407e+00,2.771760422558129378e+00,8.110684449287481002e+00,2.012973807793543735e+00,1.315265263796823803e+01,3.208363845321722807e-01,8.526598624275317562e+00,6.645438794905071056e+00,1.237938629699391413e+01,1.257596939389144985e+01,2.438949003499315182e+01,2.019664551607419867e+01,2.217157472426686482e+01,1.955743839695035291e+01,1.726924963708300709e+01,1.225753358278182148e+01,1.445138857862662363e+01,1.736832859454633748e+01,3.445961005074735084e+01,2.491377686143739822e+01,3.549095006853043088e+01,2.148923963256077485e+01,2.212334329856240345e+01,4.377781431005645629e+01,4.439190100407004991e+01,1.365414629067252150e+01
1.156969216616818633e-02,3.441233411515022489e+00,4.998799346747177630e+00,3.316401601898592233e+00,8.091508514487523840e+00,2.135341263592315908e+00,1.393065922822190394e+01,1.038923785231076063e-01,6.896418385487530500e+00,1.172619500277095561e+01,6.810042371841015907e+00,6.205988817200482011e+00,2.369097657631587595e+01,2.420613376903013858e+01,2.459088781500964771e+01,2.020670778857880023e+01,1.720478416594288262e+01,9.979696467763413681e-01,2.596631236715933966e+01,2.038264356599057692e+01,3.607548934181205169e+01,2.448221086688428727e+01,3.370979574637429721e+01,1.869105688770326879e+01,1.917704407789175036e+01,4.173820500167720127e+01,3.854940695339035983e+01,1.796736666309864461e+01
1.066856231777314062e-02,3.198841279772708823e+00,4.998678983869381476e+00,3.043019836403360490e+00,8.877489051264475961e+00,3.326538066251696901e-01,1.065415451276446213e+01,3.950940965997796206e-01,6.969566174950382553e+00,1.164434704651588071e+01,6.779700330714713452e+00,7.829231201793851902e+00,2.417140368504043835e+01,2.382052131052724420e+01,2.579388113851349118e+01,2.945128799667677555e+01,1.698952370304287030e+01,1.126561077035999059e+00,1.402658209287563906e+01,1.756704088239975192e+01,3.699357597941736486e+01,2.494821808885563996e+01,3.232483228896117566e+01,1.740719842394767980e+01,1.921046219518935061e+01,3.974559668850938010e+01,3.818417522260950392e+01,1.941211094952739558e+01
1.039127515076005044e-02,3.212373638454955938e+00,5.024559791026639743e+00,2.721095013330922630e+00,7.882202741043056626e+00,1.951603711406661112e+00,1.278839574151240122e+01,1.367080515897263648e+00,6.922070646163877683e+00,1.853141027003716346e+01,9.628173760083528876e+00,6.365707480310314637e+00,2.258753047400862002e+01,2.371471189190091522e+01,2.499815961873950343e+01,2.143361628474781355e+01,2.153523498963818383e+01,1.002429778750209444e+00,1.506974071887205469e+01,1.984406633045512081e+01,3.631204641393927801e+01,1.281846983629275272e+01,3.375532841920945515e+01,1.674899130618205589e+01,2.316979094131437122e+01,4.210089933947148921e+01,4.383686961087855138e+01,1.443125323714983921e+01
4.686382596167635445e-02,3.437115672907790742e+00,5.059897015386230379e+00,2.771917627392167294e+00,8.171543278077303185e+00,2.012973807793543735e+00,1.318076626114448224e+01,3.208363845321722807e-01,8.557353669339756053e+00,6.645438794905071056e+00,1.237938629699391413e+01,1.258754414682585576e+01,2.438949003499315182e+01,2.007290638921873338e+01,2.217157472426686482e+01,1.972732729460401302e+01,1.726924963708300709e+01,1.225469196572470132e+01,1.445138857862662363e+01,1.699615785748394714e+01,3.443533183155638966e+01,2.491377686143739822e+01,3.251103861558151920e+01,2.148923963256077485e+01,2.212334329856240345e+01,4.377781431005645629e+01,4.410570986772543023e+01,1.365414629067252150e+01
1.278643561732802601e-02,3.212211960666384147e+00,4.983650537931330504e+00,3.023107307091926099e+00,7.898979070839732941e+00,3.460955438662812522e+00,1.066433797270095241e+01,1.327586118357974909e+00,6.893990639346658789e+00,1.073431846079168395e+01,8.339507004396434553e+00,1.326241389439211105e+01,2.308015095408045880e+01,2.388428641826260801e+01,2.463468404780738652e+01,2.141952003650824210e+01,2.149904950845063922e+01,1.294822893811541142e+00,1.434032881995383235e+01,2.303387076628035857e+01,3.526769276134101005e+01,1.275700358644572674e+01,3.567350517305408175e+01,1.632204086097261353e+01,2.154152931773217006e+01,4.264155151052062109e+01,4.411334557364664732e+01,1.788259615705514349e+01
1.275733562463083476e-02,3.209283274751794757e+00,4.983613937291075047e+00,2.772025997531221364e+00,8.939413732035319526e+00,3.625491734507408914e+00,1.066433797270095241e+01,1.036751516618849012e-01,6.886687658477731233e+00,1.073431846079168395e+01,8.339507004396434553e+00,1.275701672605806891e+01,2.228509132833356787e+01,2.403234981485092447e+01,2.158288880686154343e+01,2.246964070918482292e+01,2.137590107015796903e+01,6.333002464605486104e-02,1.174399747499795765e+01,2.329353571558309000e+01,3.526769276134101005e+01,1.397937555884785077e+01,3.570451316529366892e+01,2.136258812521850103e+01,2.211544406851446709e+01,4.197254808806727766e+01,4.411347979353283932e+01,1.369839660589997443e+01
1.061535726352145007e-02,3.204955714247834653e+00,5.024563260904254314e+00,2.710871695666289938e+00,7.889028197722718794e+00,3.710343978937189036e+00,1.093665336920175690e+01,9.212703685242534801e-02,6.821654186912359918e+00,1.071495278359916448e+01,1.066489877566834288e+01,6.910843193840046972e+00,2.252994315971401917e+01,2.376063824747096476e+01,2.417602680973203277e+01,2.177299322697431450e+01,2.162278415559491052e+01,1.030077213363424227e-01,1.424255321439642508e+01,1.997924508739694360e+01,3.500321927033404279e+01,1.542757681685647242e+01,3.550403894479944711e+01,1.677176488934025400e+01,2.515331325171332821e+01,4.260812726078539470e+01,4.384961256318709388e+01,1.466808633898986081e+01
2.742859545611315425e-02,3.482244371598148369e+00,5.076708440861154692e+00,3.308494828668970822e+00,7.859538243310463024e+00,3.276869324879833067e-01,1.158577169052347067e+01,1.808746655129816361e+00,6.775715350953183780e+00,1.555904823805388482e+01,9.705127575716440802e+00,6.322186785241360241e+00,2.307780417516145022e+01,2.378600266936406271e+01,2.413787409559984098e+01,2.156433632299668801e+01,2.136549268349117270e+01,1.023836000446571859e+01,1.174652877264062312e+01,1.726450295697756943e+01,3.385840062869713307e+01,1.291183566219674894e+01,3.617739374399176455e+01,1.866466688061899504e+01,1.943693401825155576e+01,4.380888945542084656e+01,4.429526666952839520e+01,1.445867582501695559e+01
1.863298148316940850e-01,3.212046433098881160e+00,4.776288935652397427e+00,2.593905933015802745e+00,8.121963292101076703e+00,2.586049129782414524e-01,1.334684807136413554e+01,3.695626319974413265e-01,6.871893910626304169e+00,1.192572597643592758e+01,7.365812222776470186e+00,7.222536276698033220e+00,2.237813136574630235e+01,2.248145705286430029e+01,2.219748504985240345e+01,2.185773970339184302e+01,2.347736869775025781e+01,9.055932050489312601e-01,1.505232492772505992e+01,1.395702394813660696e+01,3.584408966634987337e+01,2.451097792193941061e+01,3.364688863089031656e+01,1.678727707542381609e+01,1.929465453267981445e+01,4.474698865572178619e+01,4.436946252380089106e+01,1.766604871175975688e+01
8.873623053447746156e-02,3.437115672907790742e+00,5.168900837976279306e+00,4.146540364514408772e+00,8.189626755337547692e+00,2.012973807793543735e+00,1.318076626114448224e+01,2.442486018652983981e-01,8.557353669339756053e+00,6.645438794905071056e+00,1.237938629699391413e+01,1.224482934861378247e+01,2.440959622201905432e+01,2.007290638921873338e+01,2.217157472426686482e+01,1.972732729460401302e+01,2.133247480010141928e+01,1.225469196572470132e+01,1.149603377565552087e+01,1.724812430139974495e+01,3.018876487121974961e+01,2.458719632108543252e+01,3.250129889864081889e+01,2.145084282033174006e+01,2.210890730315935571e+01,4.377781431005645629e+01,4.410844439200225509e+01,1.365790630422270091e+01
1.182658342198855683e-02,3.224009459177182180e+00,5.078185948689204032e+00,2.685272247075563889e+00,7.880995375925487600e+00,1.471351119032072718e-01,1.097255672881474631e+01,1.795137259779563843e+00,8.363638016170590106e+00,1.190714535428532450e+01,1.115303216254176810e+01,6.854273706241209574e+00,2.363981227861664181e+01,2.379316754742951900e+01,2.219450346896353565e+01,2.239422833885098285e+01,2.141878361159368893e+01,1.090983809966567364e+01,1.178995853951068895e+01,1.469688818556033283e+01,3.539564446097140404e+01,1.270458331878501212e+01,3.570621970280949853e+01,1.640651522777321247e+01,2.156637900047224221e+01,4.396718273974428115e+01,4.365694614916701966e+01,1.466658119841501673e+01
1.271226872376501026e-02,3.439092652976983189e+00,4.923142385128666199e+00,3.310622061486974577e+00,8.579656859524105172e+00,1.931657399195703340e+00,1.398006669930223111e+01,3.751529464837307648e-01,9.537724824550679159e+00,1.152945405972470461e+01,8.286526930145491576e+00,5.534383374556222535e+00,2.259680365619111697e+01,2.403484324033598440e+01,2.500152716765184380e+01,2.229556373480500042e+01,2.146663588903968645e+01,1.193635214223996499e+01,1.176818803612095721e+01,1.118156825161968371e+01,3.526422361557686713e+01,1.404211747048830361e+01,3.623626219112693292e+01,1.877055308933332256e+01,2.152169819978477960e+01,4.197308072510163868e+01,4.446690586048052296e+01,1.437995952399164779e+01
1.636661301508762767e-02,3.240389302508146052e+00,5.076926310809081855e+00,3.317129553112817320e+00,7.883789223389666034e+00,9.449017705675877288e-02,1.132791459443238935e+01,1.795137259779563843e+00,8.363638016170590106e+00,1.190446442622205936e+01,1.115303216254176810e+01,7.422750846286285231e+00,2.359871295296180094e+01,2.380372734864524276e+01,2.418226811263340537e+01,2.210207400130409638e+01,2.129174901876647397e+01,9.167954968812273009e+00,1.174622540824743666e+01,1.720276462518423344e+01,3.539564446097140404e+01,1.273131484646620493e+01,3.567270448663585114e+01,1.734132897878151880e+01,2.065951586490990266e+01,4.394809861081490965e+01,3.843224565754432831e+01,1.976717316917906331e+01
4.789701815155660361e-03,3.439092652976983189e+00,4.923142385128666199e+00,3.318711887933685212e+00,8.579656859524105172e+00,2.001922904339222598e+00,1.398006669930223111e+01,3.751529464837307648e-01,9.537724824550679159e+00,1.152945405972470461e+01,8.286526930145491576e+00,5.534383374556222535e+00,2.258394316281034264e+01,2.419787769911252084e+01,2.500152716765184380e+01,2.228821556462164466e+01,1.722888961837359645e+01,1.194625164175051779e+01,1.176818803612095721e+01,1.118156825161968371e+01,3.526422361557686713e+01,1.769054218289876701e+01,3.623626219112693292e+01,1.877055308933332256e+01,2.152169819978477960e+01,4.168469512148067224e+01,4.446690586048052296e+01,1.437995952399164779e+01
1.130318858076150013e-02,3.209611283596777387e+00,5.535069092165154636e+00,2.713867889053195981e+00,7.974225066049532629e+00,2.624645435009627104e-01,1.275031100830250530e+01,3.353436438747575687e-01,6.972127626190240512e+00,1.933077835392707300e+01,1.110386101394743541e+01,6.596811637596688982e+00,2.382697793013238297e+01,2.251104332193818180e+01,2.266796176516273675e+01,2.193120869916196014e+01,2.230719407166970214e+01,1.068820436483455705e+00,1.507012301586108372e+01,1.983404532766997619e+01,3.628401361021487048e+01,1.421399306082707881e+01,3.402429524120590543e+01,1.857936968717507398e+01,1.545063215755778785e+01,4.258163102536818911e+01,4.407122502449266221e+01,1.476028942608869876e+01
1.039127515076005044e-02,3.212341777739376347e+00,5.072492431355500209e+00,2.697463056937490222e+00,7.882202741043056626e+00,1.909585066616295901e+00,1.278839574151240122e+01,1.367080515897263648e+00,8.951432678272288612e+00,1.853141027003716346e+01,9.628173760083528876e+00,6.551725464667103260e+00,2.258753047400862002e+01,2.371471189190091522e+01,2.420579637513315774e+01,2.209066815816855822e+01,2.153523498963818383e+01,1.002429778750209444e+00,1.501830412119427116e+01,1.984406633045512081e+01,3.552569554532134077e+01,1.281846983629275272e+01,3.377842348165631137e+01,1.672982410818937637e+01,2.316979094131437122e+01,4.235293710734344330e+01,4.383686961087855138e+01,1.444878545137362913e+01
1.038289039382831250e-02,3.221261763606218853e+00,5.024559791026639743e+00,2.770994382550933999e+00,7.974070177648536983e+00,2.071461418690384360e+00,1.278882838933358279e+01,1.443102297655273480e-01,6.891394975340542572e+00,1.863128376312766576e+01,9.619391052785996266e+00,6.367192529907111265e+00,2.369182102188988281e+01,2.251104332193818180e+01,2.493582630554636737e+01,2.141948015803618688e+01,2.162251292280629400e+01,1.129940719502977142e+00,1.506974071887205469e+01,1.986217904307700977e+01,3.628401361021487048e+01,1.922152994865961162e+01,3.397902134695353027e+01,1.678563780612099166e+01,2.155014431493355787e+01,4.209853941793258514e+01,4.383686961087855138e+01,1.476124086692611570e+01
1.274163545737547198e-02,3.432960054855171528e+00,4.773152576764504218e+00,2.721867676829266003e+00,8.907250528393117150e+00,2.155699755608249557e+00,1.097069539560759210e+01,1.795731888709404700e+00,8.377055897485739422e+00,1.166548800639132821e+01,8.281550745822064741e+00,1.329378766355199382e+01,2.308015095408045880e+01,2.379449876464381930e+01,2.244005140067887183e+01,2.212793960354243339e+01,2.153613777894435444e+01,1.194601263430419635e+01,1.209350505284003496e+01,1.661659289925769656e+01,3.525914813052023078e+01,1.271889667224143139e+01,3.573065969990038582e+01,1.680194271873370582e+01,2.063946591740221237e+01,4.252304828476639642e+01,4.362542153032207892e+01,1.516733355441991549e+01
2.834797758566712234e-02,3.164287076916157293e+00,4.986315881884528345e+00,2.715602299595313074e+00,7.896559289914346635e+00,3.304229131721074797e-01,1.162863241947307458e+01,3.723471423964958005e-01,6.911991786539545934e+00,1.835482123089576945e+01,7.937003701254474741e+00,1.244360200199094990e+01,2.228678595565437703e+01,2.378548124957509557e+01,2.233652256724004204e+01,2.237531089263034190e+01,1.748669778042158995e+01,2.316495628540291563e-01,1.472478019498777790e+01,1.854148790452020634e+01,3.710985579033789605e+01,1.287458595242005188e+01,3.618410571473081916e+01,1.679710005412391638e+01,1.998358327661260248e+01,4.197137746882880549e+01,4.448426579612472409e+01,1.380322883108145327e+01
4.758183522510650576e-02,3.571167675321468948e+00,5.017480796263849463e+00,3.308494828668970822e+00,8.913375731551647974e+00,3.680767427885612841e-01,1.158577169052347067e+01,1.809434596160549358e+00,1.028366262284189325e+01,1.555904823805388482e+01,9.686491020139209596e+00,6.322186785241360241e+00,2.307780417516145022e+01,2.378600266936406271e+01,2.413787409559984098e+01,2.156433632299668801e+01,2.136549268349117270e+01,1.023836000446571859e+01,1.167681919732299178e+01,1.733034394576373316e+01,3.385840062869713307e+01,1.345929603024118038e+01,3.610823830795813194e+01,1.867075987794415681e+01,2.210930685231231152e+01,4.251909771276159233e+01,4.429526666952839520e+01,1.445867582501695559e+01
1.182658342198855683e-02,3.224009459177182180e+00,5.076926310809081855e+00,3.280977585245706596e+00,7.880995375925487600e+00,1.471351119032072718e-01,1.097255672881474631e+01,1.795137259779563843e+00,8.363638016170590106e+00,1.190446442622205936e+01,1.115303216254176810e+01,7.422750846286285231e+00,2.359871295296180094e+01,2.379335602673895522e+01,2.418226811263340537e+01,2.210054039466036713e+01,2.153868346336832929e+01,1.021233668462097910e+01,1.174622540824743666e+01,1.727286650216263197e+01,3.539564446097140404e+01,1.273131484646620493e+01,3.567270448663585114e+01,1.865499612443402455e+01,2.066020709188167714e+01,4.394809861081490965e+01,4.365801212901831718e+01,1.444827447754000893e+01
4.789701815155660361e-03,3.731391925483884986e+00,4.923142385128666199e+00,3.317053668944668132e+00,8.579656859524105172e+00,2.022111454974154565e+00,1.338338519242544500e+01,3.751529464837307648e-01,6.940097974555972549e+00,1.194746688798886325e+01,8.366692931175627734e+00,5.534383374556222535e+00,2.256689549453595589e+01,2.258934831843634328e+01,2.500710272632530362e+01,2.185418681885241909e+01,1.722888961837359645e+01,1.194625164175051779e+01,1.176818803612095721e+01,1.118156825161968371e+01,3.526422361557686713e+01,1.769054218289876701e+01,3.623626219112693292e+01,1.877055308933332256e+01,2.152169819978477960e+01,4.170299056595452214e+01,4.446690586048052296e+01,1.426382924630731885e+01
1.220092105190586848e-02,3.229953246734834416e+00,5.225266136177189935e+00,3.044518144654694947e+00,7.962992738238641621e+00,5.931910849152701726e-01,1.134156834428865146e+01,4.962519508044243022e-01,5.885960172683384783e+00,1.854611877469231374e+01,9.735988210536687504e+00,6.518042008628415651e+00,2.252722839628008700e+01,2.386956850898540594e+01,2.229140119391185237e+01,2.144578581694426234e+01,2.239674365008020374e+01,1.251164608032713055e+01,9.088779427314872095e+00,1.453886210222631448e+01,3.380211060261427036e+01,1.757231518933230419e+01,3.373075343878739574e+01,1.647146492500984394e+01,2.163707585071554007e+01,4.381570260513582582e+01,4.406966560721494375e+01,1.435116270401256600e+01
1.292958382098735245e-02,3.229910600588151492e+00,5.225266136177189935e+00,3.055441391628577641e+00,7.878849125621647076e+00,1.423635163909633405e-01,1.133316803997122690e+01,4.962519508044243022e-01,5.885960172683384783e+00,1.719328875377734889e+01,9.735988210536687504e+00,6.518042008628415651e+00,2.350280594942223189e+01,2.386956850898540594e+01,2.228925169820331931e+01,2.144578581694426234e+01,2.239674365008020374e+01,1.251164608032713055e+01,9.021781242199953255e+00,1.453886210222631448e+01,3.528776194136460020e+01,1.781552911683228047e+01,3.398740031910067927e+01,1.647146492500984394e+01,2.163707585071554007e+01,4.381315669725105266e+01,4.406966560721494375e+01,1.466480207715987483e+01
1.275733562463083476e-02,3.209629709361999872e+00,4.983650537931330504e+00,3.023107307091926099e+00,8.907250528393117150e+00,3.689518962907989419e+00,1.066433797270095241e+01,3.791988720752942355e-01,6.853792907694488790e+00,1.073431846079168395e+01,8.339507004396434553e+00,1.318052222307009380e+01,2.308015095408045880e+01,2.388428641826260801e+01,2.421308856428935030e+01,2.139418896366261791e+01,2.149904950845063922e+01,1.294822893811541142e+00,1.434032881995383235e+01,2.303387076628035857e+01,3.526769276134101005e+01,1.272395178026266827e+01,3.565790210640047064e+01,1.630849951883460847e+01,2.063054185379802163e+01,4.264155151052062109e+01,4.411334557364664732e+01,1.788259615705514349e+01
1.039127515076005044e-02,3.416060197356818318e+00,5.024440084380344729e+00,2.725850253909469334e+00,7.973509776566414686e+00,2.027688259092584211e+00,1.234767161880994557e+01,1.819229750993351047e+00,6.891394975340542572e+00,1.863128376312766576e+01,9.654516810814275374e+00,6.365707480310314637e+00,2.261706986951519127e+01,2.424110306049628960e+01,2.659976822503195848e+01,2.141948015803618688e+01,2.162248932802423695e+01,1.025395230122268853e+00,9.318180909112557586e+00,2.012070495077840704e+01,3.628401361021487048e+01,1.922092123221892024e+01,3.677024826488789699e+01,1.679271511265119798e+01,2.163405194059891912e+01,4.209853941793258514e+01,4.428667412928781033e+01,1.476927733497253570e+01
1.039127515076005044e-02,3.212209902119877114e+00,5.020602559039565094e+00,2.721095013330922630e+00,8.108988894570149597e+00,3.428905744418893065e-01,1.315335709001253583e+01,1.367080515897263648e+00,6.893619011301773902e+00,1.863128376312766576e+01,9.422344999714441727e+00,6.365707480310314637e+00,2.354778894264269340e+01,2.251104332193818180e+01,2.499815961873950343e+01,2.144912314745000970e+01,2.419936232015541577e+01,9.036988913084882391e-01,1.506866329571618657e+01,1.412914328803599062e+01,3.629291906869326567e+01,1.922092123221892024e+01,3.364663119196820418e+01,1.496534999779011166e+01,2.163288151397416925e+01,4.209853941793258514e+01,4.411321612794733227e+01,1.476180860483006008e+01
7.697399970760752941e-02,3.220340308313538902e+00,5.020809426720104440e+00,3.008123309017941338e+00,7.976371868851437341e+00,5.931910849152701726e-01,1.280829764503508095e+01,4.405354587267953370e-01,6.970148702865867740e+00,1.830414095765655702e+01,5.388856612623392550e+00,1.280812771882504819e+01,2.253521199398129582e+01,2.315095271075143302e+01,2.433231258465834301e+01,2.144559508909005174e+01,2.332663328741552533e+01,8.550147984366001097e-01,1.573703041049079587e+01,1.994927295842387593e+01,3.495958166266341038e+01,1.934595883697881646e+01,3.373075343878739574e+01,1.676129059375776720e+01,2.147199728579473899e+01,4.255755601010265110e+01,4.411591252470239510e+01,1.488150485923031496e+01
1.130326312002836661e-02,3.220959144358138015e+00,5.024635468139540428e+00,2.781143377607210976e+00,7.974069142278776390e+00,1.354120652484549492e-01,1.281276556002703337e+01,4.404071558251058116e-01,6.891394975340542572e+00,1.862688890137686926e+01,9.469361515441159227e+00,6.372881351247654536e+00,2.369182102188988281e+01,2.251104332193818180e+01,2.499847474450765361e+01,2.191595860361768189e+01,2.174476629507766390e+01,1.024173954230399364e+00,1.506797951724385420e+01,1.956435949831059418e+01,3.603641614939926541e+01,1.924066379276360195e+01,3.402437335587794109e+01,1.623974696444358301e+01,2.155108883190755975e+01,4.251509536254520327e+01,4.413328232696155595e+01,1.476126368930596833e+01
6.369537507821616124e-03,3.199464620338655418e+00,5.075856096711604870e+00,3.308494828668970822e+00,7.859538243310463024e+00,3.276869324879833067e-01,1.158535606439667909e+01,1.808746655129816361e+00,6.778037417134084919e+00,1.845372269909398710e+01,9.705127575716440802e+00,6.322186785241360241e+00,2.356038606157859405e+01,2.378600266936406271e+01,2.413787409559984098e+01,2.156539592063435862e+01,2.136549268349117270e+01,1.023524240986367317e+01,1.178924866824658046e+01,1.720925172923916691e+01,3.385840062869713307e+01,1.921895308000621228e+01,3.617739374399176455e+01,1.866466688061899504e+01,1.943693401825155576e+01,4.408923996552471181e+01,4.429679197729219453e+01,1.445853689997474945e+01
5.054540498580829821e-02,3.198739020509531183e+00,4.764063561270575953e+00,2.782853711759133652e+00,8.165147495879516271e+00,3.268713557158239524e+00,1.273966401013321104e+01,3.220026301654617673e-01,8.364072039077864673e+00,1.700882762289169747e+01,1.248056888684874188e+01,7.359552955783726702e+00,2.437076929396489078e+01,2.546918339699619338e+01,2.497358676316727966e+01,2.262814502760100055e+01,2.209430439211084618e+01,1.228776618030972756e+01,1.446782727539880575e+01,1.970505178451004369e+01,3.449923581338035206e+01,2.620067634303735105e+01,3.600893854392462856e+01,1.805568855589449129e+01,2.156483523223732135e+01,4.380347960774606264e+01,4.410528830360919272e+01,1.515519507749538164e+01
2.573773224751332855e-02,3.501326568342575829e+00,4.983104356087822318e+00,2.718419852345038468e+00,7.872277637681861506e+00,3.301644084149873981e-01,1.162863241947307458e+01,3.723471423964958005e-01,1.033367681461525400e+01,1.857541849642769094e+01,1.235717099084981285e+01,7.019830899022172055e+00,2.231907168283168730e+01,2.379199917107173690e+01,2.222409723778104862e+01,2.237531089263034190e+01,1.748669778042158995e+01,1.013379391181293698e+01,1.462428154473289155e+01,1.727496675830729700e+01,3.385661246297441807e+01,1.287271869331929430e+01,3.619415104188315269e+01,1.679710005412391638e+01,1.999214222611145786e+01,4.260119978244956940e+01,4.436892432400197350e+01,1.617038503287027496e+01
1.165612842521372705e-02,3.571167675321468948e+00,5.018202428071049326e+00,2.683006313406977039e+00,7.996854443431858250e+00,2.695327289249485614e-01,1.158577169052347067e+01,4.739629595142844654e-01,1.028366262284189325e+01,1.564649092841045075e+01,9.686491020139209596e+00,6.322186785241360241e+00,2.307780417516145022e+01,2.378600266936406271e+01,2.523075558925039275e+01,2.156433632299668801e+01,2.136549268349117270e+01,9.998114523171109269e+00,1.324825417466140642e+01,1.733034394576373316e+01,3.385840062869713307e+01,1.316686245101679376e+01,3.610823830795813194e+01,1.867075987794415681e+01,2.210930685231231152e+01,4.253459260191449687e+01,4.429526666952839520e+01,1.445867582501695559e+01
1.039127515076005044e-02,3.208123231238209971e+00,5.024559791026639743e+00,2.715105528881923913e+00,7.975154243115460950e+00,2.071461418690384360e+00,1.278839574151240122e+01,1.443102297655273480e-01,6.891394975340542572e+00,1.863128376312766576e+01,9.619391052785996266e+00,6.365707480310314637e+00,2.369182102188988281e+01,2.251104332193818180e+01,2.499847474450765361e+01,2.141948015803618688e+01,2.162248932802423695e+01,1.025395230122268853e+00,1.506974071887205469e+01,1.986217904307700977e+01,3.628401361021487048e+01,1.922092123221892024e+01,3.372338200156147536e+01,1.677078717087114867e+01,2.163634584336979572e+01,4.209853941793258514e+01,4.383686961087855138e+01,1.476124086692611570e+01
2.830029555763432375e-02,3.351336000791771408e+00,5.021412711249155336e+00,2.777733567488289257e+00,8.085150101993608729e+00,3.302515012769547398e-01,1.161555032661438780e+01,6.129376434510442895e-01,6.943756741031666735e+00,1.853918020700823277e+01,1.104538783183678419e+01,1.219377162433860562e+01,2.231905395059596131e+01,2.248976549190789953e+01,2.225568223663960765e+01,2.243951588014989440e+01,1.880199684705156571e+01,1.236081199675981779e+01,1.180239625848723506e+01,1.876496718974578570e+01,3.524483150581342272e+01,1.287513512839159979e+01,3.552372371991292965e+01,1.020947942369585526e+01,2.203271981485493924e+01,4.257112601109744077e+01,4.437901287975580544e+01,1.803716967582112574e+01
8.861836108276419099e-02,3.564556886334359298e+00,5.017480796263849463e+00,3.308494828668970822e+00,8.913375731551647974e+00,2.044699875823022150e+00,1.159348439153190924e+01,1.844159079414899649e+00,7.126673674948916570e+00,1.555904823805388482e+01,9.668472846288308276e+00,6.322186785241360241e+00,2.307780417516145022e+01,2.378600266936406271e+01,2.413787409559984098e+01,2.156433632299668801e+01,2.136549268349117270e+01,1.023836000446571859e+01,1.167681919732299178e+01,1.725349825081522681e+01,3.385840062869713307e+01,1.345929603024118038e+01,3.472143171132555750e+01,1.867075987794415681e+01,2.210930685231231152e+01,4.251909771276159233e+01,4.429526666952839520e+01,1.445758585069454050e+01
4.690717402920249052e-02,3.222115358692967391e+00,5.078185948689204032e+00,2.685272247075563889e+00,7.877509467682597410e+00,1.419543578375722648e-01,1.153612356889084367e+01,4.453756128798795899e-01,6.947587600390727758e+00,1.719350400267323664e+01,1.115303216254176810e+01,6.854273706241209574e+00,2.346162533056314814e+01,2.191900472892556451e+01,2.219453005898386522e+01,2.239422833885098285e+01,1.705724845553955760e+01,1.090983809966567364e+01,1.178995853951068895e+01,1.469688818556033283e+01,3.539554379663901074e+01,1.398544483069015065e+01,3.401399446270491467e+01,1.640651522777321247e+01,2.155143123568630514e+01,4.397807257435521677e+01,4.365694614916701966e+01,1.466679198388258065e+01
1.133124325573651656e-02,3.219423560089569314e+00,5.020809426720104440e+00,3.025705017528176555e+00,7.968080383745739681e+00,2.132620009021077401e+00,1.280829764503508095e+01,4.404071558251058116e-01,5.885960172683384783e+00,1.854269368526754391e+01,9.717390048460936569e+00,6.414134515576822793e+00,2.416889865995053910e+01,2.374580953310866249e+01,2.223146389148775270e+01,2.144578581694426234e+01,2.163921582442602087e+01,1.251164608032713055e+01,9.088779427314872095e+00,1.431544903739942320e+01,3.506257095181877048e+01,2.240596229870769207e+01,3.373076063169472150e+01,1.647146492500984394e+01,2.163345195970005364e+01,4.253445484577708413e+01,4.381773718559967534e+01,1.476133239448851420e+01
1.274163545737547198e-02,3.432960054855171528e+00,4.925304590469714583e+00,2.721983951700740256e+00,8.907250528393117150e+00,2.155699755608249557e+00,1.097069539560759210e+01,1.795731888709404700e+00,8.377055897485739422e+00,1.166548800639132821e+01,8.281550745822064741e+00,1.329378766355199382e+01,2.308015095408045880e+01,2.379451948637911229e+01,2.244075701891207686e+01,2.240076968251761969e+01,2.141543743381199150e+01,1.194601263430419635e+01,1.209350505284003496e+01,1.661659289925769656e+01,3.525914813052023078e+01,1.271889667224143139e+01,3.573148765047584874e+01,1.639559511562868721e+01,2.154563782599278099e+01,4.254213241369576792e+01,4.362435555047078140e+01,1.466986149624632318e+01
1.274163545737547198e-02,3.454019705678017971e+00,4.773152576764504218e+00,2.721469175928339368e+00,8.907250528393117150e+00,2.171084488882502495e+00,1.097069539560759210e+01,1.795731888709404700e+00,8.377055897485739422e+00,1.166548800639132821e+01,8.281550745822064741e+00,1.304268208184637956e+01,2.308015095408045880e+01,2.375900331402326415e+01,2.428108098682353244e+01,2.213583886963429137e+01,2.164582596388186886e+01,1.225046592297849202e+01,1.204234753435976479e+01,1.756335879671370392e+01,3.525914813052023078e+01,1.330829388354010590e+01,3.350735453130244679e+01,1.680194271873370582e+01,1.908971652500011018e+01,4.252304828476639642e+01,4.361748759063033276e+01,1.514915380508472431e+01
1.044977800573362176e-02,3.563131536374973152e+00,5.024960618535661006e+00,2.728233217530308785e+00,8.907622214069220945e+00,3.978372831193675907e+00,1.113138499039236251e+01,3.269321755519524197e-01,6.852914299876346149e+00,1.937958476508372740e+01,1.070071630550172870e+01,6.506018087330745381e+00,2.379792604116081378e+01,2.379222471675411654e+01,2.219665703627696018e+01,2.194190056931651611e+01,1.732917326522208867e+01,1.143324400266406027e+00,1.424255321439642508e+01,1.901855575070432991e+01,3.498252784811531768e+01,1.741259240898018135e+01,3.546192950767968455e+01,1.876044535861744578e+01,1.574105079637338100e+01,4.251925586420652081e+01,4.431549849889086090e+01,1.476503905703394359e+01
9.027424527402758136e-02,3.202002126169450236e+00,4.980815351032377158e+00,2.714947664655183779e+00,7.957256880079913053e+00,2.134584687349926124e+00,1.101507022924931256e+01,1.795733566222620148e+00,8.342663216376738688e+00,1.166462840643262133e+01,6.712852927778968137e+00,1.329378766355199382e+01,2.308015095408045880e+01,2.384160658181875903e+01,2.501409782014226124e+01,2.017883420553247120e+01,1.882674841836482926e+01,1.085280477525574661e+00,2.732356314574249367e+01,2.046710556074307519e+01,3.525914813052023078e+01,1.309195666158254667e+01,3.568336963065003431e+01,1.680198595157075658e+01,1.917936468060194244e+01,4.252304828476639642e+01,4.411334557364664732e+01,1.623200661635053876e+01
1.599816020265714192e-02,3.564353258214712383e+00,5.024751250303491013e+00,3.308795235563586790e+00,8.913375731551647974e+00,4.025004913859892008e-01,1.153596056890817501e+01,4.692335059652240625e-01,1.028366262284189325e+01,1.555904823805388482e+01,1.118350408132328688e+01,6.866491742419864153e+00,2.306189084834517544e+01,2.187582141780071510e+01,2.413787409559984098e+01,2.182116554547107867e+01,2.143569978125899667e+01,1.089646125506153851e+01,1.171650065814426789e+01,1.733060640873286573e+01,3.538644945202352687e+01,1.398160545674696920e+01,3.607760629993992296e+01,1.879489419039179054e+01,1.890962657566383243e+01,4.259829070669108120e+01,4.429680434909705866e+01,1.449659391051828550e+01
1.218589213303338144e-02,3.440916032740025887e+00,4.986900790348675727e+00,3.043879359348249825e+00,8.246954236732522148e+00,3.791789531462822715e+00,1.126038028208835229e+01,1.771449162452796600e+00,8.378817117816437232e+00,1.154127543459766336e+01,9.810729819428985365e+00,7.545409196927069573e+00,2.355811493069558082e+01,2.375173673602416002e+01,2.500239924404327141e+01,2.228821556462164466e+01,2.129881607347463301e+01,1.338828630575540224e+01,1.175534729515491250e+01,2.036762348342829654e+01,3.385215180115837086e+01,1.753763750485421369e+01,3.246043641172463623e+01,1.637192331582698301e+01,1.916970371286115338e+01,4.380856650205088698e+01,4.430772834004487493e+01,1.434902778555110281e+01
1.766011614612577685e-03,3.211039086898151318e+00,5.003256260765191143e+00,2.755202280791561709e+00,7.947367723817627905e+00,2.172395215257798995e+00,1.281686640126579846e+01,3.369269396160027297e-01,6.898493384826707597e+00,1.755616783992404706e+01,7.677164000410678923e+00,6.869996678039654192e+00,2.269678837985595266e+01,1.996463024903215455e+01,2.575915608605256324e+01,2.231571672628535907e+01,1.567966400968035501e+01,9.430012227017670057e+00,1.469645980986708622e+01,2.085195918151386252e+01,3.590811440935560483e+01,2.514886980316014586e+01,3.236287947631709727e+01,1.861787621153517591e+01,2.007177013133290444e+01,4.246287617261331349e+01,4.006202272308952672e+01,1.803130389700951142e+01
1.113440850673876395e-02,3.116916325287636624e+00,4.782371412130475896e+00,2.697388807998454041e+00,7.872233799437865720e+00,1.435540649452947959e-01,1.130892238466027244e+01,1.907415993766570006e+00,8.363638016170590106e+00,1.808419231983575770e+01,9.774728715637206022e+00,6.280521908391904162e+00,2.354962603767048890e+01,2.380198239531323523e+01,2.420200609333933883e+01,2.184776414606062644e+01,2.153868346336832929e+01,1.474059955393389743e+00,1.174622540824743666e+01,1.719878305779811001e+01,3.550799550622462419e+01,1.829155558502834822e+01,3.568182550433207467e+01,1.863091638051524157e+01,2.066020709188167714e+01,4.394809861081490965e+01,4.381513806509081377e+01,1.444827447754000893e+01
9.425949814137607463e-02,3.222115358692967391e+00,5.078185948689204032e+00,2.685272247075563889e+00,7.881020480774272308e+00,1.471351119032072718e-01,1.155263391260269401e+01,4.453756128798795899e-01,1.018760624587948094e+01,1.190714535428532450e+01,1.135897816856988030e+01,6.637272513086562853e+00,2.233910663351895209e+01,2.378411481058861199e+01,2.219450346896353565e+01,2.239422833885098285e+01,1.749713123515518021e+01,1.015265355435877659e+01,1.240063216061975737e+01,1.455898905568485446e+01,3.526028369383278260e+01,1.396883287582424060e+01,3.626207578665471942e+01,1.639707785873702406e+01,2.155143123568630514e+01,4.255011478202384012e+01,4.365694614916701966e+01,1.619303582026648769e+01
2.550944075563363334e-02,3.223464970310677913e+00,4.983104356087822318e+00,2.718419852345038468e+00,7.872277637681861506e+00,3.301464196071667301e-01,1.162863241947307458e+01,3.723471423964958005e-01,1.033367681461525400e+01,1.854892033263362450e+01,1.232604528772210273e+01,6.664775792225353435e+00,2.231907168283168730e+01,2.378548124957509557e+01,2.222409723778104862e+01,2.237531089263034190e+01,1.748669778042158995e+01,1.013379391181293698e+01,1.462428154473289155e+01,1.853023764495409864e+01,3.444109778310258463e+01,1.287458595242005188e+01,3.619415104188315269e+01,1.679710005412391638e+01,1.999396247157720552e+01,4.260119978244956940e+01,4.436729411405080015e+01,1.616567616950302622e+01
1.133182863932464396e-02,3.219423560089569314e+00,5.020809426720104440e+00,3.016851852509700560e+00,7.968080383745739681e+00,5.931910849152701726e-01,1.280829764503508095e+01,4.404071558251058116e-01,5.885960172683384783e+00,1.854611877469231374e+01,9.735988210536687504e+00,6.536501912073520160e+00,2.252722839628008700e+01,2.374580953310866249e+01,2.223146389148775270e+01,2.144578581694426234e+01,2.231482808233101522e+01,1.251164608032713055e+01,9.088779427314872095e+00,1.453886210222631448e+01,3.506257095181877048e+01,2.240596229870769207e+01,3.373075343878739574e+01,1.647146492500984394e+01,2.163707585071554007e+01,4.258156612565644394e+01,4.406966560721494375e+01,1.476133239448851420e+01
7.697399970760752941e-02,3.219545801203631097e+00,5.020809426720104440e+00,3.008123309017941338e+00,7.971359687648292613e+00,5.931910849152701726e-01,1.280829764503508095e+01,4.405354587267953370e-01,6.995988763983072012e+00,1.852408865204943567e+01,9.665754678757137341e+00,1.280812771882504819e+01,2.253521199398129582e+01,2.370539785931356391e+01,2.433231258465834301e+01,2.144559508909005174e+01,2.231482808233101522e+01,4.548330425481932338e-01,1.496754099991142439e+01,1.453256731405465985e+01,3.495958166266341038e+01,2.240596229870769207e+01,3.373075343878739574e+01,1.676673675891992588e+01,2.147199728579473899e+01,4.255755601010265110e+01,4.411591252470239510e+01,1.488150485923031496e+01
4.828034433342533183e-02,3.219944864899643377e+00,5.535069092165154636e+00,3.032822386786245161e+00,7.962824374083578682e+00,2.346884766249468512e-01,1.261744122929315282e+01,1.802768398748036738e+00,6.962369902457133719e+00,1.179090433518017100e+01,1.110386101394743541e+01,6.596811637596688982e+00,2.237929048218385120e+01,2.251104332193818180e+01,2.268233388377576176e+01,2.223111030993062798e+01,2.233049627186083086e+01,9.922025779396520306e+00,1.166854178189170455e+01,1.987226842805294780e+01,3.630470503243359559e+01,1.421399306082707881e+01,3.406207039883253174e+01,1.858322280222618872e+01,2.001214987864283046e+01,4.258149136654639477e+01,4.407122502449266221e+01,1.444892662297318253e+01
7.697399970760752941e-02,3.220228936184642343e+00,5.020809426720104440e+00,2.752921627491212941e+00,8.094166748573560000e+00,1.989866438702168949e+00,1.280829764503508095e+01,1.351979486186935642e+00,6.970148702865867740e+00,1.830414095765655702e+01,5.404352833205996909e+00,1.280301296937997435e+01,2.254088841393770437e+01,2.315095271075143302e+01,2.430670629382329295e+01,2.144559508909005174e+01,2.332663328741552533e+01,8.550147984366001097e-01,1.546883939870546065e+01,1.994927295842387593e+01,3.706239058731493685e+01,1.396576625419062267e+01,3.547433713640571540e+01,1.676142819793170702e+01,2.147199728579473899e+01,4.261030790477072827e+01,4.411116401403628373e+01,1.488150485923031496e+01
2.550944075563363334e-02,3.223464970310677913e+00,4.983104356087822318e+00,2.718419852345038468e+00,7.872277637681861506e+00,2.303714503739782149e-01,1.162863241947307458e+01,1.809178286222368648e+00,1.058567175111903325e+01,1.854892033263362450e+01,1.232604528772210273e+01,6.664622029492909938e+00,2.231907168283168730e+01,2.378792911454245740e+01,2.211199517719652263e+01,2.237224941779354026e+01,2.138620150256742747e+01,1.013379391181293698e+01,1.462428154473289155e+01,1.475624202445447963e+01,3.444109778310258463e+01,1.269968813544518227e+01,3.619415104188315269e+01,1.679710005412391638e+01,1.999396247157720552e+01,4.260254539336586532e+01,4.436729411405080015e+01,1.621096645638530376e+01
1.218371103830213908e-02,3.440916032740025887e+00,4.986900790348675727e+00,3.043879359348249825e+00,8.071576498317915238e+00,3.776838171383456455e+00,1.126038028208835229e+01,1.771449162452796600e+00,9.067253871644950891e+00,1.152781061513425342e+01,9.810729819428985365e+00,7.545409196927069573e+00,2.223588410899791157e+01,2.375173673602416002e+01,2.500239924404327141e+01,2.228821556462164466e+01,2.129881607347463301e+01,1.333853888024103185e+01,1.175534729515491250e+01,2.036621083935846244e+01,3.385677089640096682e+01,1.769054218289876701e+01,3.246043641172463623e+01,1.637192331582698301e+01,1.916970371286115338e+01,4.380856650205088698e+01,4.430772834004487493e+01,1.434981858844713365e+01
6.369537507821616124e-03,3.222458615390018544e+00,5.071841743407223824e+00,3.308494828668970822e+00,7.859716107045182198e+00,3.279841019255353984e-01,1.158535606439667909e+01,1.819342697590009994e+00,6.778037417134084919e+00,1.845372269909398710e+01,1.234392532953912713e+01,6.322186785241360241e+00,2.243532734679144269e+01,2.378600776147060003e+01,2.413787409559984098e+01,2.240110025144802108e+01,2.136549268349117270e+01,8.024125047542190359e+00,1.176352127529944092e+01,1.721296000262915271e+01,3.385840062869713307e+01,1.921895308000621228e+01,3.617739374399176455e+01,1.865819342609560039e+01,1.522872919703316974e+01,4.257072387544554459e+01,4.429788451751871747e+01,1.445853689997474945e+01
1.901055275095991925e-01,3.252764525745662549e+00,4.786405517203806248e+00,3.009633532703911207e+00,8.127406281488843476e+00,2.586049129782414524e-01,1.333391381367457740e+01,3.695626319974413265e-01,6.872338809163411000e+00,1.194099603521538455e+01,6.729777784242076955e+00,1.335075500884263278e+01,2.234884435018333093e+01,2.248512455975691182e+01,2.421443325041349937e+01,2.185773970339184302e+01,2.348893980072377019e+01,1.070366609483268894e+00,1.505232492772505992e+01,1.371186105555838708e+01,3.621794387994304287e+01,2.451097792193941061e+01,3.608682292556038362e+01,1.678181185171089496e+01,1.955610462605553224e+01,4.473850085868127735e+01,4.436946252380089106e+01,1.791006717485220534e+01
1.133124325573651656e-02,3.101250743829619516e+00,5.024956882867747332e+00,3.066030755659316043e+00,7.974069142278776390e+00,2.704917456891788863e-01,1.091004797040715957e+01,4.404071558251058116e-01,6.892082466573152821e+00,1.864765228579964429e+01,9.798444397727203992e+00,6.340435842344428252e+00,2.355565062469961646e+01,2.374852135863239155e+01,2.205318910740016491e+01,2.212480391435768468e+01,2.163921582442602087e+01,1.028642975781252300e+00,1.328284672295800384e+01,1.434954251864812136e+01,3.501849844587088256e+01,2.256725646789787021e+01,3.555657265759485597e+01,1.689457462083456463e+01,1.991090470203920759e+01,4.253399542265174915e+01,4.381773718559967534e+01,1.513853499449544415e+01
4.742686265110060417e-02,3.563131536374973152e+00,5.024960618535661006e+00,3.053010083180151213e+00,8.896221522103454404e+00,3.945588472700996441e+00,1.091843055927321871e+01,1.794347287798257806e+00,6.852914299876346149e+00,1.555463232336122559e+01,1.070071630550172870e+01,6.506018087330745381e+00,2.234964663483649971e+01,2.379222471675411654e+01,2.219665703627696018e+01,2.224180218008518040e+01,1.732917326522208867e+01,1.030077213363424227e-01,1.424255321439642508e+01,1.868928800820362213e+01,3.500321927033404279e+01,1.741259240898018135e+01,3.549970466530631086e+01,1.876429847366856052e+01,1.994412590083818770e+01,4.251911620538471936e+01,4.431549849889086090e+01,1.449080436270663874e+01
2.834797758566712234e-02,3.223464970310677913e+00,4.988179915229298267e+00,2.718419852345038468e+00,7.872277637681861506e+00,3.304229131721074797e-01,1.162863241947307458e+01,3.723471423964958005e-01,6.911991786539545934e+00,1.854892033263362450e+01,1.232604528772210273e+01,1.244360200199094990e+01,2.245805760067781520e+01,2.378548124957509557e+01,2.222561033029398914e+01,2.237531089263034190e+01,1.748669778042158995e+01,8.051120095916026287e+00,1.462037906018278299e+01,1.853023764495409864e+01,3.704372019245145964e+01,1.287458595242005188e+01,3.619415104188315269e+01,1.679710005412391638e+01,1.998358327661260248e+01,4.260119978244956940e+01,4.448426579612472409e+01,1.616567616950302622e+01
1.047199447420020871e-02,3.206510593278649068e+00,5.085940836843514390e+00,2.783485158443537166e+00,7.952343963913795832e+00,3.664985782522323987e+00,1.112790010222883552e+01,3.374835995866509730e-01,6.972271174504450109e+00,1.078051880912886951e+01,7.042616318818240018e+00,6.507879280802729483e+00,2.309899881663414334e+01,2.379181107624824421e+01,2.424460780758978018e+01,2.194981704701433145e+01,1.729688905413804534e+01,1.072239263046578017e+00,1.434547139047593767e+01,1.895205712404311882e+01,3.709446526080920847e+01,2.482514029369935571e+01,3.530839986137216613e+01,1.622427982444532901e+01,2.053018385508984167e+01,4.251927631321830603e+01,4.411521764909528542e+01,1.944509454517631042e+01
4.983479775885026053e-02,3.118862074556923769e+00,4.765655794343188312e+00,3.341797269568521411e+00,8.583710152742749955e+00,3.312299610010673856e-01,1.177364163479795067e+01,1.854247934604081216e+00,9.337055633880659400e+00,1.187830246657509292e+01,8.166433670811748868e+00,5.730999787518987532e+00,2.345690580495630684e+01,2.421611199770842049e+01,2.234671066119745575e+01,2.185563685962977587e+01,2.339321746680001723e+01,1.101836729733764209e+01,1.172792699337571776e+01,1.124578229369910787e+01,3.502412831662411463e+01,1.296872751361227394e+01,3.598297895860700635e+01,1.879129178010929380e+01,2.003983659370761217e+01,4.258555858795536153e+01,4.406446688288766467e+01,1.466793367412207161e+01
1.047199447420020871e-02,3.206510593278649068e+00,5.087318530811728579e+00,2.778683540825201526e+00,7.996802182446738350e+00,1.202460278029090945e+00,1.113016911696628419e+01,3.374835995866509730e-01,6.972271174504450109e+00,1.935933404095068155e+01,1.111575120035977093e+01,6.507879280802729483e+00,2.424731509141897945e+01,2.379181107624824421e+01,2.424460780758978018e+01,2.194981704701433145e+01,1.717810314885938894e+01,1.075696429943973076e+00,1.418325358033070138e+01,1.895205712404311882e+01,3.709446526080920847e+01,2.482514029369935571e+01,3.529929667161663076e+01,1.622427982444532901e+01,1.902200879398525046e+01,4.251927631321830603e+01,4.420353739284155381e+01,1.944509454517631042e+01
1.560277290139272174e-02,3.440995560996262359e+00,4.999869148354192383e+00,3.308541525888105461e+00,7.859538243310463024e+00,2.615689061020498585e-01,1.157275209836347507e+01,1.808722232265981278e+00,6.781572116721941157e+00,1.555904823805388482e+01,8.244414291768444869e+00,6.482751591268224978e+00,2.307780417516145022e+01,2.381669352319371313e+01,2.413435128411310515e+01,2.234098387337832747e+01,2.130578803808930388e+01,1.054382809102193974e+01,1.174652877264062312e+01,2.022603392585484272e+01,3.385616393841804950e+01,1.291183566219674894e+01,3.623848299927757211e+01,1.866466688061899504e+01,1.943693401825155576e+01,4.380856557562052700e+01,3.874627051467378180e+01,1.444376956601906237e+01
4.617851677423829432e-02,3.222158004839650314e+00,5.078185948689204032e+00,2.674349000101680751e+00,7.961653080299592844e+00,5.927821160304908021e-01,1.153612356889084367e+01,4.453756128798795899e-01,6.947587600390727758e+00,1.854633402358764371e+01,1.115303216254176810e+01,6.854273706241209574e+00,2.248604777742099969e+01,2.191900472892556451e+01,2.219667955469239828e+01,2.239422833885098285e+01,1.705724845553955760e+01,1.090983809966567364e+01,1.185695672462560779e+01,1.469688818556033283e+01,3.390989245788868089e+01,1.374223090319017437e+01,3.375734758239162403e+01,1.640651522777321247e+01,2.155143123568630514e+01,4.398061848223998282e+01,4.365694614916701966e+01,1.435315261073527360e+01
4.690717402920249052e-02,3.224115780443032264e+00,5.024492343141011119e+00,2.685272247075563889e+00,7.973726544143502792e+00,1.419543578375722648e-01,1.235520092867613684e+01,4.453756128798795899e-01,6.892627951277455089e+00,1.719350400267323664e+01,1.117272433375831930e+01,6.384877271383730069e+00,2.261719891224671741e+01,2.191900472892556451e+01,2.219453005898386522e+01,2.141069835212269723e+01,2.164353956395854084e+01,1.090983809966567364e+01,9.318179879543482258e+00,1.469688818556033283e+01,3.539702727359266277e+01,1.922500419069340083e+01,3.691452288780442359e+01,1.640651522777321247e+01,2.163484301033766499e+01,4.397807257435521677e+01,4.369662602496460835e+01,1.476875447716040668e+01
8.251355941387900073e-03,3.211887266481141534e+00,5.007456041287086990e+00,3.043019836403360490e+00,8.160700012575425433e+00,3.329365980253822244e-01,1.065415451276446213e+01,3.943486321596197386e-01,6.874145546370925786e+00,1.164171719138434824e+01,6.744761238612899668e+00,1.355212258252960922e+01,2.409801379718073022e+01,2.252714639752463910e+01,2.578946230575962772e+01,2.945128799667677555e+01,2.338926991880940776e+01,1.126561077035999059e+00,1.403003410522062921e+01,1.732965804324271275e+01,3.695264693956255542e+01,2.494821808885563996e+01,3.363192033836752870e+01,1.740719842394767980e+01,1.929618664356438273e+01,3.974559668850938010e+01,3.818417522260950392e+01,1.792134889364301742e+01
1.066397395161505432e-02,3.198679403535582555e+00,5.566999189019884220e+00,2.700534313046981438e+00,8.877489051264475961e+00,3.280410686537054699e-01,1.065415451276446213e+01,3.950940965997796206e-01,6.969474778442545926e+00,1.164434704651588071e+01,6.717370682205835664e+00,7.834407759393143600e+00,2.417140368504043835e+01,2.382052131052724420e+01,2.417736093825044463e+01,2.982040692217621114e+01,2.223603802755277314e+01,1.126561077035999059e+00,1.501517786755102435e+01,1.756054643317964192e+01,3.699357597941736486e+01,2.480008351933047805e+01,3.232483228896117566e+01,1.729641025855175229e+01,1.921046219518935061e+01,3.974559668850938010e+01,3.818417522260950392e+01,1.477252811281922718e+01
1.183884129289592031e-02,3.220357112914043363e+00,5.006333058268547909e+00,3.264719983387140534e+00,8.037893295314773923e+00,2.125107432754607562e+00,1.097255672881474631e+01,1.662939950481022500e+00,9.060539684023440898e+00,1.147785995903397094e+01,7.759806493502947156e+00,9.561544507899835565e+00,2.213504757844727067e+01,2.377434004880620932e+01,2.426232187468747270e+01,2.210054039466036713e+01,2.158092998690948150e+01,1.008861146986469137e+01,1.160520242123172885e+01,1.754705301912032311e+01,3.477235999445522197e+01,1.696993127676475055e+01,3.349613148475225444e+01,1.877985022985422603e+01,1.880641971768267240e+01,4.258316653550473774e+01,3.857134878432037084e+01,1.444906528043603977e+01
9.956051778379493289e-03,3.211579596914746038e+00,5.535069092165154636e+00,2.712198045694481419e+00,7.974225066049532629e+00,2.343434964034605272e-01,1.275031100830250530e+01,3.353436438747575687e-01,6.972127626190240512e+00,1.933311242832866128e+01,6.718601412300310827e+00,6.373719019876668668e+00,2.382697793013238297e+01,2.251104332193818180e+01,2.418394042172073100e+01,2.144938866191798610e+01,2.223159344920940228e+01,1.068820436483455705e+00,1.507036784757441161e+01,2.180677630872107997e+01,3.627019148670924409e+01,1.305035411844864335e+01,3.566621537808563858e+01,1.622845241829817908e+01,2.163708610351097406e+01,4.252482742820907191e+01,4.143501588757086296e+01,1.476028942608869876e+01
1.184102238762716267e-02,3.220357112914043363e+00,5.006758689715958610e+00,3.264719983387140534e+00,7.880995375925487600e+00,1.471351119032072718e-01,1.097255672881474631e+01,1.795137259779563843e+00,8.372102930194929016e+00,1.573729789952420788e+01,7.759806493502947156e+00,7.422750846286285231e+00,2.354444152246552946e+01,2.376238830094770549e+01,2.422665492709572987e+01,2.210054039466036713e+01,2.153868346336832929e+01,1.021233668462097910e+01,1.174864984696155545e+01,1.727286650216263197e+01,3.537910463967767782e+01,1.273131484646620493e+01,3.567270448663585114e+01,1.877985022985422603e+01,2.315417622619621341e+01,4.258902727010700318e+01,4.365801212901831718e+01,1.444827447754000893e+01
1.684079186145014118e-02,3.157806620616960824e+00,5.073322502964722425e+00,3.035170794386426341e+00,7.883789223389666034e+00,9.887765886475799459e-02,1.134150887222144988e+01,4.952496445449759976e-01,8.363638016170590106e+00,1.859977710465532397e+01,9.727159241321588823e+00,7.422750846286285231e+00,2.359871295296180094e+01,2.380368001795930510e+01,2.423268019508945414e+01,2.144646053491129933e+01,2.129174901876647397e+01,9.104320537593103779e+00,9.225167572791637127e+00,1.720276462518423344e+01,3.532400223968976860e+01,1.280675656429984421e+01,3.567270448663585114e+01,1.737981105090870670e+01,2.065951586490990266e+01,4.394676388810133716e+01,3.843224565754432831e+01,1.976717316917906331e+01
