1.493573244134636102e+00,1.186144402318584090e+00,1.014300484702739702e+00,1.368448706755010846e+00,2.254783339857145741e+00
1.427372284713721129e+00,1.099733345521452188e+00,1.248828241845552744e+00,1.261866923683496955e+00,1.932998021697026836e+00
1.376455412628884600e+00,1.168128280410774211e+00,1.406953604893696586e+00,1.047358227918472773e+00,2.381201179922676214e+00
1.389942175113655587e+00,1.044922631101021793e+00,1.043509821765522094e+00,1.853087907184717942e+00,2.427401490500667336e+00
1.431650887868229471e+00,1.012913194717637078e+00,1.141914799179111872e+00,2.008730986973005894e+00,1.058566680339086963e+00
1.456102023799066059e+00,1.053281499721069325e+00,1.023043502300179597e+00,1.166181653348705272e+00,3.109466735037974772e+00
1.340911151807228086e+00,1.077121056962754508e+00,1.167257014796247772e+00,2.105600535863312750e+00,9.811762917820718855e-01
1.287151697394518290e+00,1.057715723592081769e+00,1.303767387698772762e+00,1.976934981924334922e+00,9.843128985031353029e-01
1.879398483076163640e+00,1.271995218692170804e+00,9.643298021111451623e-01,9.534792601886201702e-01,1.370777599115788004e+00
1.249698156219978262e+00,1.039824595931099438e+00,1.357347334886489065e+00,1.523892861075478944e+00,2.576328815231673453e+00
1.314395260155372558e+00,9.823872145169461056e-01,1.320861751242126569e+00,1.499264807671926381e+00,2.862612800924137169e+00
1.449202547956572440e+00,1.035352441987129390e+00,1.081845553535798476e+00,2.132301826652749366e+00,9.782824856242551270e-01
1.256675653824480321e+00,1.063676321959460047e+00,1.236491150609853928e+00,1.671118000936860692e+00,2.474386400168321565e+00
1.524821267739399300e+00,1.217839792550759803e+00,9.992354643247510770e-01,1.110525782475734413e+00,2.774673501567525236e+00
1.557450903248015717e+00,1.296855982503023252e+00,1.001829907380585416e+00,1.079504738672739661e+00,2.018867726030195708e+00
1.669020466453405405e+00,1.357178106667595863e+00,9.817133173997798501e-01,9.859384967081191720e-01,1.800314945692660373e+00
1.538663295121208252e+00,1.085205885413147442e+00,9.794658952189581047e-01,1.219129572680389906e+00,3.004438603890100978e+00
1.753046648718769029e+00,1.379862324300448417e+00,9.299076275466857666e-01,9.606761860054179314e-01,1.075385545677585819e+00
2.028362684071770339e+00,1.196066157066233870e+00,9.350336723039069931e-01,9.357086569823225286e-01,1.199186262519375434e+00
1.654948574047049092e+00,9.989785905563290935e-01,9.556519684563757888e-01,1.074755609926394406e+00,3.423330138669065104e+00
1.465233377492983102e+00,1.025007880373242530e+00,1.103243000164018994e+00,1.713326015970962679e+00,1.423196690318489832e+00
2.086743404812228864e+00,1.146981713245630807e+00,9.162363276466062301e-01,9.172888427312191340e-01,1.038291942903093013e+00
1.289451807164249564e+00,1.017931211153348503e+00,1.191371058613854172e+00,1.797706826629598797e+00,2.331719793766985571e+00
1.161949854137083626e+00,1.003917292947927642e+00,1.214058392990889690e+00,1.642670095641238337e+00,2.973327162436286919e+00
1.361125286873478890e+00,9.752454911578185559e-01,1.121849019014752091e+00,1.395040210172545203e+00,3.256828554021086397e+00
1.470879430431239587e+00,1.236934478486336975e+00,1.034988103854761698e+00,1.178184423155579141e+00,1.621012997089083196e+00
2.512290674591379780e+00,9.113415883061920519e-01,9.247550758402409699e-01,9.119175367244105601e-01,1.162787251002024291e+00
1.217653690307449299e+00,1.009825346282422265e+00,1.489695537687032889e+00,1.574717054793042248e+00,1.506668465603969498e+00
1.226051008779013962e+00,1.008340717488550364e+00,1.628842933205731258e+00,1.544039537253056871e+00,1.332373982323479478e+00
2.571264940670074939e+00,8.898204338965003402e-01,8.891412720926397117e-01,8.902693595353864398e-01,1.229842636959723512e+00
1.694117156853705897e+00,1.440462983935601571e+00,9.612046011063708484e-01,9.493977700231629457e-01,1.576304223913896685e+00
1.630845402853728698e+00,1.400488014828487948e+00,9.661528536081416263e-01,9.949220060749950356e-01,1.536059868352723345e+00
1.066255370376413936e+00,9.774734017754350690e-01,2.509136986551688597e+00,1.441281395565814138e+00,1.365812001190027658e+00
1.728367257980639060e+00,1.462165387010855078e+00,9.621821075725105477e-01,9.468796359890530034e-01,1.111239731695725208e+00
1.131621335028077269e+00,1.006380405842209891e+00,3.023676168459462410e+00,9.866473331979757067e-01,1.980030708566693498e+00
2.243339908866659016e+00,9.335220920929621080e-01,9.320318006556634893e-01,9.344644693271445535e-01,2.274974055077533031e+00
1.236926972902331556e+00,1.116330975146374360e+00,1.886277826240003286e+00,9.737485391102935761e-01,2.532867506511265354e+00
1.253333407040408520e+00,1.136614662184257218e+00,1.843826978681839535e+00,1.009990551324138952e+00,1.887220079491918057e+00
1.119152292978571994e+00,1.009749067327256000e+00,2.104239991993543946e+00,1.249101856837715907e+00,2.680228953198657837e+00
1.175338393112058677e+00,9.478218238067387391e-01,3.160117516763166989e+00,9.726307506309732620e-01,1.356884455316659688e+00
1.417007187662942425e+00,9.958205921373580738e-01,9.612331065018925313e-01,1.923241796889458843e+00,2.735845627176935579e+00
2.124284678722861308e+00,9.268161335272507850e-01,9.197470494189978751e-01,1.146505931559218983e+00,1.399258911354834156e+00
1.201032504923918109e+00,9.670539898453236471e-01,2.847697167481892944e+00,1.001213289599603540e+00,1.310675453120452083e+00
1.300577197940674834e+00,1.096712471804923039e+00,1.745730433371930790e+00,1.033913251795868238e+00,1.995343900907241341e+00
1.445392302034620435e+00,9.509357742214976650e-01,9.584324787255569245e-01,2.338917956126710607e+00,1.264820547269233764e+00
2.311134679671747350e+00,9.248972910393176150e-01,9.053867503295902619e-01,9.180006683205854667e-01,1.684724782161423295e+00
1.574341159043375349e+00,1.320350225024320423e+00,1.017453882253082309e+00,1.096980983159412837e+00,1.003044589192610525e+00
2.001974506344584182e+00,9.275082158469651894e-01,9.271004242399214501e-01,9.276339620030813471e-01,3.523878727625898044e+00
1.052846013053359453e+00,9.672004627936978682e-01,3.255460702700742726e+00,9.998484581710794794e-01,1.827804733050939712e+00
1.081945938385948214e+00,9.871402277439786932e-01,2.288736659759192271e+00,1.210959088408897211e+00,2.621722386889622225e+00
1.032533693380789819e+00,9.702519197733444623e-01,2.634792068102025819e+00,1.423634472277375274e+00,1.871409616372875728e+00
1.074338638994409623e+00,9.787064903731299559e-01,3.533699604619711110e+00,9.506592164562809311e-01,1.918516517994764303e+00
2.438062113076696402e+00,9.030035936533327146e-01,9.024672464446182873e-01,9.034474021705024560e-01,2.158396741769122329e+00
1.518794093742568574e+00,9.429293568320237240e-01,9.439710411041093430e-01,2.224173663563372649e+00,2.194667779875344227e+00
2.719085751446631782e+00,8.872521444746582775e-01,8.865990137771816437e-01,8.877578068090050678e-01,8.880580075173034604e-01
1.067633148777408003e+00,9.862224934062260306e-01,2.238316402961979534e+00,1.318355016404253011e+00,2.894648021903734492e+00
1.034711998573029534e+00,9.506390981822948616e-01,2.781988217534353769e+00,1.225548946016588481e+00,2.071700200308184137e+00
1.976923747433789735e+00,1.253563809125575190e+00,9.316213517942367739e-01,9.324059429831350609e-01,1.092133158608238563e+00
1.168685667027819175e+00,9.638833977320707680e-01,2.354778580224632378e+00,1.293129149800149813e+00,1.383781363877840009e+00
2.363549748811234696e+00,9.087470269629330799e-01,9.082417367092298077e-01,1.106890126324177492e+00,9.098000047049735750e-01
1.132286543469405382e+00,9.415696474047123843e-01,3.672658359934065864e+00,9.579975636174281606e-01,1.027342271207233537e+00
1.105445961972759905e+00,9.590766105758695703e-01,3.794495765557533318e+00,9.548849424444151301e-01,1.540825922895582512e+00
1.014901973343381947e+00,9.542992958930391900e-01,2.561840366704064564e+00,1.553533545243984904e+00,1.482872455684689061e+00
1.452920849031917427e+00,9.618949639516650718e-01,9.396532264321919570e-01,2.269297217728145633e+00,1.783822920772258680e+00
1.100858348664916608e+00,9.513675174422686620e-01,3.922255803673799779e+00,9.459514437879045223e-01,1.140867690326572870e+00
1.055334564666645436e+00,9.601259215432667027e-01,3.426064490519906691e+00,9.582676228779691829e-01,2.288163443813445497e+00
2.630426209042558749e+00,8.962135011102687621e-01,8.864374574390280204e-01,8.876011583626668422e-01,8.880199819105352166e-01
1.907391459233710451e+00,1.207065553114374579e+00,9.466397517606891521e-01,9.597552674882510182e-01,1.705972574607097947e+00
1.061598736385899633e+00,9.439853199621415225e-01,2.184872357183227809e+00,1.761836047459688803e+00,1.485993482205772764e+00
1.376046849098391700e+00,9.728780460574164568e-01,1.066333358720905844e+00,2.567646113634665106e+00,9.569550293554224263e-01
1.308168373559525088e+00,9.803416182039568216e-01,9.817232218295435242e-01,2.410488443231478151e+00,2.115473963590644768e+00
1.624373186650176937e+00,9.767977343816427460e-01,9.971185232909509644e-01,1.021291057786855472e+00,3.655614080514162367e+00
1.346034936648976998e+00,9.696969806460474794e-01,1.059198497456532939e+00,2.464946493087742052e+00,1.164222254365205433e+00
1.813947584616445452e+00,1.509193397861153585e+00,9.265544355848751579e-01,9.275605445048732411e-01,9.276604098680962807e-01
1.599151741727191656e+00,9.756481526371094670e-01,9.989295319279347662e-01,1.056907039684304994e+00,3.824815682465747546e+00
1.746990057016093445e+00,1.542613089790354497e+00,9.410590244610675947e-01,9.592603630157625627e-01,9.421392442882300378e-01
1.093241733310677866e+00,9.548260017054501780e-01,1.949991546543446086e+00,1.621814680699789513e+00,1.624653503712749858e+00
1.104892697006918834e+00,9.467307781464774363e-01,4.125625025563291359e+00,9.404253484195733703e-01,9.407203728813455790e-01
1.145262987522184694e+00,9.453467754266985379e-01,2.035520228439723578e+00,1.352687492828610338e+00,2.692661565014421665e+00
1.792832415319376427e+00,1.576987242669024347e+00,9.413998409013603075e-01,9.426708513444598259e-01,9.427168960513853113e-01
