-5.946229115857113584e-02,8.547486796643447571e-01,1.262768022392247058e+00,1.620121648192748287e+00,-1.116127588564307382e-01,3.914079790771043954e-01,-2.937749975538202829e+00,-6.914481299696666472e-01,-4.754862246146546179e-01,-4.558010423683694690e+00,4.264008519183072110e+00,-1.722911375695674208e+00,-2.900715819950839602e+00,-2.439789529115362399e+00,5.175900767147756376e+00,-1.113592546045354403e-01,-3.464710300817912536e+00,-2.987042028900767754e+00,-7.262470979608703026e+00,8.809084207328556460e+00,1.681927956186449968e+00,9.955759983232947974e-01,1.402035929531813885e+00,-8.205061579637110469e+00,7.807150359718418642e+00,-8.723725338614451985e+00,-9.247509269045455227e-01,-7.983716438751193856e+00,-1.024483433982549840e+01,-1.094998345108099791e+01
3.527042561765895701e-01,8.922377355358864781e-01,1.338890782940581392e+00,1.612284217330623992e+00,4.211223177548082952e-01,-1.107894104942565239e+00,-2.821115290971001333e+00,-7.318204734375588494e-01,-2.987387805376431338e+00,7.763597946134428440e-01,-3.891981081556890931e+00,-5.806797861068568878e-02,-6.407925378313388265e+00,-4.133261252517965723e+00,7.329134356940268269e+00,1.802027646382100556e-01,-3.538957572534305207e+00,-2.958245835745403340e+00,7.938436577314866405e+00,9.547085968185340832e+00,-4.019909592621523364e-01,1.022157526703111552e+00,-9.163047236387672712e+00,-7.442319629604089215e+00,8.722521595738870204e+00,-6.673476276511575378e+00,-9.434019650545625524e+00,-7.965977617189406779e+00,1.456403092866250581e+00,6.984914799684585063e-01
3.527328837501554348e-01,7.979906983746141158e-01,1.464121482996358470e+00,1.945793586731692892e+00,-1.481987587984738286e-01,-1.461622975494773824e+00,-2.542693083804739906e+00,2.684811812029645139e+00,-3.137589658682083948e-01,4.502985484083437129e+00,-3.211035892014695303e+00,-3.041767056496313515e+00,-3.028754925865717595e+00,-3.844152057150087121e+00,6.776054192097694440e+00,-5.366881941333420336e+00,6.761903380445454914e+00,-2.969817006030670559e+00,-2.978466411848227136e+00,9.547079159896016520e+00,-7.660864932354163770e+00,-2.726963962076624171e+00,-7.380268687726116106e+00,-7.333254804828942319e+00,7.948489822978674013e+00,-5.024545847131243193e+00,-8.173108884490742909e-01,-8.657732126392879479e+00,-7.854771026478719165e+00,-1.210633902921919303e+00
-4.386253171608234247e-01,-8.578479394533803370e-01,1.461226734139516870e+00,1.662993223988492808e+00,-2.074670978945996502e+00,2.690517304021175615e+00,-1.489668536465313275e+00,-6.863721090394612201e-01,-2.456616238954003606e+00,-2.477868358660682002e+00,4.510776630569562684e+00,-2.904250985127593054e+00,-5.291128209861057030e+00,3.820189962640218262e+00,-3.159104647008539768e+00,-7.772051171506637601e+00,-4.474056898429718210e+00,8.583578244237838106e+00,-6.802562707156743826e+00,-3.876699897860913069e+00,1.008289631274538500e+01,-8.239233813639504689e+00,-1.128873184785709505e+01,5.109784743541538887e+00,-5.086493569486161270e+00,-5.089169655689054217e+00,-3.655797256519307314e+00,-8.377858389487345292e+00,-1.176107258113695408e+01,-1.137330466428849363e+01
3.769380464802553621e-01,6.212375335528104170e-01,-4.364890607030260106e-01,-1.577937815736278004e+00,-1.126273151471981260e+00,-1.054269995230505241e+00,3.008939454747658004e+00,1.416991320726755654e-01,-2.927710248239103752e-01,-1.237743223761828437e+00,-2.666155634217228343e+00,-3.225878706394808670e+00,4.884500221161037103e+00,-3.814677605868764587e+00,-3.169207958183719143e+00,-7.305485942293639567e+00,-7.163914836333781011e+00,-3.487924506882520426e+00,-6.894964486436162332e+00,-2.870820439502934640e+00,-7.911752149034856352e+00,9.366705860833182129e+00,1.786822250993667982e+00,-1.009665530701933456e+01,-9.755137632293632066e+00,-5.867414756661470498e+00,-2.881518824633590548e+00,-1.051425262327905941e+01,-1.078864829616747834e+01,-1.310550413163902306e+01
3.308026863073701973e-01,9.655892513140326150e-01,1.410128162704379351e+00,1.186697192927518518e+00,-2.077080051987513443e+00,-2.101835454761282307e+00,-2.436685645476392104e+00,-1.527908801557215979e+00,8.907212013301146758e-02,-2.469294737569552201e+00,-4.032752141525534739e+00,-3.415884054588570695e+00,-2.892912180294003655e+00,1.517867789381849963e+00,7.087490309961457235e+00,-5.220933179168127936e+00,2.968804899036448397e+00,-2.882395094786294187e+00,-4.437626787078817969e+00,1.933197681550700153e+00,9.569148771232351081e+00,-6.754012786879859398e-02,1.791933092415828987e+00,5.043349469495741033e+00,-6.824161722580085687e+00,-6.517058652446944933e+00,2.087214745649682790e+00,-9.347925428059038921e+00,-8.159471424760782909e+00,-1.115787144453986279e+01
4.499424244407039253e-01,9.964254898048555686e-01,-7.480494864402142952e-02,-2.829499424143290254e-01,4.148614359504791960e-01,-6.727571593427699170e-01,2.918640184391922521e+00,-1.825766127710352960e+00,-3.099475906040100259e+00,2.932536391384893193e+00,-3.483871183463703503e+00,2.457034404574863551e+00,-3.217352784052810666e+00,1.419554121978603201e+00,7.177768942776140193e+00,-7.419980228619996510e+00,6.404657219176799643e+00,-4.370118829270539074e+00,-5.109553639263443969e+00,3.600343888219303956e-01,-9.098801748616800467e+00,6.772984473240377667e-01,-7.091643395617935219e+00,-6.984383667599244561e+00,-6.867590668568819723e+00,7.315754807162488049e+00,7.158131106770557750e+00,-8.546529259081445673e+00,-8.257164654153294592e+00,9.345503682928333333e-01
4.720703959545467510e-01,-7.324264711787027426e-01,-1.174854634483586846e+00,1.901367029034033429e+00,-8.648437342233775693e-01,-9.220432485464262751e-01,2.733655933873477828e+00,1.825080160022559239e+00,-3.104582417115233195e+00,-3.622825795602133248e+00,-3.648474252042604338e+00,2.176889870727681142e+00,6.208177612401357237e+00,-3.820037316867192168e+00,6.882469773935243396e+00,-5.030484077407354704e+00,-4.491191338993289150e+00,8.616770715761628452e+00,-5.674304960027686029e+00,-4.458653326072067102e+00,-7.222919762924155052e+00,9.708421856553396623e+00,-7.505442156451282543e+00,-7.203937190892595765e+00,-7.624757817113090752e+00,-6.805092711402179972e+00,7.163623472874370179e+00,1.112598910074876457e+01,-8.264430164306135751e+00,-1.155898817363135933e+01
4.157067872127828134e-01,9.982574058485911284e-01,1.306517703403070385e+00,-3.806796907847598277e-01,3.061798497830015564e-01,2.729551240305459370e+00,3.035397626543555383e+00,-1.897761418836039882e+00,-2.613762786335670718e+00,4.491436026224744360e+00,4.380913203165444969e+00,-3.564290097061958207e+00,-3.578981477997501326e+00,-3.726457219993128067e+00,-3.103416424480321734e+00,6.793404446081181547e+00,-1.742235108944967692e+00,-5.065415721549203276e+00,7.255668709415465933e+00,1.939133310293855494e+00,9.312587110146246516e+00,9.562058171188346778e-01,-7.051407524769157220e+00,-7.151852508803652420e+00,-5.405703370377679562e+00,-6.260446032213292433e+00,-2.115627731363868502e+00,-7.637550835198030796e+00,-7.107433723593312713e+00,9.388162624374509768e-01
4.760241409640842969e-01,9.444495169766871090e-01,1.402702118176792467e+00,1.940936949591554050e+00,3.455352671637176298e-01,2.824020998004878269e+00,-2.658835064975385354e+00,-1.753031299285981337e+00,-2.343631936265023530e+00,4.944998872635459897e+00,-3.739239637766861524e+00,-3.144771751963829853e+00,-4.239032809031396454e+00,-3.942908700030926639e+00,7.284768736968097791e+00,-6.858364824594183951e+00,-1.998144258567142062e+00,-3.003677769571607481e+00,-5.019754865497332297e+00,8.966786003705404795e+00,-8.914045145690254301e+00,5.264366898192651689e-01,-7.048939507174064367e+00,-6.875828644966140324e+00,1.218153429120501130e+01,7.977706407655440479e+00,3.836649448675197860e+00,-7.680434199140096396e+00,-8.249503592667254637e+00,-1.397819761329132859e+01
3.686668870682376364e-01,9.933225583544511572e-01,1.403881473930662649e+00,1.940583597752512324e+00,6.009746445040402563e-01,2.727054280802990061e+00,-2.659096355030912573e+00,-1.670731823259308246e+00,-2.350452618926680337e+00,4.944998872635459897e+00,3.997623510833088201e+00,2.326263270586670373e+00,-4.269531388893793356e+00,-3.891215002979897530e+00,-6.179465721219301599e-02,-5.011167504396871308e+00,6.851494121719947650e+00,-4.308929328075672416e+00,-5.019394792738369304e+00,-5.487430734975718316e+00,-8.914045145690254301e+00,9.606858051226080386e-01,-7.074449660644771321e+00,-7.051343536748413854e+00,1.187872585595170172e+01,7.126107025656857274e+00,3.836649448675197860e+00,-7.511022156380513515e+00,-8.250345879586623354e+00,1.577583413529635159e+00
3.923435259015140009e-01,9.998325697279668578e-01,-1.000567565417161742e+00,-1.485582153246609804e+00,-2.106509054935021830e+00,2.925059945716699250e+00,2.518843743974451765e+00,-1.835929908978432668e+00,-4.077310328786241556e+00,-3.243415776701100928e+00,4.917880097729058875e+00,-3.168446457433375940e+00,-2.838272914749581766e+00,1.552160574314562780e+00,-1.602366073623056941e+00,-7.203965515341861803e+00,8.453992013447125586e+00,-4.434973754520515676e+00,-5.184311577634668211e+00,2.719634993738708317e+00,-7.753392214616254385e+00,9.281720196711924942e+00,-6.574835489172865088e+00,-4.556723913758766287e+00,-9.229996170656306731e+00,1.268720831133857807e+01,6.918189027352957154e+00,-9.534778579346777860e+00,-8.065260635010345069e+00,2.540578064444551032e+00
4.018694417584012246e-01,-9.452279254988301682e-01,-1.155996497583872351e+00,1.642606880501087607e+00,-6.482573666761874964e-01,-1.706660796318580253e+00,3.111547866567603737e+00,1.335793320595154432e-01,-3.168527558535528144e+00,-4.033962059971668346e+00,-3.162355255229155393e+00,-3.642957030643562799e+00,-4.333191384379067479e+00,1.273615343965788460e+00,-3.880030687812532353e+00,-4.928907705053506838e+00,-3.105999789416620693e+00,-2.817402750817048940e+00,9.405079040334278773e+00,-5.669745317106958282e+00,-5.401209057780087974e+00,-1.827300417873961358e+00,-7.106867418255484736e+00,6.060944168581597680e+00,1.090036526151384066e+01,-7.104136715385908296e+00,-9.137475557372953361e+00,-9.743475630340341809e+00,5.053907560028298107e+00,4.620235766528782761e+00
4.492955220954764073e-01,9.895367395727144855e-01,-1.009814140800357363e+00,-4.018189614608345117e-01,-1.115279696167734702e+00,2.918515891998746170e+00,2.521906200911838702e+00,-2.146536382535282783e+00,-3.295789907701549115e+00,-3.188459705108251718e+00,5.409167760880150055e+00,-3.480605264586969838e+00,-2.887368254027814718e+00,1.441900234873769060e+00,-1.578375638138876491e+00,7.815516720880897772e+00,8.141119566156840293e+00,-5.231089010686568841e+00,-5.255145486455173653e+00,2.636748962767502480e+00,-7.752957472579693032e+00,-1.869997532784969163e+00,-6.730716200991078146e+00,-5.888855718927784366e+00,1.179749969708441704e+01,1.256186721400666073e+01,6.919227959626665481e+00,-8.699425624037228744e+00,-1.058042356819410656e+01,2.935970141930007493e+00
4.034838442212375087e-01,9.916134786941255275e-01,-6.933621960769664749e-01,-2.912864981338325610e-01,1.019361909865336147e+00,-1.860600776210383778e+00,-2.344401782920706001e+00,-2.562899321963778565e+00,-2.237059877091808424e+00,4.872466501789684656e+00,-3.320621445313473252e+00,-1.363461680949561661e+00,-4.581333212774313601e+00,-1.706320105378078988e+00,6.823630054686623758e+00,-5.840347938877840761e+00,8.020005443760537034e+00,-4.265564057518086649e+00,-5.852209762429277262e+00,9.810228714503212544e+00,-5.402894562712446280e+00,4.592687305035729750e-01,-6.122619060361165211e+00,-5.873840638217903809e+00,1.245876425178206226e+01,-7.125607837287775581e+00,4.765832428254462294e-01,-8.204999221367600626e+00,5.561030172282778850e+00,1.443334670903806849e+00
-4.856627043638687136e-01,-8.501918423495584687e-01,1.412784554004447912e+00,3.190632669422973633e-01,-1.754627000470835974e+00,-1.668666912735554675e+00,-1.797072367093186074e+00,2.685217074976341323e+00,-2.428970252888989378e+00,-4.148243507537038077e+00,-3.838351974918728260e+00,-3.222583249038554865e+00,5.500178014486301947e+00,-4.107250073104362187e+00,-3.198643069583718024e+00,7.192130870483145699e+00,-4.822082738114412237e+00,-3.072798501577436170e+00,9.108840007681259010e+00,3.703877483935968939e-02,-7.707277528974310954e+00,-6.058237677358803808e+00,-7.046413609154704716e+00,1.195093058360500748e+01,-2.498333377027256219e+00,1.005577227221505687e+01,-8.705681288092302239e+00,1.355799333673762064e+01,5.196078091496854512e+00,-9.623411035013228698e+00
4.319749380878102896e-01,-9.078023242072832399e-01,-1.169762982962720299e+00,-1.918979660931827924e+00,-8.520472433631262055e-01,-9.220432485464262751e-01,-1.575273600060504320e+00,2.710696405840602008e+00,-4.490015743628385181e+00,-3.797836419994167212e+00,-3.694848142202286301e+00,-3.136515653381844349e+00,6.268195585773650436e+00,8.617309590706137001e-01,-1.414766908624945696e+00,-5.211389274145478367e+00,-4.551678421508342787e+00,8.961062483361311948e+00,-6.137195814780511682e+00,-4.395513278429842075e+00,-8.154115367974322126e+00,-6.460437763221920093e+00,1.114476521910922813e+01,-6.224909363842987986e+00,-6.001297725056110366e+00,-6.802718005823849445e+00,-8.713776650998115159e+00,1.374607533746164556e+01,-9.674810786051873279e+00,-1.227502871286757369e+01
4.371409515911056642e-01,9.968399215439963656e-01,-1.009914026438025747e+00,-4.214279593508568622e-01,1.020911550200194640e+00,2.918071369122130498e+00,2.521906200911838702e+00,-2.148445900833144240e+00,-3.308754922385952923e+00,4.944842560492143768e+00,4.874601080573335743e+00,-2.875538838278760334e+00,-3.342026733283701034e+00,-3.659800790627649292e+00,-1.576660647815887550e+00,7.565479532989508371e+00,8.453992013447125586e+00,-4.304001199244757991e+00,-5.910205727189497438e+00,9.882963787176850090e+00,-7.753902724643960021e+00,2.961549644494683164e-01,-6.617367503277240104e+00,-7.089577961521777105e+00,-9.140262969512178870e+00,9.509641254304444402e+00,6.675922464129524947e+00,-7.642443070758446311e+00,5.513572569238250232e+00,-1.485577997683802032e+01
4.820154495974184883e-01,9.988361719556400065e-01,-1.227999666513284183e+00,-3.684713179264912375e-01,3.744472071298052263e-01,-5.845179358589542851e-01,2.401977465755051888e+00,-1.736271214470932689e+00,-2.616036788889757769e+00,-4.150900967524344232e+00,4.532694526819379455e+00,2.163636893653840598e+00,4.164252149218673260e+00,-4.189959097318078918e+00,-1.824951648840182461e+00,7.564761529912845894e+00,8.444585559001716035e+00,7.438089184617217242e+00,-5.376340102691436584e+00,1.217812732963029498e+00,-7.784271359668501589e+00,9.718988935896419434e+00,-7.327517000083012988e+00,-6.663621351030333706e+00,-6.753168080311027666e+00,-7.921002948366854923e+00,6.966604545696572615e+00,3.041854709564587811e+00,-7.231223833822305380e+00,1.779998956920949560e+00
4.787515244730503050e-01,-9.542060861340835309e-01,-1.163259562909737976e+00,1.911451384202186077e+00,1.657670227091790349e-01,-1.772831342322692461e+00,3.218843704439565911e+00,1.024708076028360004e-01,-3.216385996677358250e+00,-4.517628530368429374e+00,-3.160428423659238817e+00,-3.290831002866444699e+00,6.299497816796602478e+00,-5.105630951512477367e+00,-3.039211918413444291e+00,-4.560907644002355710e+00,-2.372995051834303926e+00,8.423639396052827522e+00,9.127818690869714757e+00,-5.047230031363400649e+00,-5.481666349564737750e+00,-3.202236981271313176e+00,1.089830446541241038e+01,1.136158345542282433e+01,-6.341410262663641717e+00,-7.130519961222628211e+00,-9.111526064864818863e+00,1.285268869089982502e+01,-9.765548774251506359e+00,4.506683489166557699e+00
-4.688006304020029269e-01,9.969650312944619008e-01,-1.253048787120837781e+00,-3.117959217477648259e-01,1.015304314160057730e+00,2.595158001943059123e+00,-2.254994231823040263e+00,-2.068658855286919174e+00,-1.849763529208143797e+00,3.459653426596640990e+00,-3.859397729698063717e+00,-3.787629204826735929e+00,-4.304207576355956633e+00,-3.999371575514129251e+00,7.014049201086239194e+00,-5.707264049598630429e+00,-4.579344317184511404e+00,-5.233033849004210758e+00,7.428250537285697064e+00,9.735703308398253597e+00,8.814807336400024340e+00,7.649505021145740491e-01,-6.646613740181772201e+00,-6.506735924750675082e+00,-6.965350535002559518e+00,9.130945524197175089e+00,-9.852592767168898646e+00,-8.092066806952130875e+00,-7.586904171414991183e+00,-1.437079660758157296e+01
4.334297676865660476e-01,9.916134786941255275e-01,-4.692072351427575283e-01,-2.301022787956545357e-01,9.645323145911076645e-01,-1.180721443287036099e+00,3.215791431617065044e+00,-2.562899321963778565e+00,-2.601918866375052097e+00,4.673173087972708473e+00,-3.864763548444212660e+00,-3.803556921115538891e+00,-4.074704994450598861e+00,-1.706320105378078988e+00,6.825591533572256786e+00,-7.377463985605333896e+00,8.341097636702532014e+00,-3.097259702016523786e+00,-6.230128156860105015e+00,-3.796111019741085890e+00,-6.916083140670782115e+00,1.018157076489073809e+01,-5.862685265917886746e+00,-5.305993851466537237e+00,1.245876425178206226e+01,-7.079500981864908837e+00,-9.757757252601706455e+00,-8.825042847323352646e+00,-9.913355027061875546e+00,1.346549374140727284e+00
4.335323928579049579e-01,9.974510379842180807e-01,-1.478332065230911097e+00,-3.336411228115335748e-01,-1.777902153443908340e+00,-7.051668462689337780e-01,3.291351982260656506e+00,-7.537564859111535176e-01,-3.489447154435076914e+00,4.765948828531959336e+00,-3.385907931641713109e+00,2.049663410428189447e+00,-5.688511939668879691e+00,-2.797183517195370506e+00,-1.912810671991710620e+00,-6.811350019815185064e+00,8.031888391630612745e+00,-4.456430423169820187e+00,-6.224401163695249650e+00,-4.479267081912185589e+00,-3.933255433288080916e+00,9.865973317964968459e+00,4.491231677527949273e+00,-4.953577548680108578e+00,-6.510570763856019738e+00,-7.842982048512327609e+00,7.566279663051796334e+00,-7.380265938062131603e+00,8.091665600283855397e+00,-1.295330775502497289e+01
4.953244829828020723e-01,8.166077727707813372e-01,1.434106901815589197e+00,-1.897462220202422056e+00,-1.878133311602106614e+00,2.671339159393355089e+00,-2.185081384310919361e+00,-5.035734825199323916e-01,-2.503587704241241330e+00,-3.113389251409829583e+00,-3.390265675466241468e+00,2.093004697720122653e+00,4.611221235648278238e+00,-3.988595990695752658e+00,-6.682355475573261927e+00,-7.955813691770235785e+00,-6.101977485882077445e+00,-4.337105942930028490e+00,-5.299078411561671587e+00,-5.939961546222443545e+00,9.226403532598959956e+00,2.959257574775591149e+00,4.596256486560943877e+00,-6.779667157242254660e+00,-7.914890766044851311e+00,1.241056764418671143e+01,6.968587049212938922e+00,-9.210736884701463012e+00,-7.193182234369047912e+00,-1.236318907985031146e+01
-4.979036557707233746e-01,-8.491935277048244801e-01,-1.154678042848611863e+00,-4.467343416242081089e-01,1.038979441268272907e+00,2.516845102939497814e+00,-2.428173999098762526e+00,-4.730159603974521398e-01,-4.480495268150225030e+00,3.734056569922348690e+00,-3.318474947576498302e+00,-3.092911155083046815e+00,-3.729703146842016093e+00,7.736722886218694306e-01,-4.015294974332693556e+00,-5.052762711441442178e+00,-4.269843136731561906e+00,-1.805053954277875183e+00,7.056602272669410425e+00,7.307042415147280146e-01,-6.863319217541345552e+00,-6.847561926367394136e+00,-8.359118528184806607e+00,1.157719998140129469e+01,-2.355033786344568281e+00,-8.045772993972509113e+00,-8.415541179709412845e+00,-6.703080908616778189e+00,1.078734016804670759e+01,-1.331144271583481853e+01
-4.698469630366574057e-01,-9.785755916186640313e-01,-1.200188215524930824e+00,-1.549885201917340360e+00,1.084888703446658109e+00,-1.699317928003786449e+00,-2.342989963937037068e+00,-4.787561139733105264e-01,-1.708016706503262316e+00,3.724609311469419204e+00,-3.026615248963650640e+00,-2.741607961561278728e+00,6.273357869774983442e+00,6.820082105346853218e+00,-3.039211918413444291e+00,-4.560057270470775137e+00,-4.040059294410266233e+00,-3.798773280094096538e+00,8.808907450138864448e+00,-7.322202363607217102e+00,-5.641164013007109013e+00,-2.373869265148135899e+00,1.129297840714559342e+01,1.017996819055528235e+01,-2.211323818146152753e+00,-7.359083967926876468e+00,-9.709133909582442712e+00,1.270210235830573353e+01,1.129050369804794585e+01,-9.072210265535307627e+00
-4.998349237143750456e-01,-9.059813077187369723e-01,-1.196105852818369009e+00,-4.448258020615922792e-01,-1.320001276373334864e+00,-1.665421085298205650e+00,-1.821845705075816557e+00,2.531465588882082951e+00,-1.705515681772405534e+00,-3.232671006093573052e+00,-3.024224790291007103e+00,1.409885782427225731e+00,6.434379523473461759e+00,7.731579122585596764e-01,-3.972608564926381813e+00,-5.056026172752111414e+00,7.579243292044278490e+00,-4.174924174150749678e+00,7.093054477594351148e+00,-5.707441656319674372e+00,-6.779619445454782678e+00,-6.752547271816173868e+00,-8.141504045646914989e+00,1.097895789050389581e+01,-7.107302039748804035e+00,-7.367879798351087750e+00,6.113394604391827691e+00,-1.026705891170221463e+01,-1.075400742392622533e+01,-9.669689910478638240e+00
-4.805857324174037659e-01,-9.298642604562225022e-01,-1.162994109220446992e+00,1.913266676165748192e+00,-1.313509726886660900e+00,-1.682274633084727578e+00,-1.656738825995923703e+00,1.610271564583992676e-01,-3.107256751100573311e+00,-3.264126615231655926e+00,-3.035523842822272389e+00,-2.614652607457647715e+00,6.374040841122637246e+00,8.940678017486818341e-01,6.963349595147829696e+00,-4.556629587451017649e+00,8.453052677792088687e+00,-3.704341743493352990e+00,4.908276841057757522e+00,-5.669781624082697036e+00,-5.675119261173461105e+00,-6.821833940071887703e+00,1.121733973847713983e+01,1.028538627047293552e+01,-7.254718316091835817e+00,-7.092888466696304128e+00,6.261260645276182757e+00,1.348714964768874935e+01,-1.027691971820329364e+01,-9.693780381834166349e+00
-4.698469630366574057e-01,-9.797700515041030123e-01,-1.199505541757057037e+00,-8.649953056218537828e-01,1.083527087737154115e+00,-1.695368584204808515e+00,-2.334179889470128000e+00,-5.088572783543164890e-01,-1.708016706503262316e+00,-3.706791574123256439e+00,-3.026615248963650640e+00,-2.741607961561278728e+00,5.190460753198310684e+00,6.746470378555542879e+00,-3.039211918413444291e+00,-4.845295719607065621e+00,-4.040065372193541116e+00,8.592260550226541227e+00,8.808907450138864448e+00,-7.322223414184769297e+00,-5.641164013007109013e+00,-2.241208975104141743e+00,1.129297840714559342e+01,1.017996819055528235e+01,-2.211323818146152753e+00,-7.352164381815556204e+00,-9.709133909582442712e+00,1.270210235830573353e+01,-9.304368304268809453e+00,-9.094714399348537981e+00
-4.837634989254882001e-01,-9.055015571831073196e-01,1.027395868143360591e+00,1.913266676165748192e+00,-1.313437072055253729e+00,-1.665378643800199621e+00,-1.656738825995923703e+00,-2.027720529964585072e-01,-3.187395020638803977e+00,-3.232265789081049334e+00,-3.024277334878158641e+00,2.020977242929264062e+00,5.695712897023450516e+00,7.935229337049785059e-01,-3.034298022407042161e+00,-4.572443612654972789e+00,7.075609795239722999e+00,-4.003230551988709252e+00,4.900814399067860982e+00,-5.708045687079308372e+00,-5.539053778152445595e+00,1.091083961103685596e+01,1.006651336754462278e+01,-5.966414119015415629e+00,-7.743048286872903141e+00,-7.082647116908528773e+00,5.169237113716204313e+00,1.258526238090995797e+01,-1.124893424443072121e+01,5.285857154882339870e+00
4.958555137081369080e-01,7.635840485931664201e-01,1.436502538792444605e+00,-1.859055105853857137e+00,-1.273880294330384411e+00,2.995073460716684899e+00,-8.917987161204007363e-01,2.939901643466954262e+00,-2.512324414383247273e+00,-3.018085387824129384e+00,5.108266896965043991e+00,-4.265604670878390792e+00,-3.963950889116831355e+00,-4.177128992268380081e+00,-2.833112350182414918e+00,7.237026083820522260e+00,-5.764005206751424915e+00,7.815342505162396591e+00,-5.801367364527367343e+00,-4.488822785506172863e+00,-3.608426366364825721e+00,-5.266351702284565839e+00,-6.953494551229814746e+00,-5.769933549258670524e+00,-8.223291460645356210e+00,1.192451260552946124e+01,7.074581601615314241e+00,-9.571987584586921116e+00,-5.677076289427172462e+00,-1.275339357985409450e+01
-4.960247248137139020e-01,-8.792254345718168995e-01,1.212650919822137130e+00,-9.789868049903940328e-01,9.479518926512841004e-01,-1.414611570221821379e+00,-1.818001113068628882e+00,-2.155320590870571262e+00,-3.195323937507859480e+00,-2.988266769654169153e+00,-3.318474947576498302e+00,-3.725195981356771213e+00,-3.563790007356942624e+00,6.811519444386512134e+00,-1.428988624947649555e+00,6.875505191612981015e+00,-4.361983839609070657e+00,-3.820755183206851591e+00,9.387683847602559695e+00,-6.683651434019111548e+00,-5.542487101643530423e+00,-6.683686036572730416e+00,-8.380776017462231664e+00,1.140812671375234899e+01,-6.279613234983360215e+00,-7.646049193217637097e+00,-7.775666267949983279e+00,1.185647704542060588e+01,1.156579240429586264e+01,-1.328870845379067944e+01
-4.495254891064871527e-01,7.376337169319755471e-01,1.433371344377928125e+00,-2.882924126628917394e-01,1.470404511505685630e+00,2.756340647517833364e+00,-1.835650407826757702e+00,-6.760547171682689260e-01,-2.512546911280565620e+00,-3.079532331506303677e+00,5.262940862663194608e+00,-2.836063850910208295e+00,-2.718465614628142735e+00,-3.982096018421379391e+00,-1.511017664347794831e+00,-7.873348103500285688e+00,-4.974548989906983465e+00,7.826608786470211854e+00,-5.397665548028388827e+00,-6.231091966631742807e+00,9.723956229657364503e+00,-5.494137463208591754e+00,-6.867709333187645981e+00,-6.776884320681233476e+00,-2.502975249547570780e+00,1.275180998584517233e+01,-9.364451505600676740e+00,-9.253024782470319565e+00,-8.070221163750826321e+00,-1.238167724252104307e+01
-4.650036319006133345e-01,-9.540094903568971940e-01,1.445947334089703329e+00,1.868265808203438239e+00,-1.365802825437981927e+00,-1.636799349347790811e+00,-1.585842921416162898e+00,7.650477842399006079e-02,-4.446040887647319195e+00,-4.473433010593130810e+00,-3.539299753720623443e+00,1.443041689571173514e+00,6.367814604247152843e+00,6.664841838360239912e+00,-1.412606277736475402e+00,-4.754248332119898279e+00,-7.309723619191132116e+00,8.624943176629050967e+00,-6.636001171012479993e+00,-6.581459506811477844e+00,-5.813321070043848238e+00,-6.295639357108807843e+00,1.088055108722628361e+01,1.098036500591802422e+01,-8.173238830185944437e+00,-7.256840985964326585e+00,-9.546238767313264262e+00,1.327669063524727378e+01,-1.126746844935182246e+01,-1.309684958965417323e+01
-4.870981857954631011e-01,-8.502172036836703750e-01,-1.146285607364897929e+00,1.820690747718154201e+00,-1.366140103282502238e+00,-1.352501775067115997e+00,2.777865344493150701e+00,1.250480320936426804e-01,-1.754642399544041442e+00,-3.130872361288783878e+00,-3.318646033306882792e+00,2.107438778831913773e+00,-4.960068905829282393e+00,2.623970315431538136e+00,-3.972603120533793497e+00,6.082829153016865220e+00,7.208291215819557785e+00,-3.704523790738229572e+00,8.445386895329463073e+00,-5.712906822935046591e+00,-9.124027005313909200e+00,1.023280281467820707e+01,-8.077598660400880703e+00,1.016149590913396139e+01,-6.815746547772228325e+00,-7.269707775070028966e+00,-7.914705961976963522e+00,-7.982143818713428374e+00,-8.218868040803013031e+00,-9.294524932314580212e+00
4.961590999347628705e-01,7.662957723851124836e-01,1.352155253511000854e+00,1.981973558062888552e+00,1.265509001430186409e+00,-1.658994374107825243e+00,-8.918467852886916569e-01,2.697324438835136728e+00,-2.642093568641003642e+00,-3.122043057696123558e+00,-2.670524604667456448e+00,-4.527214915066650747e+00,-4.000381530414403919e+00,-3.180154997693677821e+00,-3.339027685373939569e+00,-5.468856278260294523e+00,8.423918955039413348e+00,8.206184338210425366e+00,-6.254723946490270414e+00,8.952766213507013404e+00,-6.735207925045520128e+00,-7.514368088214444796e+00,1.031276208164996788e+01,-5.591509236926683002e+00,-5.503898726515008555e+00,-7.460748798537590432e+00,-7.555959097709795458e+00,1.315341357610900275e+01,-6.702989798007878086e+00,7.149912149693403940e+00
4.869790329873540102e-01,-9.341206806664732465e-01,1.406353258055586863e+00,1.894426315862282939e+00,1.201628445926525401e+00,-1.659624602564092388e+00,-1.610625966762806893e+00,2.878446181771788570e+00,-4.445961072600340458e+00,-3.947058512790283746e+00,-3.547570401812667917e+00,9.937318356637370176e-01,5.809832775762209245e+00,3.234304933002615456e+00,-2.677813329588837998e+00,-4.893850127686450335e+00,-5.877719201691040674e+00,-4.654632189112733798e+00,-6.777908186014913738e+00,-5.684771021249985345e+00,-5.745908617971482890e+00,-6.330072208296128267e+00,1.088055108722628361e+01,1.074359149789191470e+01,-4.903162779122748560e+00,-7.831322526512064286e+00,-9.857605001411302581e+00,1.327669063524727378e+01,-1.148797656994229044e+01,-1.311360233562451505e+01
-4.053117909818183540e-01,7.661797448624346751e-01,-1.314875084359963919e+00,1.943987205474330571e+00,5.663069904237438834e-01,-1.674628920719783975e+00,3.006698142939945306e+00,2.287868000088404963e-01,-3.107256751100573311e+00,-3.123519487249719617e+00,-3.024277334878158641e+00,-2.774164155512385932e+00,-5.734163773096549122e+00,6.654361434758605753e+00,-1.542002319820802825e+00,-4.531674565247336695e+00,6.914783849261558757e+00,-4.007171890334210396e+00,4.900814399067860982e+00,-5.724854797539796536e+00,-5.736116831841727048e+00,1.025872314796993123e+01,1.007920255940910437e+01,1.071478639696988111e+01,8.422056906644659335e+00,-7.092888466696304128e+00,-9.361503043473492269e+00,-9.562575393386795852e+00,-1.074267327859559629e+01,-9.259688220897331234e+00
3.801403999784263577e-01,9.787773866269474654e-01,-5.801270327952209316e-01,-1.859732362386959714e+00,-1.257070029708938552e+00,2.033499647890633089e+00,3.291958821246826261e+00,1.426190085790018047e+00,-1.743828762435815971e+00,-3.254470176660416492e+00,-3.167049943596924599e+00,-2.729176221899902721e+00,-3.450184628343240689e+00,-3.233230641602293343e+00,-3.873534570757205309e+00,6.776493472654625982e+00,7.457582744785406170e+00,-5.148683804126916286e+00,-5.954558197148868359e+00,-5.627412406717998472e+00,1.023048022004301671e+01,1.083431958052476674e+01,-8.354339435664302371e+00,-4.985834784670695186e+00,-7.111160287749485498e+00,-7.982956013010556795e+00,6.395184312280106198e+00,-7.980691097499389208e+00,5.339309290341170744e+00,-8.925133548738234168e+00
-4.987905320294435119e-01,-8.507871898079530926e-01,-1.045233325593986073e+00,1.264066388860177303e+00,1.153805063712136647e+00,-1.399838750920115560e+00,-1.763785323182569975e+00,2.643282870063258017e+00,-2.499781855944912756e+00,-3.113365062637737157e+00,-3.175305066467232429e+00,-3.147662380505402258e+00,-3.856526571910306345e+00,6.898686135302562583e+00,6.885094403210231917e+00,5.287682292598472777e+00,-4.528212381917775531e+00,-3.636113443962389891e+00,9.387683847602559695e+00,-5.720539597463953463e+00,-5.842350274098144780e+00,-6.702026127874831651e+00,-7.600348443598704762e+00,1.093548851695490676e+01,-6.375408595721513194e+00,-7.437749747074348328e+00,-8.641179292340773088e+00,-8.848407230468236406e+00,-7.508589924966282858e+00,-1.176788293529309648e+01
-4.977733212294799259e-01,9.930785532539896376e-01,-1.085807770644562575e+00,1.939489179264198171e+00,-1.343080323951431954e+00,-1.403159523508700879e+00,-1.652799862287132493e+00,-2.191486295539588625e+00,-1.731068505963369475e+00,-2.988266769654169153e+00,-3.210463303233280108e+00,-4.248358870891095762e+00,-4.070961702549897865e+00,6.855117793709828433e+00,-3.580804378092601770e+00,-5.427311536407199100e+00,-4.601291432037607265e+00,-3.972517741086461385e+00,4.904971928014698612e+00,-5.608756629538847349e+00,-2.317469093300597915e+00,-6.428826088304413489e+00,7.955259170020576143e+00,1.069103250500887370e+01,-6.253051276175279227e+00,1.115193161270243394e+01,-8.987981666523467084e+00,1.171268661952737133e+01,1.173896653989324967e+01,-1.174648735806634825e+01
-4.997066066983786303e-01,-7.729296896770987413e-01,-1.319250838511272672e+00,1.922385288398619663e+00,5.663069904237438834e-01,-1.666390945896182307e+00,-1.511484694205134538e+00,-3.842031391125505513e-02,-3.104423171626245370e+00,-3.242348644128930424e+00,-3.024277334878158641e+00,-2.774164155512385932e+00,-5.667019711897135714e+00,6.647844151893578690e+00,-3.034298022407042161e+00,-4.531674565247336695e+00,6.914783849261558757e+00,8.765083915461328701e+00,4.900814399067860982e+00,-5.423731217786486702e+00,-5.736116831841727048e+00,1.014677858301864966e+01,1.012695633244756444e+01,-6.405420232444784645e+00,7.970021035560283629e+00,-7.092888466696304128e+00,-1.062609303445222508e+01,-9.060840441439786730e+00,-1.074267327859559629e+01,-1.324456924300300642e+01
4.667681292478603750e-01,-9.737604351822508608e-01,-1.346109981761313357e+00,1.932350276537363465e+00,1.944991376529159988e+00,-1.639114343452307443e+00,-1.704910476571704914e+00,-2.026118628332012062e-01,-2.663965613673716426e+00,4.418807603119354610e+00,-3.038546564176068276e+00,-4.205610909649053930e+00,-5.648649687514893714e+00,-2.900842883974449560e+00,7.128830771203070960e+00,-4.413230173300065395e+00,-6.660902613084204837e+00,8.666684448088956216e+00,9.291022565791152488e+00,-5.176165088226257538e+00,-5.903574452589547050e+00,-7.556385467558151880e+00,1.014023499964156372e+01,-5.447086057566958850e+00,1.235142846159890162e+01,-7.305005374202941937e+00,5.798423772115179453e+00,-9.024061965553011433e+00,-7.731901764229650809e+00,6.530707775338784771e+00
4.747956073490887108e-01,-9.675502316217960974e-01,1.448598940455254169e+00,-2.672015419269851977e-01,5.488429094608474612e-01,-1.654837313573128688e+00,3.207567246777048631e+00,2.985039349369710493e+00,-2.663516418382935846e+00,4.271517755332889799e+00,-3.128164745945027025e+00,1.822596930753140443e+00,-4.701934759371130923e+00,-3.161175417576695512e+00,7.356406393450374281e+00,-4.252908611262035343e+00,7.836993276761735849e+00,-3.380095373154793137e+00,-7.203830049987884898e+00,-8.841521044351765113e+00,-5.740256836916056038e+00,-6.940848556534336744e+00,1.031544461842610971e+01,-6.763258000465587116e+00,1.110085566430183768e+01,-8.004696014475710442e+00,-1.037331321608200518e+01,1.093328285255338983e+01,-7.927472745882424121e+00,5.732284652328910823e+00
4.833075823278135674e-01,8.690698303882667952e-01,1.263627976034408240e+00,-1.920772843445232914e+00,-2.179444269442607940e+00,2.598698137812788911e+00,-2.198560583360453791e+00,-1.197209429327956709e-01,-2.475169335544419535e+00,-2.742239654566283935e+00,4.317536974008944206e+00,-2.687714300390292355e+00,5.957743970631076635e+00,-3.940026514091570675e+00,-1.307132016329329183e+00,7.789242225754865245e+00,-5.571349171527559818e+00,-4.748693225909986992e+00,-5.955583005475096670e+00,-6.561699351037571404e+00,9.275446744751457473e+00,1.062842055711545086e+01,-7.289075635842193535e+00,-6.562045004876813969e+00,-5.507267455097968778e+00,1.194932534958349457e+01,7.465563117463116072e+00,-9.568771441147649881e+00,-7.871863474011346895e+00,-1.340355052257485191e+01
4.758943517954541957e-01,-9.666397044218880685e-01,1.443432818999096812e+00,1.877370615097376572e+00,5.383658847565852001e-01,-1.654539054886953409e+00,-1.991996809751504172e+00,3.111921050691854429e+00,-2.662218504292640286e+00,4.643184677774240043e+00,-3.038546564176068276e+00,-3.918758467941969137e+00,5.630212754855810076e+00,-2.695079111074694556e+00,7.356406393450374281e+00,-4.813726107509507912e+00,-7.207545467409272710e+00,8.603664839589898250e+00,-6.973322468793545781e+00,-9.068656864053124878e+00,-5.746866581978127719e+00,-8.005701851700848692e+00,1.020966485570011528e+01,-6.759444683721917535e+00,1.238853883379806931e+01,-7.662176926858979442e+00,8.464882301895563899e+00,1.127339447557673857e+01,-7.733407981110687501e+00,6.575307025751821577e+00
4.833589983044945804e-01,8.862701853462413570e-01,1.263627976034408240e+00,-1.758573036559077485e+00,-1.551022172438389468e+00,-1.724956766233258554e+00,-2.371742898358310203e+00,3.045009523392909756e+00,-2.332570541827352351e+00,-2.608396359825961408e+00,-2.848942993158575909e+00,-3.363607681738446598e+00,-5.359041353793307039e+00,8.371908141399260206e-01,-5.096272521670668354e-01,6.115397587685305503e+00,-6.763446543357598983e+00,-4.748693225909986992e+00,-5.480644186833940168e+00,-7.779257979870070727e+00,9.400196514816256510e+00,-5.646606326959227928e+00,-7.852254992115520693e+00,-6.773321525252367969e+00,-5.923743612404432923e+00,1.245663254628112782e+01,-9.234376383869996374e+00,-9.138560778009990671e+00,-7.871863474011346895e+00,-1.330350019531549677e+01
4.924235718036176213e-01,-9.878044369575619266e-01,-3.264981948453821725e-01,1.883712028593421017e+00,1.953533860282964607e+00,-1.639301828577129694e+00,-2.489438908042025389e+00,4.440102163163861526e-02,-3.177192542136010545e+00,4.552468209975018887e+00,-3.769294855357184559e+00,-3.846622428519086867e+00,-5.834979460202030843e+00,-2.601553550787501390e+00,6.675508262604795462e+00,-4.629521821790641312e+00,-6.760070912394676057e+00,7.424902161917470877e+00,4.453864741689825379e+00,8.902086457868524150e+00,-5.927298290537963865e+00,-7.534987209184503598e+00,-7.690704229094045274e+00,1.110319441706143273e+01,1.246634620099476898e+01,-8.310688905407989324e+00,-9.414017921975316838e+00,-9.984037831720049994e+00,-7.867487526292586963e+00,6.942258959852106059e+00
-4.998367413261377568e-01,9.652298273793787908e-01,1.312456620584423028e+00,-1.947449603432102494e+00,-1.234236794529177006e+00,-1.268378672767105808e+00,-1.617286451961335469e+00,-3.396729862321191007e+00,-3.166087263322765466e+00,-4.192604479957635633e+00,-5.231231385015007618e+00,-3.728225006805553576e+00,-4.114019020824136064e+00,5.799971587968167697e+00,-1.427753141894496425e+00,-6.053348396378563478e+00,7.882133743615322707e+00,-4.777843488899431890e+00,-6.861667211000518130e+00,-6.234855538009805187e+00,-7.836518413134785810e+00,-8.437901861002711001e+00,-6.475222031851876281e+00,1.032580707561361066e+01,-5.953203363385011215e+00,-8.471629657715935124e+00,6.597089871826503860e+00,-9.677147469595917428e+00,-8.078622648641971438e+00,-1.244456033832182484e+01
-4.725810686304378061e-01,-8.888615708506384383e-01,1.238629910163679071e+00,-1.979036860776846929e+00,1.198515055597431989e+00,-1.728423461815246753e+00,3.149926106747440890e+00,1.567106192551224186e-01,-2.478468870318363493e+00,3.780545708100162550e+00,-3.099531106078482257e+00,-5.124193583261223317e+00,-4.422011619451243547e+00,-3.907663558850898333e+00,-1.088006139086355351e+00,-3.829919178792170698e+00,7.117447578401915997e+00,-3.748384965835609428e+00,-7.534489446590226791e+00,-1.536253889786850291e+00,-6.833868234053999124e+00,-6.441673684418979917e+00,6.969454705593673083e+00,-5.853757398436005843e+00,2.156198168748283628e+00,-7.531089325370304621e+00,8.020260338696878932e+00,-6.636766799036196929e+00,5.054114417415661364e+00,-7.879871135775670332e+00
4.757650732394284598e-01,-9.675502316217960974e-01,-1.291914399055734242e+00,-2.672015419269851977e-01,7.068397086037552235e-01,-1.651874330980912742e+00,2.174470038673013139e+00,2.848929890161662648e+00,-3.488815363738148712e+00,-3.004916406145536900e+00,-3.128164745945027025e+00,1.822596930753140443e+00,6.109044055078980406e+00,-3.161175417576695512e+00,7.356406393450374281e+00,-4.532578965666488102e+00,-6.812008111130700705e+00,8.839707357626494399e+00,-7.203830049987884898e+00,-8.976641345912282688e+00,-5.740256836916056038e+00,-7.824178176236499027e+00,1.089472749238031746e+01,-6.763258000465587116e+00,1.110085566430183768e+01,-7.536967673965523140e+00,7.422271465676223201e+00,1.125982925474639984e+01,-8.033022845274309987e+00,-8.828284664916377977e+00
4.928106513959614188e-01,9.937973275656371008e-01,-1.126074002578543842e+00,-1.947397698472609573e+00,5.929322700542900559e-01,-1.782418357142504739e+00,-1.647147938212610629e+00,-3.830279605556206057e+00,-3.118385121924716508e+00,-2.870196905682290911e+00,-3.741469203710506175e+00,2.229719272426595289e+00,-3.034343700469466221e+00,-3.339052754459815198e+00,-8.076088354586735685e-01,-6.074428637114778873e+00,7.832739633663389434e+00,-3.808848255517963466e+00,5.908029620762627054e+00,9.978301787717757776e+00,-8.978586935908213107e+00,-6.625367208751519854e+00,-1.060925203171571063e+01,-4.908111025643530745e+00,1.941438576682684491e+00,-7.538323394041917425e+00,9.380108197049201735e+00,-8.932637115961055585e+00,-1.096767785349624624e+01,-1.212539636129668885e+01
4.279706997317379580e-01,-9.455067638873149161e-01,1.333834227184774290e+00,-1.785225559725333255e+00,-1.188695121646212716e+00,2.754251315405516376e+00,-1.750969667192973978e+00,-2.296949937916960671e+00,-2.327596842113507369e-01,-2.984189222669111352e+00,5.411838301827020636e+00,-2.733532859226562639e+00,5.771608128091086698e+00,-5.133514732996053098e+00,-4.140829293330044791e+00,6.364086951093591793e+00,-5.605059925043118341e+00,-6.142988712560288889e+00,3.708468547606666554e+00,-5.659502280640828609e+00,8.772921555091041768e+00,-6.332044394916924723e+00,-8.727574508861808411e+00,-6.634622648823278901e+00,-5.510941871403693071e+00,1.182514222337803567e+01,-9.365085294048087761e+00,1.297934652065036865e+01,-7.869570866010816346e+00,-1.229943863841216611e+01
4.928106513959614188e-01,9.937973275656371008e-01,-1.124008964186695492e+00,-1.950733035769495860e+00,5.929322700542900559e-01,-1.892301496335531352e+00,3.385396666510576580e+00,-2.180966842957353879e+00,-2.506461913393133401e+00,4.063081851039155978e+00,4.732690019319406360e+00,-2.662627596362445725e+00,-4.219869620329630422e+00,-3.745284474467834634e+00,-1.424184798761567450e+00,-6.074428637114778873e+00,-5.871939843547668403e+00,-4.428525255242374392e+00,6.073417924684015645e+00,-5.653488706563365440e+00,-5.595744876212076058e+00,9.941595888522357427e+00,-7.815140104804005894e+00,-3.328635162199462982e+00,-6.514341164758726599e+00,-7.538323394041917425e+00,1.022938772517833250e+01,-8.653228558376413915e+00,-1.013456078842810548e+01,-1.330927542402555908e+01
4.395639319653217303e-01,7.888289964089292283e-01,1.492334928768053626e+00,-4.060120575559216238e-01,1.072512710049432716e+00,2.900083548686939849e+00,-1.904114767724305768e+00,3.202933664202816999e+00,-3.401653338613394251e+00,-2.912561043280014417e+00,4.203607987775178856e+00,-3.471503744767610034e+00,5.816669104533650270e+00,-5.022458736726258088e+00,6.994778741061134397e+00,-4.741903085289024489e+00,-4.685627901304487253e+00,8.967408610644213240e+00,-5.441751608635878590e+00,-6.363389500851990732e+00,9.895625113236430792e+00,-6.400937422422324552e+00,1.066858403103325514e+01,-6.679359843734316016e+00,-5.603597357210462704e+00,1.216817189704082303e+01,-7.189352442645839503e+00,1.083355477623864438e+01,-7.801504352824216504e+00,-1.292110145877490623e+01
4.844846651273155835e-01,9.533457575555195351e-01,1.222560391572174332e+00,-2.275072989182482797e-01,1.964677522222892936e+00,-1.637647330143838120e+00,3.496071017924593072e+00,-1.457405762533466875e-01,-2.660971912155877472e+00,-3.488672000752162106e+00,-5.169839591754083585e+00,2.452602601044101771e+00,-3.712190843327245471e+00,-2.992251854285828294e+00,7.277442377737612489e+00,-6.035704735474538118e+00,7.848807562583973052e+00,-3.487965490712895633e+00,-5.593091053729431827e+00,-6.229880561477973089e+00,-9.293745850972188194e+00,1.041290296452542208e+01,-1.023040325507231429e+01,-6.269373593921557131e+00,1.096939980663229974e+01,-7.480123064147933043e+00,7.647308004007266291e+00,-8.574120785713208903e+00,-8.105463301820861943e+00,-1.141354757888412408e+01
4.942076305054118324e-01,9.530444106388812342e-01,-1.165012810563808898e+00,-1.886274099139200189e+00,1.763679696024054167e-01,-1.668000446789708713e+00,3.491434532119131351e+00,2.894636685158715306e+00,-2.502716993573175674e+00,-4.162733551670902088e+00,-5.242796691678428544e+00,2.341549972878151031e+00,4.679858806625402323e+00,-3.982845212028535364e+00,-1.445966346399238045e+00,5.706833745801188407e+00,7.807785298149788389e+00,-4.441185094709600989e+00,-5.454263478065067616e+00,-6.483331934447750022e+00,-9.306234240516042533e+00,-4.382174557831556960e+00,9.503828990217664696e+00,-6.234521681331242959e+00,-5.859490583596553392e+00,-7.916422514096631780e+00,6.681055800434668512e+00,-7.656824706196484698e+00,-8.053699721873023520e+00,-1.244209779233691826e+01
4.354437607730594628e-01,7.838764909016870952e-01,-7.137571572323611058e-01,-2.671332176872173725e-01,1.386452547189077400e+00,-1.705273334743783842e+00,3.256508048946081146e+00,1.558788833184815648e+00,-2.661538402022826766e+00,4.841147336500956300e+00,-3.539264132512913719e+00,-3.943462871335246867e+00,-3.222094487134889107e+00,-3.951057851004877719e+00,7.133189817168998914e+00,-7.095855918588318545e+00,-7.192363097695620766e+00,-3.500279305531771357e+00,-5.889105438136839510e+00,9.294597506833568445e+00,-6.985170048829080436e+00,-6.929945371120659559e+00,-1.023014155208034914e+01,-6.893102556807530590e+00,1.163483345581956918e+01,-7.512022468072018455e+00,7.783819277553605254e+00,-6.244207234501521597e+00,-8.070858704968749464e+00,-1.257498091080223190e+01
3.715137147069083046e-01,-9.487022088695796773e-01,1.498622637252724266e+00,1.486565162939577522e+00,1.203470576430949013e+00,-1.361285073189095307e+00,-1.920683543823014539e+00,-2.315448047622815864e+00,-3.359733468818393742e+00,-4.261233210214530942e+00,4.363131613241525208e+00,-3.344442911344370550e+00,5.712481157891174277e+00,5.735020096425548886e+00,7.210827273133637583e+00,7.060458431915025201e+00,-4.745247411308547214e+00,-2.938332298515585528e+00,-5.653888056933173090e+00,-7.329333189398052006e+00,8.342931448003467310e+00,-6.081115974817993042e+00,8.162927751430981260e+00,-3.632515198496681474e+00,2.034214278651642616e+00,1.169997311352208413e+01,-7.537769685217655002e+00,-9.351475879068908981e+00,-1.259839900364126564e+01,-1.301527382427276081e+01
4.984019894721526955e-01,-7.889065701352336868e-01,1.453153403350522899e+00,-1.944571907278831668e+00,-2.209253588745256458e+00,2.882334885214542286e+00,-2.254353173946794797e+00,2.975917953544963357e+00,-2.679179275276707184e+00,-3.695254137173189068e+00,5.000056514923409523e+00,-4.162561906802467959e+00,4.957039197755165105e+00,-3.944539784784300007e+00,-6.178545965031989606e-01,6.754326777525812453e+00,8.283996087431285460e+00,-2.997389585560843450e+00,-5.444567390813076280e+00,-5.271460642233152250e+00,1.016150744067459222e+01,-6.131695052202274177e+00,-7.897536572390425391e+00,-6.770423751940196411e+00,-7.167663587367313127e+00,1.289198651296887377e+01,-1.180702452396394619e+01,-6.459552130195928221e+00,-7.253483556555000433e+00,-1.169956642176581418e+01
4.969160001455182329e-01,9.382097755577464282e-01,1.329192264244133614e+00,-1.806617167451485706e+00,-2.106207258264907178e+00,2.934948904974770567e+00,-2.234607286124020931e+00,-2.475187151934613361e+00,-2.682669204151414633e+00,3.958105260026354433e+00,5.312275321974343711e+00,-3.559945871695050279e+00,-3.903102210632524827e+00,-3.964282505928060640e+00,6.367065254134598007e+00,7.983377539867992922e+00,8.095568183188724731e+00,-4.855470100789450960e+00,-5.983754595410598398e+00,-4.914915871257498736e+00,1.022595699336426200e+01,-6.128247875649022625e+00,-7.195496755676285439e+00,-5.526283834051938904e+00,-7.147310116025645144e+00,1.274666744918789085e+01,-9.365085294048087761e+00,-7.323256618863122291e+00,-7.274077744612313268e+00,-1.322915944282043199e+01
-4.699983246863528863e-01,-9.962408706889900323e-01,1.199545037053450169e+00,1.632532560529786458e+00,1.205668422535127293e+00,-1.671653335126242812e+00,-1.741086047157269556e+00,3.348385151720203012e+00,-2.644931580426959083e+00,-2.895344630927375817e+00,-3.041564622640113846e+00,-4.212304775358442832e+00,5.892773341321677627e+00,-5.684656171511353939e+00,7.245232954536417580e+00,-4.457230505995686265e+00,-4.119245688623276003e+00,6.592968198778057065e+00,2.286129762445037183e+00,-8.325043722518071121e+00,-6.093982569381939385e+00,-6.334366987579573838e+00,1.092437974202692352e+01,-7.744404189236296254e+00,9.316791294662218448e+00,-7.253090699140945397e+00,-7.665871210668103508e+00,1.097864860646362395e+01,-9.637543582712636336e+00,6.161887994549313241e+00
-4.844380920887708664e-01,-9.136566229840625830e-01,1.221186304777802212e+00,-1.990663963403774162e+00,-1.390573619477007083e+00,-1.686438663397402227e+00,-1.439263253116971120e+00,3.353311745704977032e+00,-3.561166603934101449e+00,-2.809399345812832571e+00,-4.873226846145674251e+00,-4.341873322766690357e+00,5.984779779479434403e+00,-5.555322772949416787e+00,-4.306436865143649761e+00,-4.739932657690845375e+00,-4.062000214073218096e+00,7.182153489724600881e+00,2.246455471684818406e+00,-5.546668091876570728e+00,-6.096681784795079828e+00,-4.452403285944208200e+00,-1.063920733558661702e+01,-7.749948626483291747e+00,-7.095098363149316079e+00,-8.367971106184128871e+00,7.157521094749150770e+00,-9.686277735917599330e+00,-7.960454967490507627e+00,-8.477509684258707878e+00
-4.968285857173518338e-01,8.696687701708527563e-01,1.301909867394526632e+00,1.685731199780230227e+00,1.202483903438489543e+00,-1.763696600638032130e+00,-1.605409015107096549e+00,2.852837958322072431e+00,-3.359869744471303488e+00,-3.451849655798318040e+00,-3.860134905340605993e+00,-2.561631786389346743e+00,-3.680964797426083290e+00,6.740524263425086815e+00,6.210979155573753907e+00,6.281576427746418112e+00,-4.172308613378867825e+00,-3.509155796010059003e+00,-3.682903940031689860e+00,-6.585557005379679474e+00,-7.201767190701998445e+00,-6.329449412298737698e+00,-6.714655407376748819e+00,1.038274883628812262e+01,-5.943588650918724348e+00,-7.296023193525764228e+00,-7.906832732666764230e+00,-7.815968026764665844e+00,9.334775746378086936e+00,1.819943108224887141e+00
-4.998367413261377568e-01,8.636941474962089860e-01,1.302853230754117853e+00,-1.944807799391718328e+00,1.207254633160629975e+00,2.888308273792544068e+00,-2.569145230097106491e+00,-2.227424301743303747e+00,-3.354251630860638933e+00,-3.394758424173095701e+00,-4.830532464304579499e+00,-3.312390057264790411e+00,-3.687961323602495511e+00,-4.116457031193478500e+00,6.229057557825161240e+00,6.495290427394193600e+00,7.882133743615322707e+00,-5.058280485220835843e+00,-5.475402850678046995e+00,-6.514829844422074245e+00,-5.176943112256078727e+00,1.002520139552421341e+01,-6.404724143743653286e+00,1.167339800373499870e+01,-5.992022587359287833e+00,-7.480817376280093356e+00,-1.174186820479261506e+01,-7.840174315420898488e+00,-8.038560804028078266e+00,-1.082023732184723563e+01
4.915374441512416759e-01,7.678696872389405570e-01,1.397246080684024783e+00,-1.743722600675020606e-01,1.881812030374984568e+00,-1.763504997364801152e+00,-1.931873413254442617e+00,3.008930357876085093e-01,-2.671491828878531205e+00,-4.034225372788216468e+00,-3.373098065380438548e+00,-4.060142901045679764e+00,-6.390784313672234873e+00,-3.043435736123982327e+00,6.911904948869715071e+00,-7.241036107645766329e+00,-5.084849271375531110e+00,-3.087034253317913368e+00,4.341011452835552120e+00,8.407587563347034276e+00,7.031481517703818795e+00,-8.578713955582431439e+00,-9.739446606542616180e+00,-4.208582858213871347e+00,9.867670340278037244e+00,-8.615848489548891820e+00,-1.196158418244072585e+01,-7.939321982724735882e+00,-7.055158023339436646e+00,-1.263199909757467765e+01
4.908885260537304007e-01,9.639908488120216834e-01,-1.126095123671650988e+00,-1.851080482700813157e-01,1.168449104912719694e+00,-1.553481148345118079e+00,3.450212310793428383e+00,3.594356286540434375e-01,-2.611130078678266742e+00,-2.756722347343531609e+00,-4.962033487361472872e+00,2.517018123868152379e+00,-3.371306994539168045e+00,-3.013523881495445256e+00,-5.112586843780204227e+00,-4.751273855914751820e+00,8.071370928416857993e+00,-3.188658663569513330e+00,-5.158498788774977584e+00,9.233888731996191979e+00,-5.781764901022290459e+00,1.038043496225481199e+01,-1.019147231248997443e+01,-7.719644822563658693e+00,9.801092898464872860e+00,-7.981661948348673263e+00,7.412734870785166130e+00,-7.319833205158525757e+00,-8.127655309644600479e+00,-1.240635593788987201e+01
-4.921165861561658805e-01,-9.469616536670263374e-01,1.478973586727792888e+00,1.455900259039991429e+00,-2.448215216352305212e+00,-1.466651368909954734e+00,-1.949237120330550965e+00,-2.373995771955835110e+00,-3.279536227135836590e+00,4.469980080003150391e+00,4.414855140308292292e+00,-3.348363621946429447e+00,-3.687028867071732385e+00,5.409197296512711972e+00,-2.677040861988403186e+00,-7.704091190199315875e+00,-4.732899615081828770e+00,-3.082363169393268709e+00,-7.304063689711144391e+00,-5.718641734851222402e+00,4.231172957706304416e+00,-5.488439211776226401e+00,-9.849684931082066441e+00,-6.685498670135505250e+00,1.200844285932236133e+01,-6.861794240293657587e+00,-7.704540088630642103e+00,-9.362383966955292181e+00,9.174893023992503061e+00,-1.301527382427276081e+01
-4.998367413261377568e-01,9.356922760666304129e-01,1.430165383841527582e+00,-1.941378113191884802e+00,1.146687638707944545e+00,2.767970737196620234e+00,-2.230267221145076029e+00,-2.226911421727104212e+00,-3.250163665854068906e+00,4.270881504818643037e+00,3.942943756223476370e+00,-2.903867341390611756e+00,-3.687961323602495511e+00,-3.349327864038091906e+00,6.167562924697834958e+00,6.495290427394193600e+00,8.028868782365542245e+00,-5.050255611186875271e+00,-5.597817261280320977e+00,-6.286958250618806865e+00,-5.936278072736089761e+00,-6.590898269736543469e+00,-6.407502103548631034e+00,1.149885461997160085e+01,1.202205685142731184e+01,-7.480817376280093356e+00,-1.173139737503402458e+01,-7.816217292762548396e+00,-8.041419886959962682e+00,-1.252458263789495518e+01
4.996708855273292449e-01,8.995535464823670724e-01,-1.472438883536871135e+00,1.169841241374888208e+00,1.559875179317726346e+00,2.947345720396536528e+00,2.811356266873411336e+00,1.363020879677615760e+00,-2.497154843153441828e+00,-2.752258738698046159e+00,-3.479491623653104604e+00,-4.013025199115548780e+00,5.751800662669911191e+00,-3.953219281694041687e+00,-3.263920343571657057e+00,7.981865602921521585e+00,-6.162497151614464208e+00,6.042581672296313045e+00,-5.313486313910805059e+00,-5.235542641387115559e+00,-9.392603859010144163e+00,-6.167682743345187291e+00,-7.849629799148521769e+00,-6.711276483589406538e+00,-4.866043486533598639e+00,-7.311313652969815280e+00,-9.857422442694893761e+00,-7.651849791630942477e+00,-8.070898344666762370e+00,-1.254344178624795525e+01
-4.712155690292211818e-01,-9.962408706889900323e-01,-1.474873164623712096e+00,1.632532560529786458e+00,1.293612449284978094e+00,-1.671653335126242812e+00,2.964531234760760636e+00,3.261222319026956917e+00,-2.683658721506204881e+00,-3.553753295892186692e+00,-3.049382513913787562e+00,-4.212304775358442832e+00,5.564650096139349245e+00,-5.684656171511353939e+00,7.245232954536417580e+00,-4.457230505995686265e+00,-3.918009240761394452e+00,6.592968198778057065e+00,4.348694292654105453e+00,-6.071997020600476525e+00,-5.842972984826787730e+00,-6.334366987579573838e+00,1.093223433838049985e+01,-8.713880018979867970e+00,-7.763780507329149927e+00,-7.253160974779248704e+00,-7.672821883585381642e+00,1.096545921728091066e+01,-9.636153219293142058e+00,6.161887994549313241e+00
4.915956354789302041e-01,9.330115106572232087e-01,-1.487774676639193494e+00,-1.286979157005429641e+00,-1.736602176891590243e+00,-1.561677612963805029e+00,3.139444655546190344e+00,4.073490764160900834e-01,-2.684143219070552089e+00,3.959430917916869852e+00,-3.049276996601276046e+00,2.467093323626401435e+00,-2.851077301490271498e+00,-3.963057509817139223e+00,-3.050838204641939999e+00,5.468909354188641103e+00,8.257809672891120556e+00,7.194267813371620690e+00,-6.104011949729112985e+00,-5.927029830352266160e+00,-5.840623028470557365e+00,1.056394422104635744e+01,-9.590666312421255668e+00,-6.325933050278681691e+00,-8.429548193596879457e+00,-9.211921006628877251e+00,1.131952198301512880e+01,1.122812626510122769e+01,-8.284917050594415855e+00,-1.241271479980435188e+01
4.948027314894566930e-01,-9.010008471736237201e-01,1.481970933624908060e+00,-1.823597823061181789e+00,-1.722478473539704069e+00,2.483521848582221470e+00,-2.463770068474557817e+00,3.510734814436414553e+00,-2.714730346952944906e+00,-2.952616334164666956e+00,-3.060239744028102393e+00,-4.384080144164892445e+00,6.308741658855083756e+00,-3.890490046125540946e+00,-3.177948599289926346e+00,5.216338716156315058e+00,4.887309573037031285e+00,7.195308367137475791e+00,-6.074383287738664983e+00,-7.954961581941985216e+00,8.360216812636126704e+00,-6.421939475690091825e+00,1.149222489887202769e+01,-6.296685792301282447e+00,-7.991898131836892460e+00,-6.924944046331378722e+00,1.087596140949037959e+01,1.172671941769155168e+01,-7.884262205846573224e+00,-1.240721634081690183e+01
4.995191988119950799e-01,9.485185166325404982e-01,-1.090795252710715868e+00,1.493575858440216564e+00,1.242937009729080833e+00,-1.635137055427182240e+00,2.821250084385209522e+00,4.313758843606620985e-01,-2.683213026092130526e+00,4.877461039344220595e+00,-5.347877308275558406e+00,2.517018123868152379e+00,-2.945220285828807683e+00,-3.013523881495445256e+00,7.116919373540344651e+00,-7.396667019606288918e+00,7.983680659722408812e+00,-2.696574241205668354e+00,-5.158498788774977584e+00,9.232057838700065133e+00,-5.781135571424091069e+00,9.628334175161114672e+00,-8.876118081577338614e+00,-6.065580422524888604e+00,9.801092898464872860e+00,-7.981661948348673263e+00,7.519331307053438884e+00,-8.109982284412014408e+00,-8.134866643212015802e+00,-1.240499827091984031e+01
-4.475075621538044390e-01,6.786283928531207099e-01,1.492488145935517041e+00,-1.965336164875590486e+00,9.138890886968233929e-01,-1.489652756505801534e+00,-1.169963415334479784e+00,-2.373871487367400945e+00,-2.599080226462625376e+00,-3.879693671076613892e+00,5.205091105622249970e+00,-4.013497538266278752e+00,-2.841810818783067738e+00,5.435914965510145080e+00,-2.776653352770816596e+00,6.627646769666699633e+00,-4.018007926197082469e+00,-3.823398793102102289e+00,6.815130185204473889e+00,-5.692161669636226939e+00,7.099011579679219253e+00,-6.282404010867695732e+00,-9.380100417559967596e+00,1.189497940853552649e+01,-3.967934720653142122e+00,-7.652840880507810972e+00,-9.795192094219462575e+00,-8.118786443921811369e+00,1.345398674957663587e+01,-1.264300255041816001e+01
4.998686550800969797e-01,8.995608216836475934e-01,-1.399421662254608956e+00,1.083980095677116395e+00,1.694288124549296226e+00,2.942262557655168642e+00,-2.283612200559087313e+00,-2.254827563533917889e+00,-2.527318995582124916e+00,-4.845916411531012713e+00,5.122772776912590587e+00,-4.565238865901593890e+00,-3.418614015898504999e+00,-3.978189089751396068e+00,-3.136151692771346866e+00,7.988270683135935357e+00,-4.656261270043905220e+00,-2.764068894219095185e+00,-5.264976022942364331e+00,-6.254466450073639550e+00,1.027277444853970145e+01,-6.344471288696333033e+00,-5.895555947983687872e+00,-6.666030693539807928e+00,-6.945810540356299967e+00,1.274976952683629960e+01,-9.870097987245236126e+00,-6.582686079038730043e+00,-5.602739430085308392e+00,-1.254779247992412117e+01
-4.921165861561658805e-01,-8.883271406622451627e-01,1.499028005271796582e+00,1.587654931433701400e+00,1.202607246434962862e+00,2.987816057880641196e+00,-1.967396828352465876e+00,-2.345495923933081261e+00,-3.279536227135836590e+00,4.469980080003150391e+00,4.348881109286759639e+00,-3.348363621946429447e+00,-3.422160488747487683e+00,-3.854380489698042922e+00,-2.749669960713314598e+00,6.568963177509616891e+00,-4.733183170439092535e+00,-3.077412614696975357e+00,-6.779845033686242139e+00,-5.727079220180907093e+00,-7.233934716951591959e+00,-6.081366625997767450e+00,-1.131977494733656364e+01,-3.632515198496681474e+00,1.200848508090543021e+01,-6.871592943849267776e+00,-7.537769685217655002e+00,-9.362383966955292181e+00,9.174893023992503061e+00,-1.254662430873828249e+01
-4.998367413261377568e-01,9.368251296916887405e-01,1.430165383841527582e+00,-1.941378113191884802e+00,1.141565811752256243e+00,-1.744482194947066578e+00,-2.230267221145076029e+00,-2.226911421727104212e+00,-3.250163665854068906e+00,4.269080779962395766e+00,3.950522570702051706e+00,-2.903867341390611756e+00,-3.687961323602495511e+00,-3.349327864038091906e+00,6.977971139574398407e+00,6.436960432715514990e+00,-4.016701477423135103e+00,-5.050200118400487881e+00,-5.565797147162732550e+00,8.812164682215634315e+00,-5.937285340736993433e+00,-6.590898269736543469e+00,-6.407502103548631034e+00,1.149885461997160085e+01,1.202205685142731184e+01,-8.677783066181570248e+00,6.051182966076243730e+00,-8.337349496601605736e+00,-8.041419886959962682e+00,-1.285144922693785929e+01
4.829087301858322467e-01,9.625829358046342765e-01,1.380560925577485998e+00,-1.991647672992339801e+00,-2.461813095461076184e+00,2.783653042037680159e+00,-2.053449920893795966e+00,-2.345146380133511954e+00,-2.526023842550371157e+00,-4.965736485389977695e+00,5.423039215401659341e+00,-4.190715350804127048e+00,-3.795179451922246372e+00,-3.061281762885076141e+00,-2.521058997108496236e+00,7.989223350670831003e+00,-4.632441006719073329e+00,7.480294436025621607e+00,-5.024449263566934221e+00,-6.330550602949458927e+00,7.100878470701230682e+00,-6.347048992808288936e+00,-1.022034818374265441e+01,-8.786151226641200296e+00,-7.036320244671408375e+00,1.273384466827942774e+01,-8.984768818278539015e+00,-6.743000723388274054e+00,1.026473976480238193e+01,-1.263126856900194994e+01
4.916239697730784286e-01,-8.555861815024599082e-01,-1.487774676639193494e+00,-1.934785333215384817e+00,-1.734772771608091846e+00,-1.424771446520456841e+00,3.097600900996464013e+00,3.186216919837942529e-01,-2.684143219070552089e+00,4.004404596675888328e+00,-2.683130935783936355e+00,2.467666611027159895e+00,5.437657828730301901e+00,-4.212294897112970560e+00,-3.050838204641939999e+00,7.278201506693350531e+00,8.257809672891120556e+00,7.194267813371620690e+00,-5.097354038323599568e+00,-8.186142147537724512e+00,-5.775327490906052574e+00,1.067003322025724366e+01,-1.041136276402143501e+01,-6.325933050278681691e+00,-8.429548193596879457e+00,-9.211921006628877251e+00,1.131952198301512880e+01,1.170314632016165746e+01,-8.284917050594415855e+00,-1.236164788698686579e+01
