-3.897510637202660777e-01,9.485415909789552957e-01,2.141722851726528265e-02,-1.785763871368311051e+00,-9.742026791788174211e-01,2.808691057222938436e+00,3.263925111305775673e+00,-2.554411877047324531e+00,-2.675847017415029505e+00,3.238875665228388545e+00,5.282145112640090012e+00,4.619953805789427825e+00,-2.372028867979769640e+00,-2.035273740909225637e+00,6.746422606000443523e+00,7.822494654838080486e+00,8.000666066830481427e+00,-6.871194322224607021e+00,-5.985492664664731954e+00,9.117421114682159100e+00,9.929958326459439988e+00,9.435882469676544204e+00,-4.576232366572645205e+00,-6.593724080409316457e+00,-8.087697616395594480e+00,1.282309141157463728e+01,1.349501492441494399e+01,-3.579616586656932498e+00,-8.241194422696516142e+00,-4.786006334208096291e+00
4.277570300342700138e-01,4.202900422040953821e-01,-1.479499350383981726e+00,1.885666449825534885e+00,-7.551811908390700934e-01,-2.198339032328203047e+00,3.143351128332048994e+00,3.944394994665771037e+00,-2.482677189159547826e+00,3.939055823269934642e+00,-4.683367191260889406e+00,-9.513752841903957425e-01,6.152351060616579659e+00,3.719918501279871670e+00,-2.261396528440209330e+00,-7.665281626429766071e+00,-5.128856324879622619e+00,7.457925126583207387e+00,9.195491221145775995e+00,-5.929851385154020882e+00,5.969038475493322338e+00,1.060949371309959943e+01,1.110088421072639520e+01,-5.941927986379604398e+00,-1.077991834924002390e+01,-7.395138562927846770e+00,1.282605922927138664e+01,1.280304365772110131e+01,-6.104003588562409099e+00,4.354142729422035174e+00
3.960538481813287714e-01,9.984178871026673230e-01,-9.713890402402890478e-01,1.882512192422110875e+00,-2.080364501227061513e+00,2.572257356607527523e+00,3.497852721816959942e+00,-2.626181345403085565e+00,-9.237882621477977452e-01,-2.236226647600212836e+00,-3.182292644129000259e+00,5.896061714210917515e+00,5.923391697978844128e+00,-3.530344628060806400e+00,-1.163629642336824199e+00,-5.364888249393748865e+00,8.172123302400690292e+00,8.322599223435501514e+00,5.959228519690014991e+00,9.861678972339433358e+00,-4.861616915989389831e+00,1.094563437562533537e+01,1.023441395395917652e+01,-6.205009938400199765e+00,-1.083786237064847136e+01,-7.280663849797587517e+00,1.338777338343932044e+01,-5.426041589313385316e+00,-8.371772670209759681e+00,2.250916632643757520e+00
-4.480803888956909065e-01,9.941808342188427350e-01,1.479403983450565008e+00,1.936700435452419100e+00,-2.140317653633279082e+00,-1.934135784342999820e+00,3.495681748373018483e+00,-2.835184987740489326e+00,-2.654555199071655380e+00,-2.673385310431926953e+00,-2.370286089456621337e+00,5.805549446045714213e+00,-1.779054332435345609e+00,6.762268617524956227e+00,5.701168916937213282e+00,-5.945490314687741140e+00,8.472854406939882566e+00,7.456795474428603576e+00,8.947991089074552207e+00,-6.048106127370213692e+00,8.260738827952557983e+00,1.096818752906710337e+01,-6.946333825513814730e+00,-6.672763274632453445e+00,-1.188655922236914186e+01,-7.544823354240863367e+00,1.342945399729067191e+01,-5.417931841963177675e+00,-8.979636699889683271e+00,-6.905188637859247081e+00
4.659512669965101272e-01,9.878364746339801661e-01,-7.069078821321130024e-02,-1.785759627837069763e+00,-1.070390272904235829e+00,2.962364390274928816e+00,3.498244729642295603e+00,-2.553085777267598999e+00,-2.657754228486600034e+00,-3.267162678148959998e+00,5.224037465912537925e+00,4.586133217708064258e+00,-2.372028867979769640e+00,-1.720287320092029004e+00,6.746422606000443523e+00,7.735950319808591047e+00,7.589081955925174761e+00,4.317746209862811213e+00,-6.192443146517820907e+00,9.117527602182136093e+00,9.838001377962573457e+00,1.019417959762823322e+01,-4.467362249435856469e+00,-6.593724080409316457e+00,-7.604116987292753649e+00,1.282309141157463728e+01,1.338318023272025314e+01,-5.934010976699430451e+00,-8.241194422696516142e+00,-4.785877295755083694e+00
-4.919180323571636926e-01,-9.889349263510507360e-01,1.235057524204777657e+00,1.738329318729545436e+00,-1.006082056799324942e+00,-2.128817461597201088e+00,3.405305024300162575e+00,3.994900568816714959e+00,-2.421056577706091950e+00,-2.096876760788611183e+00,-2.626683140878787182e+00,4.703232987921400543e+00,6.456592935830088642e+00,3.776254195305052797e+00,-2.923164559555386788e+00,-3.923448057227682639e+00,-5.084041874276771900e+00,8.291310880240281733e+00,8.589984083577862251e+00,-3.652235857921690254e+00,-5.345301746413473332e+00,1.021000329789712602e+01,1.143722583141297910e+01,-7.036903215737899231e+00,-1.026122486526170974e+01,-7.261751461695555854e+00,-9.076423058933782428e+00,-4.507501274368229893e+00,-8.769615171692391797e+00,-4.280164162671256989e+00
2.891869140828551288e-01,8.709753138176581366e-01,-9.365947066400959198e-01,1.965531359151695856e+00,-2.098847577927975383e+00,2.526961957635673883e+00,3.336419484336688335e+00,-2.704942172063463435e+00,-6.469698076417019772e-01,4.934753934063150105e+00,-4.823203838251503228e+00,5.900607561993162165e+00,-4.082707969107862489e+00,6.555221725215560902e+00,5.681335209842801603e+00,4.515055661972088075e+00,7.691881938893801340e+00,-4.680202734166198475e+00,-4.940069771081804006e+00,-5.234466438819931788e+00,-5.030383012113542662e+00,1.016758256689412399e+01,-4.501096894929575321e+00,-2.629750890673308028e+00,-1.093309443780692369e+01,1.121335440551612095e+01,1.326163572702674287e+01,-7.596055552993718152e+00,-1.447991156413383607e+01,1.298126031053983098e+01
-4.159073914479982648e-01,4.201543600313402127e-01,1.220573775699005603e+00,1.891504663346205151e+00,-1.977739472244103736e+00,-1.128301925656556071e+00,3.327037931805341575e+00,-2.521192807149329695e+00,-2.903451815699519933e+00,3.020180783188336715e+00,-4.871224342451441203e+00,-9.354842654042039296e-01,6.156924992844778011e+00,-3.044136430614643452e+00,-2.479123542173033545e+00,-6.054562919449420377e+00,-5.145425739423030720e+00,4.480966745977397636e+00,5.568872998296924948e+00,-6.185630727039383103e+00,5.886715567686967354e+00,6.636462868456913355e+00,1.067097053743839830e+01,-2.912762843178471339e+00,-6.983981757920822098e+00,1.154418874665872430e+01,1.282711785154332595e+01,1.289792034003380650e+01,-8.240048598342733399e+00,1.230091159261244371e+01
-4.584806215092226411e-01,9.782067490439504409e-01,-8.923578185873647373e-01,-1.997024628755619924e+00,-1.996961252291303612e+00,2.960603378082407922e+00,3.491834534127403966e+00,-2.353519329349007982e+00,-2.655024965650812252e+00,4.700130919347362379e+00,5.230059651935979659e+00,5.478531875644645055e+00,-4.026721751158526708e+00,-4.304516936379052972e+00,5.700142754972667092e+00,5.726097448077640095e+00,8.403084756799222177e+00,-4.682834041062330144e+00,-5.162626438533168383e+00,-4.955238685022264278e+00,-4.898901535018904241e+00,1.087043542065355339e+01,-6.625112885654842465e+00,-3.183006011815405323e+00,-1.082883659876755900e+01,-1.175655343498333849e+01,1.347605833171315126e+01,-7.855436299398859568e+00,1.429539640880573259e+01,1.690939852172416824e+00
-4.995130241096953361e-01,9.673497421594958734e-01,1.251970853523676652e+00,-1.911096401055097482e+00,-1.426359985168692335e+00,-1.834832927037294281e+00,3.498367136388994325e+00,-2.702049414803501470e+00,-5.627193177458995610e-01,-2.802127021552849762e+00,-4.922465384598529781e+00,5.573372535538322126e+00,-3.896610343318054337e+00,-2.026101440550970967e+00,-4.117925902532685534e+00,-3.931428894513088856e+00,8.475473128587498906e+00,7.327910896464001844e+00,8.975426111211275426e+00,-5.554688596500270137e+00,8.314615743027477635e+00,1.027635987512837090e+01,-5.144871068570355810e+00,-5.959102323781103827e+00,-6.986532290684744240e+00,1.171615008162740601e+01,1.194648623816340738e+01,1.383823460710787145e+01,-1.135268583901090977e+01,-8.666143838661062304e+00
3.169833423246030679e-01,9.816204723484605044e-01,-1.117542224712840149e+00,1.898657311972365758e+00,-1.105904638655944794e+00,2.717126727354847393e+00,3.497904066637071985e+00,-2.600898887213606514e+00,-2.668431502701469338e+00,4.210057231109360032e+00,-4.961591573650470544e+00,5.926092657521286888e+00,-4.166368970638689717e+00,5.299475122530842519e+00,6.259658628180440942e+00,6.931730977581171516e+00,-4.146702267906610118e+00,-4.068103427200165711e+00,9.314257460133333666e+00,-5.220807054573851858e+00,6.499089203646569501e+00,9.834667725646770720e+00,-4.581358469199668271e+00,-4.879495544779902438e+00,-8.451260814271901012e+00,1.252481770229883296e+01,1.338197070635498775e+01,-7.785783720028405241e+00,-7.972772137082612787e+00,4.359754957329386116e+00
-3.951768734727676979e-01,9.966109068453744557e-01,1.415026815951578865e+00,-1.888164969414451999e+00,-1.799975159693141036e+00,2.866020921871804905e+00,3.217464369302014404e+00,-2.848630530181362364e+00,-2.656962792105618032e+00,-2.673634913170564342e+00,5.394723571926649974e+00,5.814621062220694192e+00,6.243840531580489461e+00,6.325344864857006755e+00,-1.745781175562382659e+00,7.789328992859836376e+00,8.468908251951534183e+00,-6.046635726600127825e+00,-5.975445730309218106e+00,-8.023588914187296695e+00,8.249348309428697235e+00,-4.974955502065174784e+00,1.044076529021188371e+01,-5.981109649459688704e+00,-1.053831281475003223e+01,1.281742798398946803e+01,1.346238938721951683e+01,-6.232577217034888761e+00,-9.256757042522950840e+00,6.685964558316877415e+00
4.932025575155364328e-01,3.506722713424058058e-01,1.240516394591787197e+00,1.778896518648168668e+00,-1.931090466814030959e+00,2.468790711131926940e+00,3.368860882044887539e+00,3.513873204013158169e+00,-6.846775269232064920e-01,3.963253891280297037e+00,-4.762065583893293486e+00,-1.490068072937412946e+00,6.115069484769165342e+00,-3.351241171179536238e+00,6.673736173798130444e+00,-7.421877863314713331e+00,-5.797455313294717527e+00,7.333372705444737960e+00,9.005895974664044346e+00,9.359364516715102056e+00,-5.069813736755108380e+00,1.013073481777288443e+01,1.145196670138577133e+01,-6.399781976908401226e+00,-1.027133532053553289e+01,-7.499177771439996754e+00,1.224313235186258808e+01,9.053410746426688860e+00,-8.238266814915379044e+00,-7.464971857053528836e+00
-4.396203999400633000e-01,-3.602302262478844774e-01,-1.497184685558815564e+00,1.211151432266313499e+00,-7.556130952940862677e-01,-2.194795846013021912e+00,-1.961166040498446339e+00,-3.770026482038890681e+00,-2.556083893956247799e+00,3.459210677395566869e+00,-4.875261753757689220e+00,-3.328539249931256272e+00,6.275578651784409878e+00,5.758672725809611315e+00,-2.703835106703263325e+00,6.135334370039410956e+00,-5.005409851787202768e+00,-7.953195778455663500e+00,7.663997581139940785e+00,-4.881332287422051053e+00,-5.007090240240064993e+00,-5.813608565077503343e+00,1.050152194217842805e+01,-6.599497026591350846e+00,-1.036556018133662960e+01,1.019036313147735839e+01,-7.712696078908498620e+00,1.376474773777607297e+01,-8.316726490095790680e+00,-5.077394370795627054e+00
3.315320521997499048e-01,4.050620466042083034e-01,-1.497183074587008056e+00,1.885643879295738179e+00,-2.038377081802646096e+00,2.451124910609135732e+00,3.216300536981665292e+00,-3.058440872958671175e+00,-9.092864449365710700e-01,4.580698014729654766e+00,-3.593615033475495935e+00,5.920208075267904491e+00,6.351718131314918914e+00,-3.530344628060806400e+00,-2.200938830609949104e+00,-7.381600899586960196e+00,8.152532835176057091e+00,7.475280066287346870e+00,5.815153559670757311e+00,9.696120823194258165e+00,5.382944321351923911e+00,1.099477534300607395e+01,1.023441395395917652e+01,-6.207942128672061521e+00,-1.083786237064847136e+01,-7.605904793258363661e+00,1.282433616909878005e+01,1.296218548613941479e+01,-8.361221064169759742e+00,2.250916632643757520e+00
-3.850242929822204063e-01,5.764952935940563794e-01,-9.839544472991217372e-01,-1.920230405175278543e+00,-1.880198322496075658e+00,2.526217164431534545e+00,3.257840954104089803e+00,-2.575519859193009520e+00,-2.513003139529142338e+00,4.583782459436648082e+00,5.364595143940195321e+00,-1.818461830879560814e+00,-4.083504240183794209e+00,-3.340879045603436737e+00,6.896849412527404688e+00,6.048389712794072004e+00,7.698148569855839618e+00,-4.605801517384517041e+00,-5.628986589902543081e+00,9.069489584171648744e+00,8.801711353648780545e+00,5.802740167229806900e+00,-5.425837159747213256e+00,-5.886572839242046662e+00,-1.027499221176872268e+01,1.266361099908363741e+01,1.349549385521571665e+01,1.298883829175854387e+01,1.133020661757587888e+01,1.221281584965728761e+01
4.659512669965101272e-01,9.878364746339801661e-01,-7.069078821321130024e-02,1.407488629984084083e+00,-1.070390272904235829e+00,2.962364390274928816e+00,3.498244729642295603e+00,-2.559827568133004050e+00,-2.657754228486600034e+00,-3.267096008643211480e+00,5.224037465912537925e+00,4.342333898699771488e+00,-2.372028867979769640e+00,-3.993784603304221470e+00,6.756166748861664573e+00,7.626732857667228416e+00,7.589081955925174761e+00,8.446482838041413643e+00,-5.547898335190174279e+00,9.177482960376076804e+00,9.838001377962573457e+00,1.016633293512720471e+01,-4.477786875734622640e+00,-6.593724080409316457e+00,-7.604116987292753649e+00,1.282370448637234439e+01,1.338315634663131171e+01,1.234715419392286329e+01,-8.241194422696516142e+00,-4.785877295755083694e+00
-3.950298760526089192e-01,9.522493954886166456e-01,-1.494194450101166360e+00,-1.933491902900078330e+00,-1.123787650369959312e+00,2.430157220009632191e+00,-9.144332706796214350e-01,-2.339935344954171104e+00,-2.532507206345328221e+00,4.495592795213187109e+00,4.798510318080558612e+00,5.043902733446982367e+00,3.979866450680371592e+00,-5.932319075344958392e+00,6.646600690998776706e+00,7.556271243246656333e+00,8.067377047849852545e+00,-4.004870221024004806e+00,-6.406632382130583281e+00,9.628982060777738994e+00,-7.222331130244343811e+00,-6.882935996544177648e+00,-5.306439721623137373e+00,-5.866901023304510687e+00,-9.048264016023985334e+00,1.253565557637616124e+01,1.289146476114765427e+01,-8.665228890545577656e+00,-1.072319234452902137e+01,1.404832623458293739e+01
-3.800269441317882246e-01,3.972573495919544673e-01,1.434310506740395397e+00,1.928781796538737270e+00,-1.432740487709294408e+00,2.735613712911349360e+00,3.380996259224112954e+00,3.546878591133749925e+00,-2.525629121615990957e+00,-2.699684372524397524e+00,5.463533854700028947e+00,5.907725390592119652e+00,5.953840087970442063e+00,6.806438783360754918e+00,-1.660188880182275284e+00,-1.901541726013868505e+00,-5.637436692173007025e+00,-6.542136400656200834e+00,8.735389587215804497e+00,-6.467451168667929906e+00,8.826387511730215962e+00,9.381285741428701641e+00,1.132780242962949835e+01,-5.948598560625331544e+00,-8.163286947248705516e+00,1.232570228369201892e+01,1.198395069425336779e+01,1.330124972129368288e+01,-1.031069201713179062e+01,-7.464917741558673825e+00
-3.525602628466463218e-01,9.728593870749338013e-01,-1.295864878443087065e+00,1.867435961028796942e+00,-9.802549704822866028e-01,2.852907765892192860e+00,2.947660760847251815e+00,-2.790497661578314137e+00,-8.474380867463007228e-01,3.212407701371354118e+00,-2.859849996774286751e+00,5.209599696265524216e+00,-2.159754776687857536e+00,6.678877032383330636e+00,5.968807322109436875e+00,5.373428196352326047e+00,-5.745741592008021925e+00,3.228159772595585064e+00,5.761105442131701615e+00,-4.055003347581270567e+00,5.728256605337977980e+00,1.027955120451318827e+01,-7.711945522854930957e+00,-1.048750868306150252e+01,-5.293808919216864695e-01,1.269157869764791080e+01,1.089998719189800269e+01,-7.509246329948185306e+00,1.232311780961409475e+01,1.235482012563626597e+01
-3.800269441317882246e-01,3.946492248997767738e-01,1.473873969056249456e+00,1.310421453922361756e+00,-1.432556550052440647e+00,2.736650290325652435e+00,3.394384953667844318e+00,3.954619861727733277e+00,-2.525634209341608649e+00,2.363970205957389048e+00,5.463533854700028947e+00,5.907725390592119652e+00,6.104997073373834127e+00,3.580485971654875144e+00,-1.656339508409096606e+00,-1.901541726013868505e+00,-5.203956383164663357e+00,-6.296055314405270664e+00,8.865875902928333829e+00,-5.545009527152021001e+00,9.637052832247992029e+00,1.060813502966862565e+01,8.904006778648547282e+00,-5.253012222897265104e+00,-8.163286947248705516e+00,1.203217271270131405e+01,1.196419444103662677e+01,1.344036712513766751e+01,-1.030033257208775055e+01,-7.708334869551009660e+00
-3.850242929822204063e-01,9.980868445570503233e-01,-9.839544472991217372e-01,-1.940776657231575442e+00,-9.909311363519877069e-01,2.525699871434873511e+00,-1.561952020127421070e+00,-2.569323767382002632e+00,-2.516363442849867571e+00,4.234354991038760119e+00,5.378137407187839614e+00,5.922306010510448360e+00,-4.092098612553284553e+00,-3.220825772311096458e+00,6.921938755900379547e+00,5.756614856706199213e+00,-5.001968015882462204e+00,-7.218383434462352533e+00,-6.322874063829153179e+00,9.069489584171648744e+00,9.809505275319470030e+00,1.060030963810898008e+01,-5.416650330079913367e+00,-6.603972621666195586e+00,-8.103951724618054797e+00,9.968807504688069088e+00,1.288228442275354979e+01,1.318666388745184648e+01,1.156428464225899155e+01,1.248878971114496927e+01
3.368629584000014110e-01,9.811435393886720480e-01,-8.923578185873647373e-01,1.857242702729900330e+00,-1.931087269931792916e+00,2.599615496027599448e+00,3.211120740599372247e+00,-2.351496246436201698e+00,-5.711638498794145979e-01,4.701046771276709002e+00,-4.657382938761134739e+00,5.478531875644645055e+00,-4.026698879192008640e+00,6.390299344771607437e+00,6.075352915470615400e+00,5.726097448077640095e+00,8.430638810211634748e+00,-4.466265458288950718e+00,-5.162626438533168383e+00,-4.898821309050028994e+00,-5.044412629762084599e+00,1.086846174419420308e+01,-6.717254451735676923e+00,-5.512175433047699968e+00,-1.083202333371830228e+01,-1.185215988941568810e+01,1.281741831427472178e+01,-8.309006491755331680e+00,1.435725810739352681e+01,1.264362126743935022e+01
-3.962652236444371701e-01,-3.925564500306752969e-01,-1.494194450101166360e+00,1.384217234635064520e+00,-1.014022793083343421e+00,2.430157220009632191e+00,3.408247839359640707e+00,-2.339935344954171104e+00,-2.707489258247525843e+00,4.495592795213187109e+00,4.798510318080558612e+00,5.043902733446982367e+00,3.979866450680371592e+00,-5.932319075344958392e+00,7.204945801199649225e+00,-6.876747716310642744e+00,8.067830839064338733e+00,-4.004870221024004806e+00,-6.406632382130583281e+00,9.628982060777738994e+00,-9.930450040593889582e+00,-7.262271862437421177e+00,-4.160597497267348288e+00,-5.866901023304510687e+00,-6.811038824857924112e+00,1.253565557637616124e+01,1.097809419539648523e+01,-8.665228890545577656e+00,-1.065920787313786988e+01,1.404832623458293739e+01
-3.525602628466463218e-01,9.732678206470359861e-01,-1.295864878443087065e+00,1.867435961028796942e+00,-9.971306229209341288e-01,2.850816143754430154e+00,3.254469376461274877e+00,-3.953802610332899814e+00,-8.474380867463007228e-01,3.212407701371354118e+00,5.192413889539185590e+00,5.209599696265524216e+00,-2.159754776687857536e+00,6.678877032383330636e+00,6.003790499292688487e+00,5.373428196352326047e+00,-5.815157876914319957e+00,3.228159772595585064e+00,5.761105442131701615e+00,-4.044051138990903738e+00,5.722081924838751554e+00,9.444221238740306390e+00,-7.740117903859985660e+00,-1.048750868306150252e+01,-5.947189325996529163e-01,1.269294760469796302e+01,1.089998719189800269e+01,-7.509246329948185306e+00,1.232311780961409475e+01,1.216335936817451291e+01
-3.866654381931365903e-01,9.781795370920441934e-01,-1.102929596178292115e+00,1.728871729605979679e+00,-9.908392825583303143e-01,2.598126664687963938e+00,3.462126001243745144e+00,-2.350455249203217800e+00,-6.769490160417631630e-01,4.708557562252176254e+00,-4.980915180110494944e+00,5.895441372748550179e+00,5.777996396638097387e+00,-3.340879045603436737e+00,6.911211748839898306e+00,5.978392958209675534e+00,8.407198570285318695e+00,-4.468036576269511784e+00,-6.237710919746545457e+00,8.254003676432336789e+00,-5.140747715713848365e+00,1.080676346089734174e+01,-5.493268648796395759e+00,-5.891316997457324511e+00,-1.031522694006195451e+01,1.229741417348375876e+01,1.346500732547741208e+01,-7.591237198229706884e+00,1.157099923550743625e+01,1.240813100421891058e+01
-3.933453481010936170e-01,9.789280102205645262e-01,-1.014866406584987724e-01,-1.844052973224722392e+00,-1.020966043373796595e+00,-1.869333450607053804e+00,3.492846448847176877e+00,-2.879529837972051975e+00,-2.604641986524558916e+00,4.876736110980471217e+00,5.472921742736210682e+00,5.852991643100764918e+00,4.326694000766614145e+00,-5.084843026939401156e+00,-4.661679275857908977e-01,7.687850913025032540e+00,7.449582597147130336e+00,2.990866738943432246e+00,-6.053058015946350956e+00,9.117910700777196453e+00,-5.469528026254318220e+00,9.678255758048937452e+00,1.075944699357288670e+01,-5.866901023304510687e+00,-9.639035502697325342e+00,-7.875017127768600744e+00,1.183272971657395090e+01,-6.221591363582870571e+00,-8.084067711812291890e+00,1.433016026870119930e+01
-3.302693391803331324e-01,9.893197191682081559e-01,1.364691455894594396e+00,1.337900994412234201e+00,-2.083501695893895000e+00,2.745973382697934895e+00,3.222206524709020137e+00,3.668739363749398130e+00,-2.524404257991649470e+00,2.610541897976423442e+00,-3.328947721925679559e+00,5.577576577183366524e+00,5.818559251896348705e+00,3.559829929811480387e+00,6.758751400377435381e+00,6.272186079602053432e+00,7.496161666750600361e+00,3.978296512482050851e+00,-6.633575100758852372e+00,9.575088548626355944e+00,-4.742157293839916576e+00,8.558720846750905054e+00,1.021917749747130699e+01,-6.602983252556707150e+00,-1.008226573463135978e+01,1.260307720904824080e+01,-4.218074579598658502e+00,-6.944183152086511157e+00,-8.370504433312877524e+00,-4.793029566598821845e+00
3.955052767734699715e-01,-3.949902584345842405e-01,1.255043933094024844e+00,1.778308191852433273e+00,-1.931090466814030959e+00,2.537443960535044507e+00,3.497475430342495528e+00,3.788752245380418326e+00,-5.861602484397753221e-01,3.684372602281218434e+00,-3.193696076716655341e+00,-2.151549549098779490e+00,4.127073582901014781e+00,-2.989143575782624129e+00,-1.444471755639952004e+00,-5.373645687863218612e+00,7.776006461687615001e+00,8.314977210768926597e+00,9.124429713871563763e+00,-5.709359987654792690e+00,-4.583072043190894895e+00,1.015246085739294024e+01,1.068750106020728552e+01,-6.630002877861140398e+00,-1.044043250327502470e+01,-7.279149330644343330e+00,1.278911614835821986e+01,1.390267674408321597e+01,-1.106385433099378446e+01,-5.621383173264581146e+00
4.277570300342700138e-01,4.197881279837256119e-01,-1.460037998672934600e+00,-1.887307379754724401e+00,-7.551811908390700934e-01,-2.198339032328203047e+00,3.143351128332048994e+00,-2.340125580438993769e+00,-2.482677189159547826e+00,3.939055823269934642e+00,5.290452473411719758e+00,5.739836251361808195e+00,6.152351060616579659e+00,3.719918501279871670e+00,-2.300149243923105047e+00,-7.665281626429766071e+00,7.242242811025906946e+00,7.502189272634529615e+00,-6.723355227136423196e+00,8.312687752077701830e+00,5.969038475493322338e+00,1.008316122849466900e+01,1.095940056544414176e+01,-5.945780280926856953e+00,-1.076369919391301266e+01,-7.395138562927846770e+00,1.282605922927138664e+01,1.359454193351469087e+01,-5.764237619309745320e+00,4.354142729422035174e+00
-3.950404499387896728e-01,4.436199655781063456e-01,-5.675513679161248159e-02,-1.978898755749219251e+00,-1.414471962699039409e+00,-1.007077414894904432e+00,3.314219734858493194e+00,-2.506950762825061130e+00,-2.905984793261698229e+00,3.107585035145643104e+00,5.248332313218978307e+00,4.997417129947794301e+00,5.917441554503648504e+00,-3.035350739612161064e+00,6.533707336194264137e+00,6.666096873363120068e+00,-4.740045881853433229e+00,7.026377835881975287e+00,-6.638165113438995846e+00,8.960279029542888907e+00,9.916066532298854597e+00,6.475505620882541002e+00,1.048403248022363954e+01,-2.845326865034116803e+00,-6.890945495563347123e+00,1.267782760917167373e+01,1.196849767307185530e+01,-9.581815304669628830e+00,-7.913303152404628449e+00,1.211055374203066393e+01
-3.222222326099062895e-01,4.219599231904244130e-01,1.364660974747351041e+00,9.863658984880636638e-01,-1.417092936525296443e+00,2.744741996329071565e+00,3.218597250694689382e+00,3.955304602319629659e+00,-2.520021843458911004e+00,2.604452768392626183e+00,-2.354102658891023658e+00,-2.012174657730959382e+00,6.164199893942854835e+00,3.559829929811480387e+00,7.185198995440167380e+00,6.733415402154008689e+00,-5.001377399439957294e+00,-7.230284837035274137e+00,7.291610555133982707e+00,9.720841492783003801e+00,9.633910489752894435e+00,1.075590926508344403e+01,1.069319354497925900e+01,-6.593827947770491527e+00,-1.005473957501514271e+01,9.973134793809668608e+00,-5.053812366762898023e+00,1.344585451697524192e+01,-1.062657235664451427e+01,4.522117335354336021e+00
3.315320521997499048e-01,9.984178871026673230e-01,-9.713890402402890478e-01,1.883100519217816071e+00,-2.080364501227061513e+00,2.572257356607527523e+00,3.215825423868826860e+00,-2.626181345403085565e+00,-9.092864449365710700e-01,-2.236226647600212836e+00,-3.558963307865943282e+00,5.896061714210917515e+00,6.351718131314918914e+00,-3.530344628060806400e+00,7.354735773322943260e+00,-7.381600899586960196e+00,8.152532835176057091e+00,6.829264228045224705e+00,5.893643500729561779e+00,9.696120823194258165e+00,-4.861199388281916001e+00,1.092242139494054243e+01,1.023441395395917652e+01,-6.207942128672061521e+00,-1.083786237064847136e+01,-7.605904793258363661e+00,1.341785421929514754e+01,-5.426041589313385316e+00,-8.369348339429993899e+00,2.250916632643757520e+00
-3.903396630840506032e-01,9.855736571296920268e-01,1.266346472325907246e+00,-1.729912145920344591e+00,-7.558969599677580753e-01,-2.372623034279557341e+00,3.258990171868378471e+00,3.562145846923853387e+00,-2.421059760825750473e+00,3.241604674148541143e+00,-2.726789528544863561e+00,4.622660963432038805e+00,4.622538735580999258e+00,3.846135227099694909e+00,7.174663338144479319e+00,7.538032903140281960e+00,-4.753237428026546141e+00,8.407285287375952265e+00,-7.314249826662537757e+00,-5.622089128026187765e+00,6.019378216683698213e+00,1.025209590346750588e+01,1.070313786924633526e+01,-6.614336123288356184e+00,-1.076718621770379691e+01,1.186704989536424293e+01,1.338894645588336729e+01,-3.734028479415929080e+00,1.195405142139093080e+01,-4.170444369583138133e+00
-3.850242929822204063e-01,9.980868445570503233e-01,-9.839544472991217372e-01,-1.996929852032965025e+00,-9.911296480247919760e-01,2.526217164431534545e+00,-1.561952020127421070e+00,-2.575519859193009520e+00,-2.664173395509361164e+00,4.708557562252176254e+00,5.378137407187839614e+00,5.901915830293151366e+00,-4.083504240183794209e+00,-3.340879045603436737e+00,6.911211748839898306e+00,6.048389712794072004e+00,7.698148569855839618e+00,-4.597773371683321564e+00,-6.246499748135935448e+00,9.069489584171648744e+00,4.898854083554883942e+00,6.103621944581724357e+00,-5.425837159747213256e+00,-5.886572839242046662e+00,-1.027499221176872268e+01,1.266364652415199288e+01,1.346321304393092788e+01,-8.641603872571797851e+00,1.157099923550743625e+01,1.248878971114496927e+01
4.277570300342700138e-01,9.972688504344906502e-01,-9.331259905695978851e-01,1.782458638602490764e+00,-7.971681147590988781e-01,-2.078785578645603316e+00,3.142876015219210561e+00,3.989515830162207788e+00,-2.482677189159547826e+00,-2.374864381998045282e+00,-4.648715465568733940e+00,-1.084467451133407589e+00,6.152351060616579659e+00,3.719918501279871670e+00,7.224387189998774161e+00,-7.665281626429766071e+00,-5.128856324879622619e+00,6.811909288341084334e+00,9.269071099521518420e+00,-5.929851385154020882e+00,-4.275105526310404969e+00,1.061279128232320090e+01,1.110088421072639520e+01,-5.941927986379604398e+00,-1.077991834924002390e+01,-7.395138562927846770e+00,1.341952536086331982e+01,-5.618742203456468687e+00,-6.112130863822644145e+00,4.354142729422035174e+00
4.879959880570463593e-01,9.953897025634742546e-01,1.482831316056231641e+00,1.902778319139319052e+00,-2.012595725800407021e+00,2.814834295685673116e+00,3.369579543651008535e+00,-2.659542337622208930e+00,-2.546112700488669667e+00,-2.660930725089499571e+00,-2.813567304841665617e+00,5.802135311138145290e+00,-1.790388102163165351e+00,-4.129275009323700729e+00,-1.723170450281006794e+00,-5.906508473071323095e+00,8.006052742898701169e+00,-4.327556381144569642e+00,-5.985294524978555408e+00,9.536051528339459793e+00,-6.542437568084682908e+00,1.084685811183920379e+01,1.137711638321069962e+01,-6.672194587011385458e+00,3.130511458076976616e-01,-1.099462822818483332e+01,1.283421170805008771e+01,-6.038573440127457559e+00,-8.278945607505301396e+00,-4.758108059736383844e+00
3.852445446816914476e-01,8.088075272137416061e-01,-1.492308019253593354e+00,-1.979431638690847040e+00,-1.400571403151629424e+00,-1.014220303582974214e+00,3.264503907282859441e+00,-2.702049414803501470e+00,-5.412647759478667053e-01,4.847995660405844731e+00,-5.322428711546960400e+00,5.573372535538322126e+00,5.934333545972530821e+00,-1.894515070364973575e+00,-4.205922814232307516e+00,-3.962526004599032703e+00,-5.120380666768593159e+00,7.327910896464001844e+00,8.975426111211275426e+00,-5.554688596500270137e+00,8.338481069825515846e+00,1.027635987512837090e+01,-5.130051012808976907e+00,-2.799637226775034460e+00,-6.986532290684744240e+00,1.167950785469558461e+01,1.194648623816340738e+01,1.353593332169424102e+01,-1.163207697854670641e+01,-8.666143838661062304e+00
-3.974329986150820782e-01,-3.155949460843159304e-01,-4.373501132597790164e-02,1.429367790934377158e+00,-1.074579942714328329e+00,-2.205547165995742187e+00,3.494008429352605027e+00,-2.864499824976973752e+00,-2.699437407208644224e+00,4.886486454636449039e+00,5.427441355862475447e+00,4.174635149364667619e+00,3.541339676863672903e+00,-3.397096496490360273e+00,7.031096785156083051e+00,4.467044849636544690e+00,8.159217303582909864e+00,8.349166525095803593e+00,-5.900698887383653890e+00,9.000762146809202946e+00,-5.524772854816807133e+00,1.016909790951398307e+01,-5.623600697547974647e+00,-6.253611984349200625e+00,-7.224790984513354886e+00,1.257700893577179180e+01,1.187357314896265592e+01,1.325646286838046706e+01,-1.318291712792742132e+01,1.319800430548706105e+00
-3.866654381931365903e-01,9.665186056703117812e-01,1.135749522701607228e+00,1.825877296520104442e+00,-9.908392825583303143e-01,2.526217164431534545e+00,-1.499340020408709950e+00,-2.576809874706795789e+00,-6.769490160417631630e-01,4.708557562252176254e+00,-4.980915180110494944e+00,5.901915830293151366e+00,5.777996396638097387e+00,-3.340879045603436737e+00,6.911211748839898306e+00,5.978392958209675534e+00,7.698148569855839618e+00,-4.468036576269511784e+00,-6.246499748135935448e+00,9.069489584171648744e+00,-5.140747715713848365e+00,6.176643759653503096e+00,-5.425837159747213256e+00,-5.886572839242046662e+00,-1.031522694006195451e+01,1.266364652415199288e+01,1.324792665944588421e+01,-8.641603872571797851e+00,1.157099923550743625e+01,1.240813100421891058e+01
2.891869140828551288e-01,8.717955049420438307e-01,-9.245354577215226799e-01,1.977958319243793950e+00,-2.100175715681925404e+00,2.656543161661803598e+00,3.363647229907510638e+00,-2.699728545282260583e+00,-6.918285184517729558e-01,-3.017307552191477171e+00,-4.823203838251503228e+00,5.902398630910596466e+00,-4.082707969107862489e+00,6.556103158989871282e+00,-4.095193322311857287e+00,4.515055661972088075e+00,6.195751003065726792e+00,-3.560725127617061503e+00,8.828904444944530638e+00,-5.259184163593559447e+00,-5.030383012113542662e+00,1.016758256689412399e+01,-4.501096894929575321e+00,-2.629750890673308028e+00,-1.093309443780692369e+01,1.121335440551612095e+01,1.192850912789766404e+01,-7.590418768605539768e+00,-1.290152605983877976e+01,1.296875683456772776e+01
-3.800269441317882246e-01,3.930646172669885474e-01,1.471326680030098144e+00,1.928781796538737270e+00,-1.432740487709294408e+00,2.736650290325652435e+00,3.394384953667844318e+00,3.263545602185838668e+00,-2.525629121615990957e+00,-2.699684372524397524e+00,5.463533854700028947e+00,5.907725390592119652e+00,6.104997073373834127e+00,6.806438783360754918e+00,-1.656339508409096606e+00,-1.901541726013868505e+00,-5.203956383164663357e+00,-6.296055314405270664e+00,8.883619066636153860e+00,-5.545009527152021001e+00,8.826387511730215962e+00,7.761704606045032762e+00,1.132780242962949835e+01,-5.948598560625331544e+00,-8.163286947248705516e+00,1.203217271270131405e+01,1.196419444103662677e+01,1.363972333749011767e+01,-1.031069201713179062e+01,-7.708334869551009660e+00
3.947706099507388156e-01,9.984178871026673230e-01,-6.514936436338560899e-01,1.674293814174550921e+00,-2.074982079760780973e+00,2.603272239266244625e+00,-1.636565665301505490e+00,-2.820337073421748109e+00,-7.290078779649187268e-01,4.353797216156767291e+00,-2.666789741815556614e+00,5.922435921040208662e+00,-4.092181614385279609e+00,-3.249790350025079100e+00,-4.835855442659328318e+00,5.782413168847586604e+00,8.159525421565339443e+00,-9.622671604817667479e-01,-6.478947743760121725e+00,9.014098161833485889e+00,9.817491193414628725e+00,1.094563437562533537e+01,-4.400677115846082899e+00,-6.629639120339683167e+00,-8.244352304384598540e+00,1.156893143782200539e+01,1.349716782397865344e+01,-6.883634520420648606e+00,-5.666723732081297982e+00,-5.200906929682547641e+00
3.968110439954398161e-01,9.354855916493445278e-01,1.497942386248131807e+00,1.887717874542653274e+00,-2.103820785744964894e+00,2.529461074475176652e+00,3.401256606876776445e+00,-3.861948590707821261e+00,-2.672444694929639653e+00,4.693717525031100735e+00,-2.943634013630912705e+00,-3.675236712846938758e-01,-1.501777416394427966e+00,-4.595072841046702550e+00,-7.341206316777715291e-01,-6.224067058646072681e+00,7.699867538413864843e+00,-4.694092269685572916e+00,8.724541840358886802e+00,9.549660320676931491e+00,7.436467884568358500e+00,1.018958593956603664e+01,-6.641617384944062508e+00,-5.514990160425866428e+00,-1.780957432473133650e-01,-9.009359453492852055e+00,-8.989221778664004958e+00,1.260426101686540612e+01,1.429558017118614899e+01,-5.106590164583557190e+00
3.310620523050595287e-01,-4.160892439311883462e-01,-1.287772002225509915e+00,1.205123868427215639e+00,-7.485853263937088942e-01,2.909717046745210034e+00,3.416227796708910081e+00,3.788752245380418326e+00,-6.657935625173315719e-01,3.691060602764630882e+00,-4.789623549185090035e+00,-2.151549549098779490e+00,6.225342829898483643e+00,-2.919379691641108110e+00,7.194220495955948813e+00,-7.153726416314546199e+00,7.728513104658274457e+00,6.604919379779162547e+00,9.151659127665331184e+00,-4.544164007288792106e+00,-4.948062287353338640e+00,1.013187989963103419e+01,1.068643365373346477e+01,-6.632935068133002154e+00,-8.222915270366382146e+00,1.016745139108052598e+01,-7.969280097138971009e+00,1.376159937224143981e+01,-1.236944724110351856e+01,-5.075818103736684961e+00
-3.950404499387896728e-01,4.158589810072990667e-01,1.220573775699005603e+00,1.480373267455504571e+00,-1.977739472244103736e+00,-1.122105689356039493e+00,3.318561914283860048e+00,-2.599839172944586885e+00,-2.903451815699519933e+00,2.997341219843046467e+00,4.836908995583144133e+00,-1.706019453558468069e+00,5.763390027062068377e+00,-3.044136430614643452e+00,-2.479123542173033545e+00,-6.054562919449420377e+00,-5.145425739423030720e+00,4.480966745977397636e+00,5.575167881009909010e+00,9.589293294515794486e+00,5.886715567686967354e+00,6.636462868456913355e+00,1.067097053743839830e+01,-2.893033422299072122e+00,-6.983981757920822098e+00,1.154418874665872430e+01,1.273232835608553160e+01,1.341892164153484757e+01,-8.240048598342733399e+00,1.221403258896798150e+01
-3.850242929822204063e-01,5.764952935940563794e-01,-9.839544472991217372e-01,-1.741628366451933863e+00,-1.880198322496075658e+00,2.526217164431534545e+00,3.256128452569097664e+00,-2.575519859193009520e+00,-2.513003139529142338e+00,4.583782459436648082e+00,5.364595143940195321e+00,-1.818461830879560814e+00,4.295726535848762850e+00,-3.366128637197210338e+00,6.896849412527404688e+00,6.048389712794072004e+00,7.698148569855839618e+00,2.818830941848510907e+00,-6.399656543253234631e+00,9.069399134654981154e+00,-5.866217256343029263e+00,-6.983447160870412063e+00,-5.425837159747213256e+00,-5.886626902354714197e+00,-1.027499221176872268e+01,1.266361099908363741e+01,1.349973763611014377e+01,1.256969622213049753e+01,1.133020661757587888e+01,1.216716971088007782e+01
-3.302693391803331324e-01,4.219599231904244130e-01,1.364691455894594396e+00,1.300635534594725584e+00,-1.417092936525296443e+00,2.745973382697934895e+00,3.218597250694689382e+00,3.955304602319629659e+00,-2.524404257991649470e+00,2.610541897976423442e+00,-2.354102658891023658e+00,-1.989361845718752075e+00,6.164199893942854835e+00,3.559829929811480387e+00,7.190269731561719446e+00,6.733415402154008689e+00,-4.953000421807310261e+00,-7.230284837035274137e+00,7.291610555133982707e+00,-5.636370025710100151e+00,9.633910489752894435e+00,1.067331394734303984e+01,8.890004678206555155e+00,-6.603750966233999264e+00,-1.005473957501514271e+01,9.973134793809668608e+00,-5.053812366762898023e+00,1.344585451697524192e+01,-1.063523533878409921e+01,4.522117335354336021e+00
4.838499648076672877e-01,9.381404335561626118e-01,1.474869511443457792e+00,-1.813815622092963764e+00,-1.932601799930907083e+00,2.142360263845664026e+00,3.264199042895736369e+00,3.534693666276492063e+00,-6.208388176407970693e-01,3.869787644718018171e+00,-4.685102709289488132e+00,4.351662348593319685e+00,5.656962355275038767e+00,-3.351241171179536238e+00,6.745179778912697266e+00,-7.626515193332087605e+00,-5.862560391785929248e+00,-3.928967239275681145e+00,8.343485183604782307e+00,9.371080276139801768e+00,-5.008850568590307084e+00,9.491173728708215407e+00,1.095849496295505965e+01,-6.671818374521648387e+00,2.291387220524332413e-01,-7.499177771439996754e+00,1.219583554286025695e+01,9.053410746426688860e+00,-8.238266814915379044e+00,-7.515911698600044488e+00
-3.850242929822204063e-01,9.980868445570503233e-01,-9.839544472991217372e-01,-1.997143529359596270e+00,-9.911296480247919760e-01,2.526217164431534545e+00,-1.561952020127421070e+00,-2.569323767382002632e+00,-2.652931460586514412e+00,4.577540346603946375e+00,5.378137407187839614e+00,5.904858419534783742e+00,-4.092098612553284553e+00,-3.340879045603436737e+00,6.921938755900379547e+00,5.756614856706199213e+00,7.700604066340732246e+00,-4.351968387151551099e+00,-5.989148109640090034e+00,9.069489584171648744e+00,4.898854083554883942e+00,6.103621944581724357e+00,-5.416650330079913367e+00,-6.636187326351797644e+00,-8.103951724618054797e+00,1.276317910490389629e+01,1.288228442275354979e+01,-8.641603872571797851e+00,1.157099923550743625e+01,1.248878971114496927e+01
-3.688634553150477169e-01,7.961994262981210158e-01,-1.104858270064431602e+00,1.728871729605979679e+00,-7.286472280889870756e-01,2.598126664687963938e+00,3.193514322842295972e+00,-2.423742272996775249e+00,-6.801023899509209825e-01,-2.252804129587612891e+00,-4.920845897580831796e+00,5.895441372748550179e+00,3.982548121257075913e+00,-3.747234742764253834e+00,6.888754488460770098e+00,5.978392958209675534e+00,8.407198570285318695e+00,-4.468036576269511784e+00,-6.237710919746545457e+00,8.254003676432336789e+00,-4.909808815577683561e+00,1.080676346089734174e+01,-5.493268648796395759e+00,-5.891316997457324511e+00,-1.031522694006195451e+01,1.190113010232031066e+01,1.346500732547741208e+01,-7.591237198229706884e+00,1.157099923550743625e+01,1.300541310847608756e+01
-3.950298760526089192e-01,9.818770293082853540e-01,3.216231091265547848e-02,-1.898495989296342001e+00,-1.096796975794083417e+00,2.961964977668227306e+00,3.401120151248477885e+00,-2.600898887213606514e+00,-2.664933615024161373e+00,4.217871301491073588e+00,-4.962770755937112810e+00,5.930601422999544070e+00,-4.155025150653063548e+00,5.295548946825192616e+00,6.247640534095522113e+00,6.932942972137208670e+00,7.429750913490252628e+00,-4.217679451784106526e+00,-5.717624005831904554e+00,9.177623763964838588e+00,9.812242739953530801e+00,-5.550269910821634234e+00,-4.476502290207961643e+00,-6.650270583628125287e+00,-8.053626006471080956e+00,1.253148293885339193e+01,1.349559605959154318e+01,-8.086066328730536767e+00,-7.890424387292076069e+00,1.253730524103320043e+01
-3.950298760526089192e-01,9.816204723484605044e-01,1.253050623548151776e+00,-1.910840988748714109e+00,-1.096820371273245165e+00,2.717126727354847393e+00,3.497904066637071985e+00,-2.600898887213606514e+00,-2.668431502701469338e+00,4.210057231109360032e+00,-4.962770755937112810e+00,5.930601422999544070e+00,-4.166368970638689717e+00,5.295548946825192616e+00,6.259658628180440942e+00,6.931730977581171516e+00,-4.146702267906610118e+00,-4.217679451784106526e+00,-5.518122451852794264e+00,9.147530334794209850e+00,6.499089203646569501e+00,9.834667725646770720e+00,-4.581486153632108760e+00,-4.879495544779902438e+00,-8.386277972187027530e+00,1.252382763989700187e+01,1.349559605959154318e+01,-7.798290008337781742e+00,-7.890424387292076069e+00,1.253249257176747378e+01
3.348510291238977477e-01,9.782067490439504409e-01,1.245587485539360717e+00,-1.997024628755619924e+00,-1.947341725222502040e+00,2.127784187133028304e+00,3.216453078122480491e+00,-2.570265039097252568e+00,-2.654673748340182104e+00,4.700130919347362379e+00,-2.433388277106682818e+00,5.634372266903639570e+00,4.133506210115042379e+00,-4.294788189909322540e+00,-1.511824010378251870e+00,-5.533101995796029016e+00,8.403084756799222177e+00,7.316244625813103752e+00,-4.871114395229407812e+00,-5.705169898802660455e+00,-4.587733784026362116e+00,1.069755804709926039e+01,-6.974716999687505137e+00,-3.190158864826232232e+00,-1.064361812539861063e+01,1.152720470320502955e+01,1.347605833171315126e+01,1.365988644636493454e+01,1.365882821987241336e+01,1.357529549265356961e+00
-4.398068488345432403e-01,4.274028726397089972e-01,1.369663376056559301e+00,1.378750740338862357e+00,-9.742026791788174211e-01,2.712380141197787253e+00,3.306052837091987495e+00,-3.833387706159557595e+00,-2.557546564920531118e+00,3.605180730083594298e+00,-2.545461950452266642e+00,-3.103185262014802159e+00,-2.671935409524727412e+00,3.541287107814229174e+00,-3.577184820541805532e+00,7.874066944708096649e+00,8.147303236014646899e+00,-6.736121999072179456e+00,9.493001093936257462e+00,9.117421114682159100e+00,9.541888750010500075e+00,-6.414519588893458746e+00,1.053860636370824722e+01,-5.303304800732949964e+00,-8.087697616395594480e+00,1.018541045726746397e+01,-5.149089065097701479e+00,1.369868831810332033e+01,-8.233605116474551622e+00,-4.779262968124908362e+00
-4.376092417234350718e-01,4.225798797591338030e-01,-1.424172889580252566e+00,-1.922284870135505530e+00,-1.456367191872852018e+00,2.896236613522809034e+00,-1.008464147098491193e+00,-3.794482190902981777e+00,-2.902401059835739261e+00,2.505476304701853785e+00,5.480978132621694421e+00,5.579199241639762441e+00,-5.097748199099531696e+00,3.966028477865061852e+00,6.683619256408159792e+00,7.784726603264555678e+00,-4.597043322815411059e+00,-5.168594988544292335e+00,7.367155957563047863e+00,-5.844867593114915216e+00,5.741698571628641723e+00,6.433612475610922310e+00,1.020994969128991769e+01,-6.005536833206523539e+00,-1.007748596856464651e+01,1.266985307247536419e+01,1.104797910315148002e+01,1.306934175818503974e+01,-7.899022408980318488e+00,1.194067982241676162e+01
3.400602693843434166e-01,9.386354259651024101e-01,-8.258873016782768417e-01,1.890633229692750605e+00,-1.932601799930907083e+00,2.142360263845664026e+00,3.264199042895736369e+00,3.398427635573625150e+00,-6.208388176407970693e-01,3.887173700210150074e+00,-4.685102709289488132e+00,4.351662348593319685e+00,-3.733061718120286088e+00,5.806212747629015958e+00,6.055908133819200678e+00,-7.626515193332087605e+00,7.988365681480830816e+00,-3.928967239275681145e+00,8.343485183604782307e+00,-4.839598037278532772e+00,-5.045314690352720177e+00,1.088230595013744484e+01,1.095849496295505965e+01,-6.671818374521648387e+00,-1.081555643355400775e+01,-7.808988328481749619e+00,1.073406118250524166e+01,9.011443211386016117e+00,-8.238266814915379044e+00,-7.515911698600044488e+00
-3.842378137053966691e-01,9.961242671320742481e-01,-9.839544472991217372e-01,-1.672365320670515798e+00,-9.907791713748481666e-01,2.525699871434873511e+00,2.878120476144255147e+00,-2.570254878910337215e+00,-8.155209623196437718e-01,3.231609246055499707e+00,5.034486339244800490e+00,5.208569507787554898e+00,-4.078895169286028910e+00,6.618394453741899497e+00,6.964810272292185189e+00,5.390096368697644635e+00,-4.966479572039422585e+00,-7.218383434462352533e+00,-6.304088102114479675e+00,-2.974661113432043091e+00,9.771233586020304784e+00,1.029055611663249259e+01,-5.341295488469158137e+00,-4.427588508859926719e+00,-8.666824522502727390e+00,1.276385877937093483e+01,1.092085462841065358e+01,-7.345991292696607111e+00,1.159368994772532346e+01,1.237075767596027909e+01
-3.895528185220907269e-01,9.782352652536945303e-01,-1.477168841016685663e+00,-1.998567745280374286e+00,-1.999717038185318652e+00,2.513309737429066715e+00,3.114274722718517907e+00,-2.478395231471221649e+00,-2.317746866289286167e+00,4.907235008852479652e+00,5.401863555211918744e+00,5.898683179666257992e+00,-4.024520022310677625e+00,6.770400721914443309e+00,6.898672427906642923e+00,5.760048900586887122e+00,7.694894970349411167e+00,-4.773265893022006878e+00,8.925481203617831483e+00,-4.957797396698472525e+00,-4.933496558875855698e+00,1.031009972306284794e+01,-4.525837272934895239e+00,-3.196899743191047527e+00,-8.103951724618054797e+00,1.276276804327748771e+01,8.159248683714121597e+00,-6.755545087066849419e+00,-1.265006350223845466e+01,1.174932212833433631e+00
-3.888329596789243947e-01,4.269949190856911492e-01,1.364376614610249616e+00,1.891504663346205151e+00,-1.001462620164517592e+00,2.806397802215776061e+00,3.327037931805341575e+00,-2.521192807149329695e+00,-2.522481107492025476e+00,2.916253538601353945e+00,-2.730155690970280435e+00,-9.354842654042039296e-01,-2.684632185792889647e+00,3.593717722915179102e+00,-2.479123542173033545e+00,-6.054562919449420377e+00,-5.145425739423030720e+00,4.111717898238824276e+00,5.426243499724083819e+00,-6.431317928978244503e+00,5.779977553894047659e+00,6.636462868456913355e+00,1.053852393357853678e+01,-2.912762843178471339e+00,-8.073147227662824221e+00,1.154418874665872430e+01,1.282711785154332595e+01,1.319814081203770861e+01,-8.222774457344709020e+00,1.230091159261244371e+01
-4.876957083007689708e-01,-3.606760526775854014e-01,1.255043933094024844e+00,1.879717280499647813e+00,-1.930544369231371293e+00,-2.284990272956159529e+00,3.400168102940068771e+00,-2.844150950679669165e+00,-5.716584312285486469e-01,3.939392676971451124e+00,-3.232802215666520151e+00,-1.662571232442697111e+00,6.272062173370014371e+00,6.899145083405209711e+00,7.280263200640123777e+00,-7.206740849449658981e+00,-6.005823570162281300e+00,-5.686968487137392003e+00,9.003789672242579201e+00,-5.725263756525985848e+00,-4.866609512896074463e+00,1.012992231449937997e+01,-5.996875207437666333e+00,-6.616752830793789286e+00,-1.043507590430560050e+01,-7.020314469487163755e+00,1.325230455020908593e+01,1.390267674408321597e+01,-2.986305635642621858e+00,-7.756600297171733160e+00
-3.523751253522522942e-01,3.265516543242430458e-02,-9.839544472991217372e-01,1.878734365838272913e+00,-1.889858782353135869e+00,2.525699871434873511e+00,2.878120476144255147e+00,-2.569323767382002632e+00,-8.167830864993989026e-01,3.930994340828861233e+00,5.034486339244800490e+00,5.855579157025927017e+00,-4.092098612553284553e+00,-3.220825772311096458e+00,6.964810272292185189e+00,-7.168693902811213547e+00,-6.052780055874705134e+00,-7.233701490659088407e+00,5.661660946814988549e+00,-2.974661113432043091e+00,9.809505275319470030e+00,1.012613500914770270e+01,-5.379714686864629059e+00,-4.193805702645492239e+00,-1.043273319621985529e+01,9.968807504688069088e+00,1.319606010709585853e+01,1.315332277226676538e+01,-3.154926967008674588e+00,1.232954539857924559e+01
-3.934562354255844996e-01,-3.155949460843159304e-01,-1.176125065338214482e+00,1.430215597859495258e+00,-7.438518798759944373e-01,-2.205547165995742187e+00,3.494008429352605027e+00,-2.864499824976973752e+00,-2.699437407208644224e+00,4.886486454636449039e+00,-2.656803884823419004e+00,5.899605564415644210e+00,3.541339676863672903e+00,-5.083671275293285774e+00,-6.326507822018996308e-01,4.594739689150379114e+00,8.159217303582909864e+00,8.349166525095803593e+00,8.852136457256218449e+00,9.000762146809202946e+00,-5.524772854816807133e+00,1.016909790951398307e+01,-5.623600697547974647e+00,-6.250601550529197858e+00,-1.091647056301692764e+01,1.257114657342493480e+01,1.185475885191515744e+01,1.325646286838046706e+01,-1.318291712792742132e+01,1.617272535190053429e+00
-3.950298760526089192e-01,9.818770293082853540e-01,3.508512367387006670e-02,-1.898495989296342001e+00,-1.096497209014554386e+00,2.829003916194310797e+00,3.403656747778432745e+00,-2.600898887213606514e+00,-2.664933615024161373e+00,4.205528558457806376e+00,-4.962770755937112810e+00,5.930601422999544070e+00,-4.166368970638689717e+00,5.295548946825192616e+00,6.247640534095522113e+00,6.931730977581171516e+00,-4.146702267906610118e+00,-4.217679451784106526e+00,-5.143026572700895471e+00,9.147530334794209850e+00,6.499089203646569501e+00,-5.550269910821634234e+00,-4.582142720666086078e+00,-4.879495544779902438e+00,-8.053626006471080956e+00,1.253148293885339193e+01,1.349559605959154318e+01,-7.798290008337781742e+00,-7.890424387292076069e+00,1.253730524103320043e+01
-3.852094304766144339e-01,9.748087160607746826e-01,-1.295864878443087065e+00,-1.929811439058769729e+00,-9.910998839599106658e-01,2.852907765892192860e+00,-7.600663504921102431e-01,-2.790497661578314137e+00,-2.548280567275966746e+00,3.212407701371354118e+00,-2.573464551683970480e+00,5.209599696265524216e+00,-2.159754776687857536e+00,6.678877032383330636e+00,5.925935797823287388e+00,5.739433282849590867e+00,-5.781230035851062432e+00,3.228159772595585064e+00,-6.223415473521381358e+00,7.980967038619239062e+00,5.728256605337977980e+00,1.059615287291131303e+01,-7.748881166070210824e+00,-1.049089042755564805e+01,3.349225378822850985e-02,1.269157869764791080e+01,1.286141610385306500e+01,-7.509246329948185306e+00,1.229371250414776284e+01,1.235482012563626597e+01
-3.936303151719474647e-01,9.941808342188427350e-01,-1.162444844389765031e-01,1.903608444946002898e+00,-2.143525068852005777e+00,-1.934135784342999820e+00,3.498405440128185884e+00,-2.592683614328444186e+00,-2.667811827073894637e+00,-2.673385310431926953e+00,-2.947169492118473677e+00,4.461089473180500420e+00,-1.779054332435345609e+00,6.556188298387473523e+00,5.662075490300831682e+00,6.532040985875692485e+00,8.472854406939882566e+00,7.646653884110129695e+00,9.282544495161662468e+00,-6.048106127370213692e+00,8.260299001784758843e+00,1.096818752906710337e+01,-6.946333825513814730e+00,-6.672763274632453445e+00,1.569270983253293616e-01,-7.544823354240863367e+00,1.342945399729067191e+01,-5.417931841963177675e+00,-1.637051752895493983e+00,6.405529997979968471e+00
-3.825668686330213619e-01,9.984178871026673230e-01,-9.713890402402890478e-01,1.308480345489684504e+00,-2.080364501227061513e+00,2.556881801649605546e+00,3.497852721816959942e+00,-2.578121294408522779e+00,-9.237882621477977452e-01,2.225559663155519452e+00,5.424985557663423386e+00,5.896061714210917515e+00,3.719718851727870756e+00,-3.530344628060806400e+00,-1.163629642336824199e+00,-5.364888249393748865e+00,8.172123302400690292e+00,-5.629302631793040135e+00,5.930018915402868629e+00,9.861678972339433358e+00,-4.861616915989389831e+00,1.094563437562533537e+01,8.925769541070030400e+00,-6.211910663165969737e+00,-1.083786237064847136e+01,-7.280663849797587517e+00,1.338777338343932044e+01,-5.478318991563880580e+00,-8.397829051619810414e+00,-7.658787800752659969e+00
-4.876957083007689708e-01,-3.606760526775854014e-01,1.255043933094024844e+00,1.328516583869679080e+00,-1.930544369231371293e+00,-2.284990272956159529e+00,3.400168102940068771e+00,3.631963659995855132e+00,-5.716584312285486469e-01,3.939392676971451124e+00,-4.789623549185090035e+00,-1.978147214976419210e+00,6.128240671468662804e+00,6.884237487613168227e+00,7.280263200640123777e+00,-7.206740849449658981e+00,-6.090850320298914156e+00,-5.686968487137392003e+00,9.003789672242579201e+00,-5.725263756525985848e+00,-4.888948067830270361e+00,1.012992231449937997e+01,-5.640488820119833768e+00,-5.920827107085186114e+00,-1.043311022415880984e+01,-7.020314469487163755e+00,1.326150206047512548e+01,1.390267674408321597e+01,-3.183767449090307178e+00,-7.756600297171733160e+00
-3.962652236444371701e-01,9.288136364633510222e-01,-1.487171809940716738e+00,1.384217234635064520e+00,-1.027541812290025725e+00,2.143037597367891234e+00,3.408247839359640707e+00,-2.339935344954171104e+00,-2.707489258247525843e+00,4.496811242620629478e+00,4.557000102965975685e+00,5.043902733446982367e+00,5.732517455143286256e+00,-5.932319075344958392e+00,7.204945801199649225e+00,-6.876747716310642744e+00,8.067830839064338733e+00,-4.004870221024004806e+00,-6.427891273419537477e+00,9.631171105136635546e+00,-9.930450040593889582e+00,-6.235364124733329128e+00,1.138134102989458896e+01,-5.866901023304510687e+00,-6.811038824857924112e+00,1.253565557637616124e+01,1.097809419539648523e+01,-8.852637469225037137e+00,-1.065920787313786988e+01,-7.560613688332353810e+00
3.310620523050595287e-01,-4.232645138081077008e-01,-5.402382091100310646e-02,-1.982937699873450921e+00,-1.996964449173541434e+00,2.924396849232568485e+00,3.416227796708910081e+00,-2.581358912111553217e+00,-6.442876115657910630e-01,-3.178391935356815523e+00,-4.789623549185090035e+00,-2.151549549098779490e+00,4.127073582901014781e+00,-3.020858760721083058e+00,7.194220495955948813e+00,7.517613922399118742e+00,7.729741862718340961e+00,6.604919379779162547e+00,8.935626039071395965e+00,-4.903985575666775176e+00,1.024880929583705225e+01,1.019410217655216222e+01,1.068750106020728552e+01,-6.632935068133002154e+00,-8.209829688857713137e+00,-7.604390274105119474e+00,1.347584343813380769e+01,1.391439668410691155e+01,-1.270905450962097838e+01,-5.041125131639028645e+00
-3.745892663704000758e-01,9.892516461454634591e-01,1.426021101459216345e+00,1.930926321386953859e+00,-7.191192717854776317e-01,2.959892227504993922e+00,3.491577929908268096e+00,3.559967412566689582e+00,-3.149242249756507572e+00,-2.774122141190318747e+00,5.165998353921776420e+00,5.769141671749590472e+00,-2.367126370979676597e+00,-1.854620620001038001e+00,-2.932961331904047952e+00,7.627099083009059477e+00,-5.287410151500084865e+00,8.527002881230684395e+00,9.482895376698634138e+00,-5.637588189364822533e+00,8.666370506138861174e+00,1.023503198158740624e+01,1.134588121201288935e+01,-6.705632142754236469e+00,-7.343702754269404664e+00,-8.186806746341922292e+00,1.327672196107220870e+01,-5.903040363736371532e+00,-8.502943247075613442e+00,-7.667329093025299969e+00
-3.894185680627202384e-01,4.365233139097276505e-01,-1.014866406584987724e-01,-1.933011001497082937e+00,-1.943705841971810733e+00,2.461917601834283875e+00,3.456351227324166775e+00,-2.834027162065839711e+00,-5.196889873449375141e-01,-2.680906681027588334e+00,5.017053154562461259e+00,5.832269433983126916e+00,-2.487094525335757034e+00,-6.077030994550156606e+00,-6.542010212960889248e-01,7.601782219191258960e+00,7.426730632018426981e+00,2.990866738943432246e+00,-6.397962647076284703e+00,8.817981956872460003e+00,-4.985540500828335553e+00,-6.830787420716191605e+00,1.095759609890064468e+01,-5.863469167305468410e+00,-1.043288785165332300e+01,-7.555829649011692517e+00,1.337399583002651937e+01,-5.440397067364475703e+00,-9.930455889852094487e+00,1.404832623458293739e+01
-3.894185680627202384e-01,4.202946678881910869e-01,-1.108328639195949039e-01,1.850469841540182347e+00,-1.969164858610969571e+00,2.461917601834283875e+00,3.456351227324166775e+00,3.844384412917885019e+00,-5.196889873449375141e-01,4.454899039985138032e+00,-4.635750841698990321e+00,-8.905502740200614831e-01,4.366864493418328941e+00,-6.077030994550156606e+00,-1.200065808225653452e+00,7.556271243246656333e+00,-4.949676616590233280e+00,2.946600807507433917e+00,9.290353829324446977e+00,-5.588025560958925553e+00,-4.985540500828335553e+00,-6.391569354504850864e+00,1.109907974418289811e+01,-5.863048728757257244e+00,-1.044910700698033423e+01,-7.009790098750904974e+00,1.337399583002651937e+01,-7.284354618813168258e+00,-1.027022185908052343e+01,1.404832623458293739e+01
-3.688343212942117866e-01,9.733824725597545191e-01,1.208729155813971445e+00,-1.900098759320488551e+00,-1.096837227967255579e+00,2.745973382697934895e+00,3.218194347916874420e+00,-2.773933837347112075e+00,-8.576702534166084080e-01,-2.640443558894044251e+00,-5.113048480006287200e+00,5.968670303926042919e+00,-3.284971002383533012e+00,5.392127126646028223e+00,1.479438785526314692e+00,7.240970191525970101e+00,-4.043468490069651367e+00,6.229586090973757706e+00,-5.592069882664510772e+00,8.720559139662835690e+00,-5.861491425254624410e+00,-4.645760388492966797e+00,-4.571726871124208280e+00,-7.574628860308282974e+00,-4.651124124561745177e-01,1.254354883110279673e+01,-5.900177024265138570e+00,-7.798004076630030923e+00,-5.885582481124052023e+00,1.266734799106145104e+01
-3.894185680627202384e-01,4.197927536678213167e-01,-1.014866406584987724e-01,-1.933011001497082937e+00,-1.969164858610969571e+00,2.461917601834283875e+00,3.456351227324166775e+00,-2.377467911668045275e+00,-5.196889873449375141e-01,4.454899039985138032e+00,5.472921742736210682e+00,5.832269433983126916e+00,4.366864493418328941e+00,-6.077030994550156606e+00,-6.542010212960889248e-01,7.556271243246656333e+00,7.426730632018426981e+00,2.990866738943432246e+00,-6.397962647076284703e+00,8.659319644875042243e+00,-4.985540500828335553e+00,-6.830787420716191605e+00,1.095759609890064468e+01,-5.866901023304510687e+00,-1.043288785165332300e+01,-7.009790098750904974e+00,1.337399583002651937e+01,-6.221591363582870571e+00,-9.930455889852094487e+00,1.404832623458293739e+01
-4.263391344459053212e-01,-3.947458735588640910e-01,1.255043933094024844e+00,1.778938985433931919e+00,-1.931090466814030959e+00,2.537443960535044507e+00,3.499725078714541748e+00,3.727933981793657647e+00,-5.861602484397753221e-01,3.684372602281218434e+00,-3.193696076716655341e+00,-2.118560105040170338e+00,6.274151276716589010e+00,-2.989143575782624129e+00,-1.444471755639952004e+00,-5.373645687863218612e+00,7.776006461687615001e+00,6.902957177713456183e+00,9.124429713871563763e+00,-5.994801664585721390e+00,-4.587097757910278517e+00,1.015246085739294024e+01,1.068750106020728552e+01,-6.630002877861140398e+00,-9.888872342334657617e+00,-7.279149330644343330e+00,1.248704456430936283e+01,1.390267674408321597e+01,-1.106385433099378446e+01,-5.621383173264581146e+00
-3.709634067158623649e-01,3.823568739134743932e-01,9.443072183358924843e-02,1.930926321386953859e+00,-7.191192717854776317e-01,2.999167903813015457e+00,3.193410020799402727e+00,-2.695126649309361078e+00,-2.704568456484278460e+00,-3.014809091950807485e+00,-2.179885088324938103e+00,5.924574040220610627e+00,4.065087734640595585e+00,6.788924396040161291e+00,-3.526887620514581823e+00,7.628479038713147808e+00,-5.493901046382033471e+00,8.527002881230684395e+00,9.482895376698634138e+00,-5.258212260732815224e+00,8.666370506138861174e+00,-5.006767496031111264e+00,1.131381257611996460e+01,-6.163198677278190374e+00,-1.076718621770379691e+01,-8.222928062957496564e+00,1.203734241985867826e+01,-3.866859603952674362e+00,1.195405142139093080e+01,-7.538901715386444380e+00
-4.631151562122667320e-01,-3.949902584345842405e-01,-1.056521212452010916e+00,1.772606105290458256e+00,-1.931090466814030959e+00,2.654873193713146229e+00,3.400168102940068771e+00,-2.703967567612650225e+00,-5.729267269402138485e-01,-2.576051548077733511e+00,-4.821774923046981520e+00,-2.515907921713208317e+00,6.173802528860834471e+00,6.777095177015650229e+00,-4.341187692085102690e+00,-7.333379097158298165e+00,6.084037888306969677e+00,6.629903673953436716e+00,9.074131641256087732e+00,-5.715404956853451068e+00,-4.947558413156062151e+00,1.013038215151641630e+01,1.071046141973038601e+01,-2.650587433885938538e+00,-1.093963149788138445e+01,-7.530512014278026633e+00,1.100972441491228970e+01,1.390267674408321597e+01,-1.106143000021411105e+01,-5.621383173264581146e+00
-3.514432544634210065e-01,9.663201239698102629e-01,-9.680906705687871705e-01,1.873818939898501013e+00,-2.107716942271813387e+00,2.532938795285132993e+00,3.417915897033036110e+00,-2.660740874721114313e+00,-5.731255687777082608e-01,3.682216329699126156e+00,5.034495333004891826e+00,-1.514267196812115746e+00,6.221954783911119335e+00,5.020764379487442142e+00,6.956306358553590030e+00,-7.390215705835169402e+00,-6.374158273788156137e+00,-6.770461078098229279e+00,5.812484733664143199e+00,8.842173792722844539e+00,-4.949749980986489994e+00,1.028313540562748685e+01,-6.086100700138316277e+00,-6.544770981603525328e+00,3.460375072086545600e-01,-7.466349062474278320e+00,1.135272816445601052e+01,8.825841057934795231e+00,-1.098148976052682357e+01,-7.443467825102140445e+00
3.431410714781453763e-01,9.733824725597545191e-01,-1.161459319210396135e+00,1.908986572670605231e+00,-1.105921495349955208e+00,2.745973382697934895e+00,3.218194347916874420e+00,-2.773933837347112075e+00,-8.576702534166084080e-01,-2.640443558894044251e+00,-5.111869297719644933e+00,5.849155670487466097e+00,-3.284971002383533012e+00,5.396053302351678127e+00,1.479438785526314692e+00,7.240970191525970101e+00,-4.043468490069651367e+00,6.379188447301082476e+00,9.479995189685805457e+00,-5.630591543017412270e+00,-5.861491425254624410e+00,-4.645760388492966797e+00,-4.571599186691768679e+00,-7.574628860308282974e+00,-5.300953051425791873e-01,1.254453889350462958e+01,-5.542288086011120996e+00,-7.785497788320654422e+00,-5.967930230914587852e+00,4.494623155729069452e+00
