-4.667748183987320276e-01,-9.900113269845488562e-01,1.492938940810434767e+00,1.993116608145766078e+00,-1.646139807945603328e+00,-1.603743793692051556e+00,2.489718772434523331e+00,3.924116168345211708e+00,-2.411403778707824408e+00,-2.850669477068105362e+00,-2.873895703207656638e+00,5.935237692173169322e+00,6.453206283678426303e+00,-2.745253045981495443e+00,-4.117872455610694260e+00,-4.941194943340226686e+00,-3.984645883831249513e+00,8.996425797768370813e+00,-5.994185650546636879e+00,-7.255234748262177291e+00,-5.843929921985542286e+00,-1.269518257584061338e+00,1.145649952712477848e+01,-6.849804169134585230e+00,-7.739722839531586018e+00,-7.648447107670121703e+00,2.338262730686468949e+00,1.339539162677077933e+01,-8.683504793948049638e+00,-9.295050647480632477e+00
3.503772122472941231e-01,9.170517719757446118e-01,1.479757519617431072e+00,1.853540997428617221e+00,-1.365465162381473085e+00,-1.589146823362243000e+00,3.231480916650299129e+00,2.640313650882398111e+00,-2.550370959650710034e+00,-1.406741176121924175e+00,-2.414264335706791442e+00,5.929858052785471401e+00,6.430813868679711831e+00,-2.655959152677400681e+00,-4.114284281280218281e+00,-4.661379073856677380e+00,7.489221953960766065e+00,-4.166588797797095900e+00,-4.032580408046581688e+00,-8.824116024757007182e+00,-5.834932362168165021e+00,1.079363530053392850e+01,1.104740296983560377e+01,-5.855840808279155318e+00,-6.288578203627568364e+00,-7.205481763699829401e+00,1.338192541334349173e+01,-8.060910372301034243e+00,-8.884555993819802211e+00,-4.522488620443575691e+00
4.788889703313029544e-01,-9.999485702069321746e-01,1.470878050386296154e+00,1.915311085511415268e+00,-1.243731313552225659e+00,-1.678511839459368771e+00,3.211176231837963524e+00,-1.783833772969485754e+00,-2.393026907076806875e+00,-2.903246354699535736e+00,-3.074876872916290527e+00,5.961650691302629923e+00,6.248514316571467830e+00,-3.884896575144813902e+00,-4.111853460477720823e+00,-4.594867516063648516e+00,7.479252525089567172e+00,-5.565530906676477763e+00,-4.032686077939851010e+00,-6.592795357883081131e+00,-5.857683291678345228e+00,4.966145068189732115e+00,9.310743471344292033e+00,-6.514561309026645652e+00,-6.500061962277360550e+00,-7.249315618725692190e+00,1.338196609123989056e+01,1.132050130311765912e+01,-6.510925062316769818e+00,-7.740209503277983849e+00
4.729809469640855468e-01,-9.448729814147406314e-01,1.349320279302360204e+00,-1.980113537660205925e+00,-2.119944819877374709e+00,-1.121441169676683058e+00,4.788959059934924656e-01,3.819184021980470689e+00,4.437223415729313558e+00,-2.796368892641876158e+00,-2.989973826014415526e+00,-4.730826799384813874e+00,-3.846287898849436449e+00,6.855916002727149738e+00,-3.996868019113442916e+00,-4.667428789283516899e+00,-3.301254931566300677e+00,-3.777557740128617780e+00,9.146396606677566155e+00,-7.669631306592865627e+00,-5.867709056757736796e+00,-1.872121969430799560e+00,-5.098464049295977851e+00,8.532184969411968467e+00,6.575522733755065019e+00,-7.722464078554653888e+00,3.674691083259774338e+00,-6.444321255809507321e+00,1.439146183123544631e+01,-8.283505523952081617e+00
-4.018424466292926933e-01,-9.962773678476032346e-01,1.468398451971749674e+00,-1.999870163833762815e+00,-1.192394054730147923e+00,-1.133686461956096680e+00,2.579057140671459969e+00,-2.188983096510879633e+00,-2.127411592055628020e+00,-2.809928475800719028e+00,-3.273466116108010304e+00,2.751317174826114265e+00,-3.680520045962312636e+00,-3.800507362768539732e+00,-4.005721401072633192e+00,-4.671999651656856045e+00,6.797203168001797913e+00,-4.993704263554535672e+00,-5.249915744541374885e+00,-9.021464008932593259e+00,-5.849735973674962786e+00,8.182706274815063630e-01,-6.281106374957547089e+00,7.633276934619125598e+00,5.938699626534415188e+00,-7.126145125444386608e+00,1.100212214714979631e+01,-7.811419621558767901e+00,-7.259082288723551102e+00,1.856877487969209817e+00
4.999984322830087757e-01,9.957989240427107536e-01,1.490958220045002225e+00,1.993029615276886712e+00,-2.412880511835890474e+00,-1.052047576913145877e+00,2.355946390179071592e+00,3.959122232526966378e+00,-2.275429226264459537e+00,-3.045151414616849461e+00,-3.066827692547859474e+00,5.958769453400554639e+00,-4.286013296038571063e+00,-3.917114410637710709e+00,-3.634544431148201138e+00,-4.684747739024174962e+00,-3.456390718913683102e+00,-2.891986763966686524e+00,-5.215871418127597359e+00,-6.579773203926386316e+00,-5.749831187687273193e+00,5.088378192247756004e+00,1.076852400847498359e+01,-6.468108681427617412e+00,-7.696836388387547245e+00,-5.794489180464974964e+00,1.315212883559286894e+01,1.129966350428535193e+01,-8.754598016336117894e+00,-7.859223261645249536e+00
-4.999518082907473682e-01,-9.812647620723917719e-01,1.437036965731661953e+00,-1.980983289938854419e+00,-1.396163833398082144e+00,-1.079592356468963121e+00,2.918502305274424113e-01,-1.938629146427609307e+00,-2.113653242801667886e+00,-2.794463449174047653e+00,-2.987713377101187451e+00,-4.610268816275964632e+00,-3.713613322361054792e+00,6.532711028814073728e+00,-4.118399353134252650e+00,-4.937879147752045839e+00,-2.303672838475209428e+00,-4.754285566228547921e+00,8.286024010590255173e+00,-5.666903070466011272e+00,-6.265399209934811253e+00,-5.094673789122221130e+00,-6.290332254293200975e+00,-5.046893723320121872e+00,-7.116133256718976341e+00,-7.123908255676893120e+00,1.105282534731954946e+01,1.266398634818587965e+01,-9.400714852881382200e+00,-8.431098648650468874e+00
4.428581241197070417e-01,9.773388487177847583e-01,1.472308366795344492e+00,1.882974352369616744e+00,-1.167037382088399244e+00,-1.623313535843414757e+00,3.207189306439484966e+00,-1.785002776009977588e+00,-2.260962745116322115e+00,-3.541547846995498627e+00,-2.914473819603963012e+00,5.928923755475322466e+00,6.248663630010284464e+00,-2.778372266303727578e+00,-4.111869316971388244e+00,-4.476776253351336443e+00,7.918283742100954647e+00,8.946459913518769014e+00,-6.416065979640214856e+00,-7.334892533613225574e+00,-5.843600440407341168e+00,1.094680292975911406e+01,9.243814648765878772e+00,-6.517262762528256204e+00,-7.748118680245875467e+00,-7.227048324945298141e+00,1.326863939941084425e+01,8.762519158465380542e+00,-6.491781606005133654e+00,-7.743561514726002848e+00
-3.995546615852590966e-01,-9.971539115000165321e-01,6.161871101373711523e-01,-1.116997685689262942e+00,-1.195902979470673255e+00,-1.603368587941012668e+00,2.739959060748657915e-01,-6.514738130008357331e-01,-2.494030242603946235e+00,-2.536666309263972963e+00,-2.478689464250244168e+00,5.835164979877607294e+00,5.292802002490245350e+00,-3.960469049947019649e+00,-4.016228581937282271e+00,-4.670235459339676432e+00,7.363334241853246809e+00,-3.905600390589104798e+00,-5.257114215503432497e+00,9.347427596130457594e-01,-5.653134169603607262e+00,8.605581590631699029e-01,5.914170842053086297e+00,-6.714517962910313109e+00,6.482288257410899313e+00,-7.597610683197119741e+00,1.174694330531307074e+01,-7.943514666686851911e+00,-8.013418870939398531e+00,-7.473390824833751722e+00
3.345663846152516774e-01,-9.899460834246315288e-01,1.492359226496594582e+00,1.988879852642986057e+00,-1.632141091025396173e+00,-1.603769787641900146e+00,2.533017254388305162e+00,3.924478020963860558e+00,4.040964080052508400e+00,-2.698133891788475403e+00,-2.873895703207656638e+00,5.803416441944531989e+00,6.215550510830855302e+00,-3.903532622066939517e+00,-3.999255211453614400e+00,-4.669851403535941081e+00,-3.984731621705844162e+00,8.996425797768370813e+00,-5.989525682777679272e+00,1.016976071894201361e+00,-5.645536623477221738e+00,-1.215236577198016699e+00,1.149493988423478186e+01,-6.715109621932221273e+00,-7.503372362755289515e+00,-7.648447107670121703e+00,2.338262730686468949e+00,1.340219005785188067e+01,-8.683504793948049638e+00,-7.749186990831058885e+00
3.583540935389212811e-01,9.590117159077292674e-01,1.468398451971749674e+00,-1.999870163833762815e+00,-1.194137985711768213e+00,-1.593215771087563848e+00,2.576572532509265656e+00,-2.188983096510879633e+00,-2.524982738470077592e+00,-2.809928475800719028e+00,-3.273466116108010304e+00,5.929964657415547791e+00,6.296561200941935610e+00,-3.800828167043362349e+00,-4.005721401072633192e+00,-4.535070310643474656e+00,7.521817182688310233e+00,-4.168197512331447641e+00,-5.249915744541374885e+00,-9.021464008932593259e+00,-5.834777417536378685e+00,8.182706274815063630e-01,-6.281106374957547089e+00,-5.881252369802686175e+00,6.021815848741965738e+00,-7.201270110002634617e+00,1.338341206217695856e+01,-7.811419621558767901e+00,-7.259082288723551102e+00,1.856877487969209817e+00
-4.417176425989445265e-01,-9.971539115000165321e-01,1.490210248228864609e+00,-9.883075175443766236e-01,-1.403072723726148219e+00,-1.636536994340614948e+00,1.541467103674056149e+00,3.743762602980383214e+00,-2.416576303282060412e+00,-2.891621072924026148e+00,-2.887358041020625432e+00,5.524932349440215162e+00,6.407786250832546493e+00,6.860446040887814512e+00,-3.995119531154790238e+00,-4.665115770814400875e+00,-3.063232238689658438e+00,8.479192198601328556e+00,-4.867318510683571020e+00,-8.436719371331482975e+00,-5.653134169603607262e+00,1.061654284858343011e+01,1.015579868537886377e+01,-6.664151409221689804e+00,6.482288257410899313e+00,-7.217266289783952793e+00,3.616882958668076853e+00,9.946062100767193215e+00,-8.699807436849354758e+00,-6.707951344076652944e+00
-4.764239909341168033e-01,-9.994265496554884942e-01,1.437036965731661953e+00,-1.892103783525644234e+00,-1.409683373781732696e+00,-1.133370572619909700e+00,1.298227606508944643e+00,3.962360432474866023e+00,-2.592719121539690974e+00,-2.798551631293477282e+00,-2.990060105739731355e+00,-5.447038619622793121e+00,-3.703128063760897870e+00,6.532862707426408733e+00,-4.121470643395013234e+00,-4.634912541725111801e+00,-2.141893819056568837e+00,8.905437785554894958e+00,-5.959551471908232756e+00,-5.707336265466002700e+00,-5.785645313230619813e+00,1.064682982233463449e+01,-5.060813814377742581e+00,-4.648556173943903858e+00,-1.425747403330823726e+00,-7.279050893176271408e+00,4.550682533313352707e+00,1.318841125637998068e+01,-5.070335087538261121e+00,-8.006207004973060037e+00
-4.611186898467032891e-01,-9.999749337890165846e-01,1.467973525670955848e+00,-1.938983897870324880e+00,-1.620855590928358403e+00,-1.586476001746348174e+00,2.489711776250099540e+00,-1.916880542929594755e+00,-2.115952675100421843e+00,-2.894810374957759613e+00,-3.108929662778956882e+00,5.535418498362477457e+00,6.248619134802803288e+00,4.812265037389860112e+00,-4.174153555028199847e+00,-4.917476382970500381e+00,-2.949597471139880689e+00,6.748946688747956557e+00,9.206725384914307142e+00,-6.095619153423100123e+00,-5.752536949907129937e+00,1.060182462065032638e+01,1.147973230605004424e+01,1.043458385432076518e+01,6.798818948296165843e+00,-7.253943856031398241e+00,3.716013566187369221e+00,-6.639560652249511641e+00,-8.638765905588563498e+00,-8.008137401638565578e+00
-4.069231598463424748e-01,-9.830700283473398082e-01,9.343962455726714245e-01,1.867591170643158716e+00,-2.191033020565790856e+00,-2.617757258690735167e+00,6.187753276769902833e-02,-7.763124101913930764e-01,-2.111587753812663948e+00,-2.861955850847680338e+00,-2.887468200399261331e+00,-4.816109913139552390e+00,-3.305233096580549645e+00,5.250660989176805238e+00,-4.054665908642816952e+00,-4.199576442363004425e+00,-2.138217802972679049e+00,-4.993630585671246180e+00,7.890352896697662821e+00,-6.837619225360518804e+00,-6.245604145011615316e+00,-1.941465864739492453e+00,1.146659716299346599e+01,9.249250798720391131e+00,-7.080685446193665022e+00,-6.342167598652870275e+00,3.247399856472918067e+00,-7.859187492790210783e+00,1.105736130403868067e+01,-7.953654134257599040e+00
-4.426972263343377234e-01,-9.971539115000165321e-01,1.490210248228864609e+00,-1.215951310457041412e+00,-1.400678233522443916e+00,-1.603283691380516851e+00,1.541467103674056149e+00,3.743762602980383214e+00,-2.416576303282060412e+00,-2.891621072924026148e+00,-2.887358041020625432e+00,5.524932349440215162e+00,6.408016418782677803e+00,6.859255394733344779e+00,-4.016962223799966480e+00,-4.662672690067664050e+00,-3.063232238689658438e+00,8.479192198601328556e+00,-5.111831139177161809e+00,-8.487373830399713270e+00,-5.653134169603607262e+00,1.061654284858343011e+01,1.015655578813873738e+01,-6.665195296998165375e+00,6.482288257410899313e+00,-7.212811717124363753e+00,1.195761861349997446e+01,-8.036784065803857402e+00,-8.699807436849354758e+00,-6.707951344076652944e+00
-4.668945451180820938e-01,-9.162265796775597160e-01,1.469658980636754153e+00,1.834791804832162088e+00,-1.639767993039801253e+00,-1.630382048799823069e+00,3.215417692445576847e-01,2.235269066400193516e+00,-2.425750558869219198e+00,-1.241494026959339969e-01,-3.268357183347298633e+00,2.796346504570907499e+00,-3.420874591764597739e+00,-3.926522916501402172e+00,-4.002891153724974949e+00,-4.914951229118942777e+00,-1.060250386988466964e+00,-4.993023934616245718e+00,-6.115473954989829153e+00,-3.737683933749435194e+00,-5.327391042344704175e+00,-6.834549148724764933e+00,1.108066826309602249e+01,-5.618738533274811431e+00,-7.356613515585880059e+00,-7.788332078181055884e+00,1.271620288109364694e+01,1.254627682372447950e+01,1.123298872281384675e+01,1.605798672650512238e+00
4.481010685945666649e-01,-9.995268206609313477e-01,1.352015669027782696e+00,1.939277475040516174e+00,-1.616879929901269941e+00,-1.663843062261928241e+00,4.844732766827308801e-01,-2.628501387642283582e-01,4.322277242934275954e+00,-2.739060564109949247e+00,-2.907280251022732465e+00,-4.734037728221673902e+00,-3.902385177341296973e+00,6.927839779224117756e+00,-3.997857158289940038e+00,-4.667428789283516899e+00,7.498621453456899566e+00,-3.780425729309776273e+00,-6.185919288868850785e+00,-7.669631306592865627e+00,-5.877856128337677788e+00,-2.489268919590445606e+00,-5.624820901485708013e+00,8.532184969411968467e+00,6.798401847307651735e+00,-7.246682516059101076e+00,1.288850024989056564e+01,1.250744306440370934e+01,1.336682740068035358e+01,-8.006892373464889801e+00
3.508867250592598852e-01,8.255403694201988163e-01,1.489082078586616120e+00,1.980953049560221224e+00,-1.335128845448540380e+00,-1.586252997998263581e+00,2.474714631212565408e+00,-2.001850986841480218e+00,-3.017283943884414121e+00,-2.898926906784434543e+00,-3.061768945701826006e+00,5.839497369696228013e+00,5.213026182203339687e+00,-2.872603273803616908e+00,-4.172971850901960877e+00,-4.663199701118149854e+00,6.881711099155474187e+00,-3.937775021498395756e+00,-6.490369620513340543e+00,-8.731443419025175956e+00,-6.663905370725882626e+00,1.003921430426204253e+01,1.099176956343192302e+01,-6.503049474088884452e+00,1.531087583747963166e-01,-7.018751752090906848e+00,1.234953087336330135e+01,-8.236903263500337857e+00,-7.222874020529644667e+00,-4.452932293990173207e+00
4.590398226158658446e-01,9.164346539254430990e-01,1.494256487479315387e+00,1.997229816644875866e+00,-1.421234719246821987e+00,-1.338866248560533156e+00,3.211048215453551347e+00,3.672620302554241434e+00,-2.387992044496011879e+00,-2.894482730983232166e+00,-3.078082684292879456e+00,5.969821357517496097e+00,6.431556945569595563e+00,-3.882725534091973962e+00,-4.168133260133310536e+00,-4.664135936844068908e+00,7.482395186586448865e+00,8.871357129512107420e+00,-6.067141906781541749e+00,-6.557664461806206546e+00,-4.751444414375416869e+00,1.091460483849524721e+01,9.311900526256561506e+00,-6.783557574245502764e+00,-6.500465700387366041e+00,-7.120082227742278391e+00,1.334983255291180271e+01,1.090112926416599670e+01,-6.568638624290540129e+00,-7.463209295776260355e+00
-4.803540733090282955e-01,9.867731592489854542e-01,6.566556163804807555e-01,-1.683543966456293006e+00,-1.600297605518985034e+00,-1.704134221577805475e+00,5.711260185698400216e-01,3.591614358355982084e+00,-2.069839099226665091e+00,-2.904278066626566179e+00,2.038476267908276185e+00,-3.841412905535937394e+00,-4.320662838458010135e+00,5.272141427664933211e+00,-4.071416489569769759e+00,-4.900189533584776491e+00,-1.762090707008625134e+00,-4.934304663887378872e+00,9.264948803843678249e+00,-8.602013759709224772e+00,-5.664231731932005687e+00,-4.774167911517616325e+00,5.180522674034694575e+00,8.543027912941820290e+00,-6.160808363501174334e+00,-7.788332078181055884e+00,4.349807957410454229e+00,1.333849868375174452e+01,1.252290770111671137e+01,-7.512474134781968793e+00
-4.796713389236323399e-01,-9.971390374480665342e-01,1.341872649191708122e+00,1.913766373034344381e+00,-1.452011376842363921e+00,-1.053280624575698710e+00,1.322546492149909714e+00,3.943429479413440575e+00,-2.306711267652865605e+00,-2.900157097810125872e+00,-2.886380603042609128e+00,5.915904192914983817e+00,5.947098699564087099e+00,-3.827974552022833876e+00,-4.001034130898377228e+00,-4.941194943340226686e+00,-2.145066443809874102e+00,8.937949919396196208e+00,-5.139166108768739250e+00,-5.938539597915414525e+00,-5.753448160017185842e+00,1.055153317404927726e+01,1.120724103432334928e+01,-4.592517432628413943e+00,-6.686594734067116796e+00,-7.302843091144395338e+00,1.316010501554898404e+01,1.350762301042318825e+01,-8.707767489153885876e+00,-7.874540124045995348e+00
4.870424456270606162e-01,9.530179075544957801e-01,1.490888374044379461e+00,-1.987760269983814609e+00,-9.341124937139140272e-01,-1.133578470514709169e+00,2.500461405454998065e+00,-2.188983096510879633e+00,-2.277512412059641722e+00,-2.809928475800719028e+00,-3.273466116108010304e+00,2.734452900994349012e+00,-3.690780090624028453e+00,-3.961482972215343068e+00,-4.814821835163836106e+00,-4.682415663899281100e+00,-4.143044053313310826e+00,-5.004063145049556738e+00,-5.253883757081324823e+00,-6.534044951514945687e+00,-5.849735973674962786e+00,5.156994106804438260e+00,5.562898529084780108e+00,7.186033890479487596e+00,-5.058346636209529734e+00,-7.087832673451459620e+00,1.100212214714979631e+01,-7.808499356093636656e+00,-7.261668588057182738e+00,-7.532829201809810193e+00
4.724625393724005140e-01,-9.754812895138363915e-01,1.464675066221543087e+00,-1.937375834662246499e+00,-1.394076517492868872e+00,-1.593934806171237950e+00,2.487597848855239935e+00,3.762506253655512722e+00,4.326825431586671655e+00,-2.550382364357716369e+00,-3.070643109039907337e+00,5.823004480019216444e+00,-3.312717888683341716e+00,6.862851382953895296e+00,-3.996878581890909388e+00,-4.929896471001948832e+00,7.503884196187492250e+00,-2.716147651550538722e+00,-5.189091437629344661e+00,-8.685679812971827118e+00,-6.270969477582395868e+00,9.885100386260447181e+00,-6.402154851971525673e+00,7.905223375589163659e+00,-5.871128509737623347e+00,-7.294578051800796992e+00,3.651848520240495333e+00,-7.989446013279757786e+00,-1.225535139650867578e+01,-8.282643489205561593e+00
3.857532785866473191e-01,-9.903398620430539090e-01,1.485643585237126141e+00,1.750773243840995086e+00,-1.480756124896224879e+00,-1.603245693323038790e+00,2.419050110395399855e+00,3.897795097751187932e+00,-2.680789950760257057e+00,-2.890615526151059989e+00,-3.445484208434288487e+00,5.822638186192386378e+00,5.723669473342328118e+00,-3.546800079277410145e+00,-4.772423059636334841e+00,-4.657733775064501813e+00,-4.110502586995043117e+00,8.283255427449475405e+00,-6.005201673565196074e+00,-5.784912831578904679e+00,-5.852592794855741687e+00,1.055538541550708587e+01,8.879505124377587322e+00,-6.039769069338635887e+00,-8.082345369356774611e+00,-7.648447107670121703e+00,1.316535257188254704e+01,1.350206148175933940e+01,-7.250073614418760748e+00,-7.273306089440025879e+00
-3.995380572614997128e-01,-9.971539115000165321e-01,1.467328400422160062e+00,-1.104045952355451776e+00,-1.192039106960077310e+00,-1.603284407166758907e+00,5.691365545152469174e-01,-5.832945525758941319e-01,-2.308383763582266379e+00,-2.524042305660986418e+00,-3.108173767304534429e+00,5.835164979877607294e+00,6.447699157349071619e+00,-3.501420017306082322e+00,-4.175816770128324862e+00,-4.670208332128779283e+00,6.011456339030385010e+00,9.066458166700446242e-01,-3.964611278669315286e+00,-8.258573365933756349e+00,-5.652737018566636351e+00,1.089283694851026141e+01,-4.452855931921868127e+00,2.322295469080038366e+00,-5.708346681383776655e+00,-7.552220034626578204e+00,1.174692554233255493e+01,-7.956812750470302120e+00,-8.065140340565530863e+00,-6.142632341156764930e+00
4.428581241197070417e-01,9.773388487177847583e-01,1.471728643003031856e+00,1.878224398438375964e+00,-1.167037382088399244e+00,-1.623313535843414757e+00,3.207189306439484966e+00,-1.785002776009977588e+00,-3.073233246998331669e+00,-3.585040870942444613e+00,-2.914473819603963012e+00,5.542631244700544357e+00,6.248663630010284464e+00,-4.008607280572314302e+00,-3.995885756911174980e+00,-4.476776253351336443e+00,7.918283742100954647e+00,8.949030627857901266e+00,-6.416065979640214856e+00,-8.823792575856714393e+00,-5.645207366530473614e+00,1.094680292975911406e+01,9.243814648765878772e+00,-6.522448120669895211e+00,-7.511768203469578964e+00,-7.227048324945298141e+00,1.326863939941084425e+01,8.762519158465380542e+00,-6.491781606005133654e+00,-7.710619825331530564e+00
4.918873686443676063e-01,-9.755190308175641922e-01,1.463337092323236277e+00,1.972194307663545532e+00,-1.394076517492868872e+00,-1.593934806171237950e+00,2.484026592774156494e+00,-2.262859001286230409e+00,-2.410986550094392111e+00,-2.541879730297059492e+00,-3.070643109039907337e+00,5.823004480019216444e+00,-3.437204731675979730e+00,6.290955812093704580e+00,-4.006878214554848938e+00,-4.605443401839002249e+00,7.503149549129311424e+00,-2.715582022290814912e+00,-4.494786819757655039e+00,-8.717920074242927697e+00,-6.270969477582395868e+00,1.040168630185868537e+01,-6.471187535888748954e+00,7.895823448458655136e+00,-5.871128509737623347e+00,-7.249832880794326861e+00,1.338396402557946097e+01,-7.989446013279757786e+00,-1.203858540962559509e+01,-8.254512314271124751e+00
4.781152384501713426e-01,9.906834044823866758e-01,6.610164565366193345e-01,-1.137960087410903709e+00,-1.473145127246004993e+00,-1.590355125776352629e+00,2.492671622422979016e+00,2.290673067639682259e+00,-2.112138548592159548e+00,-1.588366255820745199e+00,-2.892653579200120451e+00,-1.167352249162134203e+00,-3.423718155936786189e+00,-2.494808300337285623e+00,-4.067408956962180078e+00,-4.635991371624911039e+00,-1.544144475766045632e+00,-3.923085639357867471e+00,-4.938872907636139509e+00,8.477302572872269515e-01,-5.796556676545107756e+00,-6.717836817440876018e+00,1.121931048964947841e+01,8.763802850774311537e+00,6.706704567890021451e+00,-7.696943139176015691e+00,4.230977770912100588e+00,1.145873560916220413e+01,-7.691359484279820968e+00,-8.115763973385984542e+00
-4.699558432171286326e-01,-3.959416149924218087e-01,7.920267243376106769e-01,-1.708276207450645012e+00,-1.423315952408256813e+00,-1.614119552540368430e+00,2.490260146368353578e+00,3.585933216450437833e+00,-2.852716609057868169e+00,-2.538360617699174426e+00,-2.474706537240422222e+00,-4.859280549561516338e+00,-3.702927418253857184e+00,-3.362962471844994639e+00,-4.093648075411387310e+00,-4.933630629822578939e+00,6.954520347262170610e+00,-5.501841179359035827e+00,-5.258020956680310221e+00,6.415461431838753725e-01,-3.789133657344531336e+00,9.996063812512396396e+00,1.114873300340341622e+01,-8.446359460896022853e+00,-5.592549457137486080e+00,-7.650742089956632519e+00,2.831120602918798745e+00,-1.095326789981014493e+01,-8.095999277741668720e+00,-7.254453897144109042e+00
-4.003497084458990107e-01,-9.971539115000165321e-01,6.176366034028666352e-01,-1.964376751186455383e+00,-1.401895423721146505e+00,-1.603367872154770613e+00,2.739959060748657915e-01,-6.514738130008357331e-01,-2.490729369191841958e+00,-2.536548790403552633e+00,-2.478689464250244168e+00,5.835164979877607294e+00,5.292802002490245350e+00,-3.960469049947019649e+00,-4.016228581937282271e+00,-4.662427435079435689e+00,7.348358402231237818e+00,-3.905600390589104798e+00,-5.257114215503432497e+00,9.347427596130457594e-01,-5.670618438825794527e+00,8.605581590631699029e-01,5.914170842053086297e+00,-6.712878134602338953e+00,7.974383782449604219e+00,-7.144338579451090077e+00,1.174423086156008011e+01,-7.942159536847015033e+00,-8.013418870939398531e+00,-7.616431604968799896e+00
-4.803540733090282955e-01,9.094772269319935099e-01,6.566556163804807555e-01,-1.993836120077284058e+00,-1.600297605518985034e+00,-2.035399853565872164e+00,3.132964927490490825e-01,3.591614358355982084e+00,-2.069839099226665091e+00,-2.915182736364759997e+00,2.038476267908276185e+00,-3.841412905535937394e+00,-3.122751120714955420e+00,6.804504172125043659e+00,-4.071416489569769759e+00,-4.899294712859176393e+00,-1.762090707008625134e+00,-4.934304663887378872e+00,9.229492260862272701e+00,-8.602013759709224772e+00,-5.657620031609195799e+00,-4.774167911517616325e+00,-5.255995309116087810e+00,8.543027912941820290e+00,-6.834085627410492414e+00,-7.788332078181055884e+00,4.349807957410454229e+00,1.333849868375174452e+01,1.437029613247653970e+01,-7.512474134781968793e+00
-3.478918882855862593e-01,9.891104948436590938e-01,1.487462714273367848e+00,-1.877009103029671833e+00,-1.392937925475720817e+00,-1.620362574775812581e+00,1.131691173714286069e+00,3.924116168345211708e+00,-2.420380621920116937e+00,-8.428091496278078409e-02,-2.873684454856174852e+00,5.850850675378672427e+00,5.075874441485060728e+00,-3.626001085506530330e+00,-4.172846950898112972e+00,-4.941194943340226686e+00,-4.038260647838760597e+00,-3.669576979815420525e+00,-5.994185650546636879e+00,-3.423991909416944868e+00,-5.645536848108675620e+00,-1.269518257584061338e+00,1.077500707788281886e+01,-6.784938005700529295e+00,-6.749308421307341987e+00,-7.731665184025974469e+00,1.184034672764507690e+01,7.409494043718529710e+00,-8.344912008789201252e+00,-8.905908109388541050e+00
-4.667748183987320276e-01,-9.852371991057963241e-01,1.492938940810434767e+00,-1.259184471593557841e+00,-1.646139807945603328e+00,-1.932817064395256468e+00,2.129842833399302471e-01,3.924116168345211708e+00,-2.411403778707824408e+00,-2.850669477068105362e+00,-2.873895703207656638e+00,-3.991632511852851728e+00,6.348560069083645452e+00,-2.745253045981495443e+00,-4.113943990624919778e+00,-4.941194943340226686e+00,-4.008632576662821911e+00,8.996425797768370813e+00,-5.994185650546636879e+00,-7.255234748262177291e+00,-5.843996757873882508e+00,1.174105673763294888e+00,1.139290370742199165e+01,-6.814797805182707613e+00,-5.738702692442537945e+00,-7.648459254802244978e+00,2.338262730686468949e+00,1.307982811241436849e+01,-8.685689185092829945e+00,-9.295050647480632477e+00
-4.925243177133181161e-01,9.183808298748463717e-01,6.566556163804807555e-01,-1.993836120077284058e+00,-1.600297605518985034e+00,-2.035399853565872164e+00,3.132964927490490825e-01,3.591614358355982084e+00,-2.070591963013483472e+00,-2.913914861844570936e+00,-2.927498775022017163e+00,-3.841412905535937394e+00,-3.122751120714955420e+00,6.804504172125043659e+00,-4.071416489569769759e+00,-4.899294712859176393e+00,-1.762090707008625134e+00,-4.934304663887378872e+00,9.229492260862272701e+00,-8.602013759709224772e+00,-5.663696966846043956e+00,-4.303855369199117931e+00,-5.245319340280961029e+00,7.586279379863635874e+00,5.272035020107278314e+00,-8.796543490145179334e+00,4.349807957410454229e+00,1.364407486846941353e+01,1.417680340722359134e+01,-4.633868994706237032e+00
3.020024743279913215e-01,-8.715316908126620188e-01,1.493577352610321540e+00,-1.678447109625219147e+00,-1.396351590328263503e+00,-1.607821830171594968e+00,6.021208548170882136e-01,3.879327733944965662e+00,-2.397032560872879969e+00,-3.085809383101458803e+00,-2.453028718064745206e+00,5.899692701993727084e+00,5.347774829013951958e+00,5.315922574873610529e+00,-4.069733943150132482e+00,-4.930757826775986175e+00,7.372542735870257324e+00,-3.885857242533407252e+00,9.151387473883898949e+00,-5.670740537325571928e+00,-6.685707210078918550e+00,6.647261344256234494e-01,9.259223113185562681e+00,8.276956375824052969e+00,-6.402905035590531035e+00,-7.500546408972280865e+00,1.326921597184339596e+01,1.242427981271173820e+01,1.163737159556649914e+01,-7.400676860536196777e+00
4.729809469640855468e-01,-9.448729814147406314e-01,1.351674424852531198e+00,1.884779515324323640e+00,-2.131836749573085221e+00,-1.663843062261928241e+00,4.765734070715623161e-01,-2.604964810819035970e-01,3.399303377390177960e+00,-2.738330307706545064e+00,-2.905609001596805907e+00,-4.734037728221673902e+00,-3.326605289429783952e+00,6.855914580793440294e+00,-3.530610817036992977e+00,-4.667428789283516899e+00,-3.218985703840998358e+00,-2.570962470975993952e+00,8.925654885097806357e+00,-7.669631306592865627e+00,-5.867668669491666655e+00,-2.434198442153109099e+00,-6.138288226882734122e+00,8.532184969411968467e+00,-6.366594054110295886e+00,-7.666675250972009081e+00,3.676811955757814943e+00,1.250744306440370934e+01,1.336682740068035358e+01,-4.418748648450151251e+00
3.534213397347667485e-01,9.112643385864598322e-01,1.341872649191708122e+00,1.988609209234377229e+00,-1.336727205227159043e+00,-1.603260800019250309e+00,2.489820216084058568e+00,3.943429479413440575e+00,-3.008898148250059634e+00,-2.894082287855845870e+00,-2.889463334057247756e+00,5.536981652147248134e+00,6.448977664345562744e+00,-2.870908581627252154e+00,-4.000742289479142677e+00,-4.946401312919774362e+00,-3.253793256717839366e+00,8.800792212962976535e+00,-3.889208806049831324e+00,-8.731374733098633101e+00,-6.850782163265367153e+00,-1.549856637481243915e+00,1.122495597056002836e+01,-6.755912996365581513e+00,-6.669919217164369307e+00,-7.026843214860314824e+00,1.234898225905602231e+01,-9.318774625052515859e+00,-5.597866138707699335e+00,-9.245272353413309219e+00
3.320031857197441871e-01,-9.313487482485967028e-01,1.490888374044379461e+00,-1.987760269983814609e+00,-1.623521011206175535e+00,-1.587291751905588244e+00,2.499338454831763201e+00,-2.188983096510879633e+00,-2.277512412059641722e+00,-2.809928475800719028e+00,-3.309317038146019296e+00,2.778305698764887310e+00,-3.690780090624028453e+00,-3.961482972215343068e+00,-4.814821835163836106e+00,-4.682415663899281100e+00,-4.143044053313310826e+00,-5.894221771626849460e+00,-5.253883757081324823e+00,-6.604319578295209325e+00,-5.646967907182979474e+00,5.156994106804438260e+00,5.562898529084780108e+00,7.186033890479487596e+00,-5.058346636209529734e+00,-7.093195950075598333e+00,1.098124756801969326e+01,1.362145093744633684e+01,-7.261668588057182738e+00,-7.523100329453567880e+00
4.729809469640855468e-01,-9.447332600806712666e-01,1.349320279302360204e+00,-1.980113537660205925e+00,-2.119944819877374709e+00,-1.123424844905736908e+00,5.060059255735036565e-01,3.692734900393420894e+00,4.437223415729313558e+00,-2.884961552346543723e+00,-2.989973826014415526e+00,-4.722256810904696067e+00,-3.846287898849436449e+00,5.265883695818537547e+00,-3.996835196780256005e+00,-4.667428789283516899e+00,-3.301254931566300677e+00,-3.777557740128617780e+00,9.041927555618544332e+00,-7.669631306592865627e+00,-5.867709056757736796e+00,-1.872121969430799560e+00,-5.098464049295977851e+00,8.532184969411968467e+00,6.449282019755694151e+00,-7.722464078554653888e+00,3.674691083259774338e+00,-6.444321255809507321e+00,1.420880417115932559e+01,-9.378316243223093096e+00
-3.980776970774745349e-01,-9.970807966973429526e-01,1.455306212292776458e+00,-1.978048446602077792e+00,-1.393160919172396151e+00,-1.045270060189267269e+00,2.739959060748657915e-01,-4.889884108098387916e-01,-2.494030242603946235e+00,-2.787462973057497351e+00,-2.478689464250244168e+00,5.802501106755775240e+00,-3.492049077061450735e+00,-4.147093485982036754e+00,-4.016228581937282271e+00,-4.670235459339676432e+00,-7.826177464980208498e-01,-3.924728505251698252e+00,-5.257114215503432497e+00,9.609354496326973916e-01,-6.362194224266056963e+00,8.605581590631699029e-01,-5.292327775663338230e+00,8.269108536490636041e+00,6.482288257410899313e+00,-7.597610683197119741e+00,4.614174579640884843e+00,-9.588300464064204220e+00,-8.336709240512885088e+00,-7.473390824833751722e+00
4.851714812375590435e-01,-9.850475711238053655e-01,1.454029883939419454e+00,-1.176783023250013827e+00,-2.119644997635283357e+00,-1.937364097165870991e+00,1.780354492388489529e-01,-2.199387102532868177e+00,4.300389821018497649e+00,-1.483291043539486820e+00,-3.123465390141499043e+00,-4.779227205574210657e+00,-3.840361683679279547e+00,5.183958162770845313e+00,-4.179036907862315076e+00,-4.234301804813125791e+00,-7.820202012440040651e-01,8.566073741115811657e+00,6.858148977566274951e+00,-7.669631306592865627e+00,-5.861399856254305263e+00,-1.670498190684825746e+00,5.922896838621333870e+00,-5.055634024686512795e+00,-6.099559145315602393e+00,-7.746337542698149115e+00,3.389976510609907567e+00,-9.959037592456567722e+00,-9.268456425114198538e+00,-7.967455364894769687e+00
3.859452448472894814e-01,-9.903398620430539090e-01,1.492607205616178323e+00,1.894031841294002483e+00,-1.633079443825279586e+00,-1.603216955623486539e+00,2.532849335526486279e+00,3.944045777757469118e+00,-2.637424487833349929e+00,-2.882289779288171427e+00,-3.441154788617646343e+00,5.823057338093940771e+00,5.723669473342328118e+00,-3.544532719042004842e+00,-4.808638270189147690e+00,-4.940770994227621671e+00,-3.985374772937597676e+00,8.283977029848253792e+00,-5.983146293019484752e+00,-5.924152598229611932e+00,-5.859018868323458307e+00,-1.861213921812668204e+00,1.134790601533305754e+01,7.384511519906685528e+00,-8.082345369356774611e+00,-7.648447107670121703e+00,1.302784726456672537e+01,1.350422062547999325e+01,-8.784877901077695839e+00,-7.273306089440025879e+00
-4.701855443159443371e-01,-9.906802397501780488e-01,1.434140815296556681e+00,-1.740900234995728102e+00,-1.632141091025396173e+00,-1.603743793692051556e+00,2.533017254388305162e+00,3.881795528757932878e+00,4.444097067697169834e+00,-2.704804581921265161e+00,-2.873895703207656638e+00,5.803416441944531989e+00,6.214705507543227370e+00,-3.903532622066939517e+00,-3.997562010197662552e+00,-4.941197672515066586e+00,-3.953668546519886640e+00,8.528781013798733213e+00,-4.789775353574883709e+00,-8.726566353046699476e+00,-5.645536848108675620e+00,-1.269518257584061338e+00,5.456393107493040517e+00,-5.995486849671507912e+00,-7.503372362755289515e+00,-7.648447107670121703e+00,2.155108681724329678e+00,1.367535577845221439e+01,1.198797975681198480e+01,-1.238337877190827996e+01
4.343582923794285788e-01,-9.998659109639167486e-01,1.472322861839532759e+00,-1.116997685689262942e+00,-1.201901190917927575e+00,-1.678933856157836413e+00,5.706710323836279297e-01,-1.763768106809786573e+00,-2.719883381809788947e+00,-2.523924786800566089e+00,-2.907011868978434777e+00,5.835164979877607294e+00,5.635548415431605562e+00,-3.948686430716499274e+00,-4.172359413812070983e+00,-4.658178328912631727e+00,7.475345710150672396e+00,-3.924046293107620098e+00,-6.430069304190840107e+00,-8.815053668786456242e+00,-5.646996799848034598e+00,1.094259633882434279e+01,5.733249233308707282e+00,-6.514596092248061687e+00,4.533000340004932127e+00,-7.597610683197119741e+00,1.174421309857956430e+01,8.699814476779758721e+00,-8.182183572498379576e+00,-7.746028408667402054e+00
-2.835364256519192216e-01,9.530179075544957801e-01,5.863109847113262552e-01,-1.987760269983814609e+00,-9.341124937139140272e-01,-1.133578470514709169e+00,2.500461405454998065e+00,-2.299203901752629786e+00,-2.282632743906701567e+00,-2.920584950368188881e+00,-3.273466116108010304e+00,2.734452900994349012e+00,-3.690780090624028453e+00,-3.961482972215343068e+00,-4.049786331966775066e+00,-4.682415663899281100e+00,-4.143044053313310826e+00,-5.004063145049556738e+00,-5.253883757081324823e+00,-6.534044951514945687e+00,-5.849735973674962786e+00,-7.219516385021072402e+00,5.797545455142121718e+00,1.816418775548051645e+00,-5.058346636209529734e+00,-7.087832673451459620e+00,1.100212214714979631e+01,-7.808499356093636656e+00,-7.180733770896473800e+00,1.694522635042873038e+00
3.198031798314150964e-01,-9.993744875121524096e-01,1.437036965731661953e+00,-1.980983289938854419e+00,-1.395684656861525541e+00,-1.133370572619909700e+00,1.341526088529285676e+00,3.962722285093584595e+00,4.407641730161664384e+00,-2.796962743060177115e+00,-2.990060105739731355e+00,-5.077882729874438006e+00,-3.815747884203765317e+00,6.638008875099206563e+00,-4.118836959298146638e+00,-4.634912541725111801e+00,-2.110916481745205964e+00,8.905437785554894958e+00,-4.590004429520229579e+00,-5.707336265466002700e+00,-5.785645313230619813e+00,1.064682982233463449e+01,-5.060813814377742581e+00,-4.648556173943903858e+00,-1.425747403330823726e+00,-7.279050893176271408e+00,4.550682533313352707e+00,1.319520968746108025e+01,-5.070335087538261121e+00,-8.006207004973060037e+00
-3.988979330331701711e-01,9.867731592489854542e-01,6.566556163804807555e-01,-1.955087082426937295e+00,-1.600297605518985034e+00,-1.701865170787954851e+00,5.672475491094136624e-01,3.591614358355982084e+00,-2.069839099226665091e+00,-2.904278066626566179e+00,-2.351211244839208181e+00,-4.045989532889676887e+00,-4.320662838458010135e+00,-3.669707816179105464e+00,-4.066677709659010986e+00,-4.895965218596417756e+00,6.116117506603673704e+00,-4.934304663887378872e+00,9.141709030224053123e+00,-8.772460332499253610e+00,-5.664231731932005687e+00,-4.774167911517616325e+00,5.180522674034694575e+00,-6.254506399317067533e+00,7.694364044063846109e+00,-7.788332078181055884e+00,3.946362870399956257e+00,1.330748012484500009e+01,1.256909532934864338e+01,-6.289542986169873728e+00
-3.809493968475206604e-01,-4.550892098535120334e-01,7.920267243376106769e-01,-1.685312837973328648e+00,-1.369306837594333803e+00,-1.617596186929119995e+00,2.489860806431809070e+00,-6.542680097730848576e-01,-2.411107563423624089e+00,-2.538360617699174426e+00,-2.470022645144329232e+00,-5.039732008670748442e+00,-3.702927418253857184e+00,-3.362962471844994639e+00,-4.012788370889460055e+00,-4.929896471001948832e+00,7.229575444221943314e+00,-7.077000435633697961e+00,-5.256116414767255662e+00,-8.733780408600571477e+00,-5.875837822298904278e+00,1.070243664280052265e+01,-6.221024588160655178e+00,1.714203630293296143e+00,-5.871128509737623347e+00,-7.303896955135423141e+00,1.318588731278730108e+01,-7.986277575409236995e+00,-8.056670885945337091e+00,-1.365100808733952142e+01
-3.123584162260606423e-01,9.179172277354488152e-01,1.494639159599030709e+00,1.999661920781875768e+00,-1.425617725585792916e+00,-1.331682478500725741e+00,2.437875194619168351e+00,3.750297141695106529e+00,-2.558268491818235457e+00,-2.862604303100310332e+00,-3.269780323227912788e+00,5.538112166778903500e+00,-3.674951795231148122e+00,-2.997916811561329720e+00,-4.168642516014968713e+00,-4.679684862528466383e+00,-3.912304658395813206e+00,6.353678493517973536e+00,-6.176718727874890291e+00,-6.533725115084414448e+00,-4.802921358176149624e+00,1.063723574038916020e+01,5.537451325247217504e+00,-6.247084825060751356e+00,-6.386041485802187445e+00,-7.487099156355897733e+00,1.124428687476488342e+01,-8.620928605626206220e+00,-8.910028154124617572e+00,2.175555034399977661e+00
4.924057735113068213e-01,-9.449107227177526713e-01,1.347982212724972317e+00,-1.981419904807652177e+00,-2.119944819877374709e+00,-1.121441169676683058e+00,4.788959059934924656e-01,-2.220952686464167325e+00,-2.367148830014285110e+00,-2.786861421968557018e+00,-2.989973826014415526e+00,-4.730826799384813874e+00,-3.846287898849436449e+00,4.832913006741334172e+00,-4.006867651777382022e+00,-4.667428789283516899e+00,-3.301254931566300677e+00,-3.776992110868893970e+00,9.407792863165783004e+00,-7.669631306592865627e+00,-5.867709056757736796e+00,-1.375246196957746747e+00,-5.167496733213200244e+00,8.522785042281457280e+00,6.575522733755065019e+00,-7.733164971525906317e+00,1.298508369442880372e+01,-6.444321255809507321e+00,1.421738035821056911e+01,-8.255374349017642999e+00
-3.478918882855862593e-01,9.616736121451362473e-01,1.490246296399536652e+00,-1.212501762922058468e+00,-1.392937925475720817e+00,-1.620362574775812581e+00,1.137572154697520821e+00,3.924116168345211708e+00,-2.420393772599305215e+00,-1.312811544043666068e-01,-2.887350128340767430e+00,5.857751077963802011e+00,6.452918588741360928e+00,-3.832715858389232455e+00,-4.172846950898112972e+00,-4.941194943340226686e+00,-3.114689571701722670e+00,8.741300835920508661e+00,-5.994185650546636879e+00,-3.255024516477951657e+00,-6.507681482766887626e+00,1.058871024950403594e+01,1.077500707788281886e+01,-6.669901430629435524e+00,-6.749308421307341987e+00,-7.212245658836867079e+00,1.184034672764507690e+01,6.978446624044063462e+00,-8.344912008789201252e+00,-8.905908109388541050e+00
4.781152384501713426e-01,9.906834044823866758e-01,6.448850630376236071e-01,-1.137960087410903709e+00,-1.473145127246004993e+00,-1.590312802302296769e+00,2.465039659000130889e+00,2.290673067639682259e+00,-1.930423768925333405e+00,-1.594916936140003738e+00,-2.892408696030094095e+00,-1.364899647538887706e+00,-3.423718155936786189e+00,-2.494808300337285623e+00,-4.065377489556968094e+00,-4.902153443166448632e+00,-1.544144475766045632e+00,8.465381750092632274e+00,-4.835241098749081701e+00,5.494370738092770878e-01,-5.796556676545107756e+00,-6.717836817440876018e+00,1.121931048964947841e+01,8.763802850774311537e+00,6.706704567890021451e+00,-7.696943139176015691e+00,4.230977770912100588e+00,1.144270485159981376e+01,-7.691359484279820968e+00,-8.110595000345689698e+00
4.918873686443676063e-01,-9.755190308175641922e-01,1.463337092323236277e+00,-1.938682204188770353e+00,-1.394076517492868872e+00,-1.593934806171237950e+00,2.487597848855239935e+00,-2.254745755264335294e+00,-2.410986550094392111e+00,-2.540874893684397229e+00,-3.070643109039907337e+00,5.823004480019216444e+00,-3.312717888683341716e+00,6.290955812093704580e+00,-4.006878214554848938e+00,-4.929896471001948832e+00,7.503884196187492250e+00,-2.715582022290814912e+00,-4.494786819757655039e+00,-8.685679812971827118e+00,-6.270969477582395868e+00,1.040168630185868537e+01,-6.471187535888748954e+00,7.895823448458655136e+00,-5.871128509737623347e+00,-7.305278944772048533e+00,1.297616856833393406e+01,-7.989446013279757786e+00,-1.203858540962559509e+01,-8.254512314271124751e+00
3.999018552432501705e-01,8.732475839035922505e-01,1.493777234964323686e+00,-1.828918117804293697e+00,-1.353937268985738518e+00,-1.078032567897387439e+00,1.472527710098495923e+00,2.330150229167698761e+00,-2.568119394336120465e+00,-1.489257277836912641e+00,-2.462029799509893646e+00,5.684770262194891899e+00,5.244410701680054743e+00,-2.636691977208226234e+00,-2.862734591682367213e+00,-4.377072286649379862e+00,-3.393179760995285399e+00,-4.330150471411576163e+00,-6.440602351234292477e+00,-6.216718789217333452e+00,-6.663424938952320353e+00,-6.211833725790315341e+00,9.126047609781153369e+00,-4.687335460246920604e+00,-1.678683945748716599e+00,-7.715259956650999840e+00,1.332419083946344252e+01,1.119523060871352271e+01,-5.329789763679401382e+00,-4.354683870335497531e+00
-2.973841398963142368e-01,-9.810738420740929833e-01,1.329707069806694619e+00,-1.685312837973328648e+00,-1.422792081847076728e+00,-1.410056138644613988e+00,3.162729803531708406e+00,3.101933766575121876e+00,-2.539527095765233611e+00,-2.917073516494324004e+00,-2.448155017115650089e+00,5.832673612786442696e+00,5.438831880369559002e+00,-3.928275662480047004e+00,-4.003636381975567815e+00,-4.659408578311330373e+00,7.411783079717224609e+00,8.874538879123308632e+00,-5.691276972520504351e+00,1.845280490687984276e+00,-5.860862879835745609e+00,1.099205425667993552e+01,6.046066812114434974e+00,-6.896233251203954140e+00,6.320711066498921227e+00,-7.306022052221552876e+00,1.316308606760115119e+01,-8.005457045679484906e+00,-8.874720437060735989e+00,-7.638770957033701237e+00
-3.993837207194941286e-01,-9.900113269845488562e-01,1.492359226496594582e+00,1.988609209234377229e+00,-1.646139807945603328e+00,-1.603348498800355904e+00,2.489718772434523331e+00,3.924116168345211708e+00,-2.497096018657173122e+00,-2.894162501015051348e+00,-2.870732916901566956e+00,5.542485687387787685e+00,6.464466542562357532e+00,-3.975142465962179905e+00,-4.015379077542254649e+00,-4.671993589630148769e+00,-3.984645883831249513e+00,8.918807121843180141e+00,-5.994185650546636879e+00,8.895482996751553628e-01,-5.645552467214876025e+00,-1.218320877217289766e+00,1.145649952712477848e+01,-6.714326348736045169e+00,-7.503372362755289515e+00,-7.596574494965295798e+00,2.338262730686468949e+00,1.339539162677077933e+01,-8.683504793948049638e+00,-7.554922733944971824e+00
4.403757354431157567e-01,8.732475839035922505e-01,1.493475246195407724e+00,-1.828918117804293697e+00,-2.143178511775102102e+00,-1.078032567897387439e+00,1.426911993303614956e+00,2.330150229167698761e+00,-2.568119394336120465e+00,-1.489257277836912641e+00,-2.956393788504191100e+00,-4.915465667796889981e+00,5.244410701680054743e+00,-2.555827644031820611e+00,-2.852898229134251284e+00,-4.377072286649379862e+00,-3.393179760995285399e+00,-4.330150471411576163e+00,8.850597314309258223e+00,-6.225099166731101086e+00,-6.716300834530020580e+00,-1.537947620097350754e+00,9.126047609781153369e+00,-4.687469946303886914e+00,-1.678683945748716599e+00,-7.715259956650999840e+00,1.332419083946344252e+01,-9.849879365661916353e+00,-5.891979314537257650e+00,-4.354683870335497531e+00
-3.955853055286314146e-01,-9.899460834246315288e-01,1.491977110796870232e+00,1.894366365050102585e+00,-1.622799712340071032e+00,-1.603743793692051556e+00,2.668698049497645108e+00,3.924478020963860558e+00,4.440008721607340725e+00,-2.704804581921265161e+00,-2.873895703207656638e+00,5.533552860384940431e+00,6.204552731481818739e+00,5.336808331301652331e+00,-4.700401136346809672e+00,-5.072363972500461671e+00,-3.953668546519886640e+00,8.996425797768370813e+00,-4.624638608158633701e+00,-8.744134790661608037e+00,-5.645536848108675620e+00,-1.269518257584061338e+00,1.141843252798416053e+01,8.368139069982909461e+00,-3.113256518291623642e+00,-7.648447107670121703e+00,2.858830157015680662e+00,1.340219005785188067e+01,-6.879303015759870910e+00,-7.487571090604172142e+00
3.561161344784697369e-01,9.333054156645940180e-01,1.467786624901559422e+00,-1.773860414655547446e+00,-1.421234719246821987e+00,-1.569387527620879075e+00,3.173359224071834905e+00,-1.897156497612747961e+00,4.480346068097847301e+00,-2.918303896178236378e+00,-3.085731844966706827e+00,5.857796284633348449e+00,6.214170039631931708e+00,-2.739567973708463278e+00,-4.170953891657916301e+00,-4.681512905004269420e+00,-3.589010381646807524e+00,8.479641574715063967e+00,-5.305268518563093672e+00,-8.760063407170106231e+00,-5.861442144913372232e+00,1.010333056384295070e+01,1.077495065184224821e+01,-6.707186766992895954e+00,-7.494182675652593772e+00,-7.138511535446106393e+00,1.986699810998436178e+00,9.980609566727956405e+00,-8.885783696953369670e+00,-1.242805416342142877e+01
3.917470695185689133e-01,9.184854805784486986e-01,1.467786624901559422e+00,1.937298848288062647e+00,-1.421234719246821987e+00,-1.569017046347129130e+00,3.173359224071834905e+00,-1.897156497612747961e+00,-2.871110003493678509e+00,-2.915831596264422121e+00,-3.085731844966706827e+00,5.857614929312632945e+00,6.210151888207732895e+00,-2.739567973708463278e+00,-4.168133260133310536e+00,-4.681512905004269420e+00,7.360731838644745118e+00,8.478231344145193304e+00,-5.305268518563093672e+00,-7.339527544517034485e+00,-5.861442144913372232e+00,1.043691987565989976e+01,1.077495065184224821e+01,-6.707186766992895954e+00,-6.169029765184579794e+00,-7.119924657615942287e+00,1.125106065231963193e+01,9.927425653854232479e+00,-8.885783696953369670e+00,-7.487154531089402099e+00
-3.980776970774745349e-01,-9.970807966973429526e-01,1.341967380669153442e+00,-1.978048446602077792e+00,-1.453274399152911123e+00,-1.045208395014880276e+00,2.317964692601306442e-01,3.920642564223055349e+00,-2.494030242603946235e+00,-2.787462973057497351e+00,-2.884556949758316335e+00,5.804656718404136662e+00,-2.748340489844667722e+00,-3.918382281793428401e+00,-4.016306356887627160e+00,-4.934229107701314732e+00,-7.871708870697269322e-01,-3.910131337150644093e+00,-5.132007387944007348e+00,-9.231435867724423261e+00,-6.362194224266056963e+00,8.605581590631699029e-01,-5.292327775663338230e+00,8.067523832183876920e+00,6.482288257410899313e+00,-7.595891280305296256e+00,1.307719496502105194e+01,-9.588300464064204220e+00,-8.336709240512885088e+00,-7.473390824833751722e+00
3.412683252661959377e-01,9.060079784642948164e-01,1.162598304974570507e+00,-9.606909325476202799e-01,-1.355462185625625038e+00,-1.080626682506540259e+00,2.525701844764499437e+00,2.525997424354886611e+00,-3.013837460330466733e+00,-1.460051073843627645e+00,-2.981317782430307428e+00,5.845972918515118799e+00,4.961777449796938910e+00,-2.872603273803616908e+00,-2.784138905182537371e+00,-4.647082391454879335e+00,7.218138264001241922e+00,-2.220105680042309793e+00,-5.013425471238965869e+00,-7.520875246345131160e+00,-7.491588289153677138e+00,1.093532352355897608e+01,5.856842855989739860e+00,-5.823972163820004155e+00,-1.519720764150259473e+00,-7.728561770749204030e+00,1.235379857137293058e+01,9.448001741841480339e+00,-8.650099490541490965e+00,-7.811065637233308045e+00
-3.995546615852590966e-01,-9.812504723797657036e-01,6.161871101373711523e-01,-1.116997685689262942e+00,-1.172122102999003879e+00,-1.603368587941012668e+00,2.733456095158697807e-01,-6.514738130008357331e-01,-2.494793798140987118e+00,-2.555457018125108615e+00,-2.478689464250244168e+00,5.835164979877607294e+00,-3.321476689206398270e+00,-3.964466262786898287e+00,-4.118593374499476489e+00,-4.670235459339676432e+00,-3.553629455794313774e+00,-3.997399035122219502e+00,-5.257114215503432497e+00,9.347427596130457594e-01,-5.653134169603607262e+00,-5.259192890755590710e+00,5.910143769072108810e+00,-6.943657246456885979e+00,6.833659920614328698e+00,-7.146100482185341107e+00,1.174087319423906273e+01,1.336780965629840878e+01,-8.013418870939398531e+00,-7.473390824833751722e+00
-4.003331041221396269e-01,-9.971539115000165321e-01,1.481701354333785137e+00,-1.954459882461464071e+00,-1.398031551210550560e+00,-1.603283691380516851e+00,5.672168805519053336e-01,-5.812188022522889463e-01,-2.305082890170161658e+00,-2.523924786800566089e+00,-2.482822534016131399e+00,5.835164979877607294e+00,5.478755182411163105e+00,-3.501420017306082322e+00,-4.172359413812070983e+00,-4.662400307868538540e+00,6.017766957396229799e+00,-2.321364343948576270e+00,-4.999694802951335504e+00,-8.768366208319601895e+00,-5.670221287788824505e+00,1.090020746091824044e+01,6.373706078719320267e+00,-6.665562842604543015e+00,7.979336275205083595e+00,-7.098947930880548540e+00,1.174421309857956430e+01,-7.961358493918188728e+00,-8.065140340565530863e+00,-6.285673121291813992e+00
-3.345195471127674347e-01,-9.438944824677726331e-01,6.329655715504659552e-01,-1.964769546724907778e+00,-1.368998841717545600e+00,-1.627197024493614030e+00,2.951189117272985385e-01,-1.642376275219893156e+00,-2.411139223050315028e+00,-2.801978505402062058e+00,-2.470004403800714066e+00,5.823004480019216444e+00,-3.494304686077083666e+00,-4.145532623964045982e+00,-4.007095278853980425e+00,-4.670339812813168123e+00,7.311693069825500935e+00,-3.899944199086446961e+00,-5.256056764925819635e+00,-8.685679812971827118e+00,-5.880317795908847067e+00,1.080584559135519029e+01,-6.471187535888748954e+00,1.477962368887824063e+00,-6.076400790748049729e+00,-7.310863401095388348e+00,4.725613860546014955e+00,-7.996025882593805534e+00,-8.587203792471260755e+00,-6.063041347179575880e+00
3.455098931097581039e-01,-9.854409896878540964e-01,1.437268042083207131e+00,-1.882970636249830410e+00,-7.954088364725422355e-01,-1.133686461956096680e+00,2.611497771909381704e+00,-2.193561633042272696e+00,-2.116119683344224622e+00,-2.796962207672784473e+00,-2.951057175449659731e+00,5.721809168600028528e+00,5.880678123973283711e+00,-3.791362807019929893e+00,-2.592733818293354364e+00,-4.515660832113614909e+00,6.853518194566598609e+00,-4.993704263554535672e+00,-5.249915744541374885e+00,-5.610392493227779553e+00,-5.854263284633897335e+00,1.088954366988978073e+01,-6.281106374957547089e+00,7.612278303828809989e+00,5.670617184019501877e+00,-7.155955535791403754e+00,4.644857290610412193e+00,-7.308314527356656320e+00,-7.010719276008645195e+00,-8.240339557152262628e+00
-4.722376458989063219e-01,-9.956721899950058408e-01,9.457256663149526954e-01,-1.233366456556184598e+00,-1.184796053459672649e+00,-1.603216066299554710e+00,1.472873317553338168e+00,-4.343344942006264198e-01,-1.978827157031921580e+00,-2.901612939460497476e+00,-2.124857240508226219e+00,-5.427873685475260501e+00,6.430220169927904017e+00,6.918490703410157039e+00,-4.016400370657569496e+00,-4.931069751305850346e+00,-1.040196613386775493e+00,-8.789882405069565863e+00,8.413963962880780301e+00,-5.657145733341428340e+00,-5.748496276673185967e+00,1.063478195830852258e+01,1.010913141995057707e+01,-6.757018757427632139e+00,1.135284194097139476e+01,-7.212520769648571139e+00,1.188448654059922838e+01,-8.115796578510462211e+00,-1.328643891355773476e+01,-6.606705375898163979e+00
4.788049101153882270e-01,9.957989240427107536e-01,1.491778612910018342e+00,1.993029615276886712e+00,-1.225385645362071507e+00,-1.052047576913145877e+00,2.365724289926286250e+00,3.959122232526966378e+00,-2.394564364325618477e+00,-3.045151414616849461e+00,-3.066827692547859474e+00,5.958718480379855187e+00,6.004974509504572566e+00,-3.885723068993737872e+00,-3.636838960518337327e+00,-4.684747739024174962e+00,-3.456390718913683102e+00,-2.891986763966686524e+00,-5.215871418127597359e+00,-6.579773203926386316e+00,-5.857961880114944897e+00,4.963065614126248803e+00,1.076852400847498359e+01,-6.468108681427617412e+00,-6.526775921646814638e+00,-1.869269698890130726e+00,1.315010504673927016e+01,1.130162955918042300e+01,-6.782946614692614951e+00,-7.746167348608930858e+00
-4.999518082907473682e-01,-9.967908353184299353e-01,1.437036965731661953e+00,-1.980983289938854419e+00,-1.502227522490515721e+00,-1.654255440128479693e+00,2.925005270864384221e-01,3.790239123627471507e+00,-2.127442587228092652e+00,-2.778130819327194967e+00,-3.435086149552987855e+00,5.789195583203579076e+00,5.095095941617099555e+00,-3.476320740422175870e+00,-4.016034560572058432e+00,-4.937879147752045839e+00,6.911058594127405641e+00,-5.681804848635519711e+00,8.181205774739041203e+00,-5.666903070466011272e+00,-6.265399209934811253e+00,1.025077260738260776e+00,-6.286305011779806051e+00,7.693390927114024613e+00,-7.416931206400228405e+00,-7.575418456688671753e+00,1.105986447203474121e+01,-7.915127537343421338e+00,-9.400714852881382200e+00,-8.431098648650468874e+00
-2.973841398963142368e-01,-9.458336013306306578e-01,1.467810224027485289e+00,-1.600519143540605427e+00,-1.635192477952206680e+00,-1.395120376086235847e+00,3.164899055758950475e+00,2.994239464424946817e+00,-2.539527095765233611e+00,-2.917073516494324004e+00,-3.073506250404053119e+00,5.748745450429185055e+00,6.410686283945227437e+00,-3.928275662480047004e+00,-4.005745756223878296e+00,-4.658869177453117238e+00,7.390496621813228195e+00,8.310008674631065517e+00,-4.033823522439172748e+00,2.353265359341251806e+00,-5.860862879835745609e+00,1.098478824884124094e+01,-4.780495064477569223e+00,2.093264859854442328e+00,-7.334431067006116578e+00,-7.302447772414664584e+00,1.316308606760115119e+01,-7.999556172391760533e+00,-8.874720437060735989e+00,-7.214843844655526084e+00
-4.989066720212782524e-01,-9.999471631306531272e-01,9.327098207124566720e-01,-1.112358978676685206e+00,-2.191033020565790856e+00,-1.129203436133619842e+00,3.089439254906337640e-01,3.813411256456505694e+00,4.154249128528744173e+00,-2.861955850847680338e+00,-2.980261341784854690e+00,-4.816109913139552390e+00,-6.198300128545598753e+00,5.203363844544567129e+00,-4.053600348121858765e+00,-4.244028012375604675e+00,-7.722752703987469935e-01,-5.003387887151673041e+00,7.891877545285680640e+00,-5.799972226278352849e+00,-5.667134059141988089e+00,-1.637103999817928202e+00,-4.887590104115528966e+00,8.663881990447274362e+00,-6.736001079602594643e+00,-7.494344839675332715e+00,3.396703663741562629e+00,-1.013966484336510554e+01,1.436810315587482911e+01,-7.955186413296463144e+00
2.940462141591457801e-01,8.459990443620893918e-01,1.495509108481045457e+00,-1.995438393030793733e+00,-1.365613714654506650e+00,-1.607556889320298943e+00,2.425409170040492501e+00,3.898884054045817393e+00,-2.398633859681528424e+00,-2.908643944687698824e+00,-2.454695466745743904e+00,5.757108574012337776e+00,5.586272897555597972e+00,-3.672211589261602072e+00,-4.168496607846313040e+00,-4.680681561504123955e+00,7.700273834518393201e+00,-3.921973221187916359e+00,-4.032690347220942328e+00,-5.778573077648298195e+00,-6.637182506567871343e+00,7.326588801473610246e-01,5.558747558966549818e+00,-6.909231818556806459e+00,-5.067390773517741032e+00,-7.653664150136343380e+00,1.338094986400806796e+01,1.242427981271173820e+01,-5.667564584607421629e+00,-4.543601268817642591e+00
-3.995380572614997128e-01,-9.971539115000165321e-01,1.481663371151910491e+00,-1.104045952355451776e+00,-1.192039106960077310e+00,-1.603284407166758907e+00,5.672168805519053336e-01,-5.812188022522889463e-01,-2.308383763582266379e+00,-2.524042305660986418e+00,-2.482822534016131399e+00,5.835164979877607294e+00,5.478755182411163105e+00,-3.501420017306082322e+00,-4.172359413812070983e+00,-4.670208332128779283e+00,6.032742797003387558e+00,-2.321364343948576270e+00,-4.999694802951335504e+00,-8.768366208319601895e+00,-5.652737018566636351e+00,1.090020746091824044e+01,6.373706078719320267e+00,-6.667202670912517171e+00,6.487240750166377801e+00,-7.552220034626578204e+00,1.174692554233255493e+01,-7.962713623758025605e+00,-8.065140340565530863e+00,-6.142632341156764930e+00
-4.817885281158963973e-01,-9.971539115000165321e-01,1.481701354333785137e+00,-1.682907881784263759e+00,-1.398031551210550560e+00,-1.605552742170367475e+00,5.710953500123315818e-01,-5.812188022522889463e-01,-2.305082890170161658e+00,-2.523924786800566089e+00,1.906864979497695067e+00,5.883965540622953405e+00,5.478755182411163105e+00,5.440085092792840804e+00,-4.177098193722830644e+00,-4.666624622856897275e+00,-1.860448378801401237e+00,-2.321364343948576270e+00,-4.974519801888620307e+00,-8.597919635529574833e+00,-5.670221287788824505e+00,1.090020746091824044e+01,6.373706078719320267e+00,8.131908431665484827e+00,-5.875840908045741884e+00,-5.962049738699748858e+00,1.174421309857956430e+01,-8.012102370150262942e+00,-8.118834258171071738e+00,-7.508604269903909056e+00
-3.981166082166743281e-01,-9.900113269845488562e-01,1.494462735864994007e+00,1.993116608145766078e+00,-1.205750185991672385e+00,-1.603359447212506561e+00,2.484070896334546141e+00,3.924116168345211708e+00,-2.411403778707824408e+00,-2.850669477068105362e+00,-2.473549921588749534e+00,5.933632331904286517e+00,6.453206283678426303e+00,-2.745253045981495443e+00,-4.117872455610694260e+00,-4.663060063984795001e+00,-3.984645883831249513e+00,-3.574860106448752628e+00,-6.013530235212770414e+00,-7.314368852948059718e+00,-5.843929921985542286e+00,-1.269518257584061338e+00,1.146138740680648205e+01,-6.715358722160313043e+00,-7.739722839531586018e+00,-7.648447107670121703e+00,2.531769772259375273e+00,1.309086863624636976e+01,-8.683504793948049638e+00,-7.458782658675709776e+00
-3.809493968475206604e-01,8.729029245482864408e-01,6.736549055706428923e-01,1.996119818090368536e+00,-1.369528985703760249e+00,-1.617489871012383063e+00,2.489861212558093673e+00,-6.542680097730848576e-01,-2.424241593316485144e+00,-2.559651503434840158e+00,-2.470022645144329232e+00,-5.300419447179560706e+00,-1.838543527942169131e+00,-2.870375014124886270e+00,-4.000762331147951656e+00,-4.929896471001948832e+00,7.172424781537746874e+00,-7.077000435633697961e+00,-5.269185622097632304e+00,-8.731414117872409619e+00,-9.994654647534805036e+00,1.070243664280052265e+01,1.141449559869970720e+01,1.714203630293296143e+00,-5.870823766160883750e+00,-7.303896955135423141e+00,1.210958271341482018e+01,-8.010351088374331852e+00,-8.028001293217204903e+00,-1.365100808733952142e+01
-3.275061241666648026e-01,-9.681187985867246715e-01,7.920267243376106769e-01,-1.691642325630870358e+00,-1.369306837594333803e+00,-1.617596186929119995e+00,2.489972683879293491e+00,-2.162945649570519269e+00,-2.411107563423624089e+00,-2.908018688114735628e+00,-2.881750617721546170e+00,-4.790298740677464195e+00,-3.702927418253857184e+00,-3.370575084266924204e+00,-1.730297861825580874e+00,-4.929896471001948832e+00,-2.931478387076434267e+00,-7.127901636774772065e+00,-5.256116414767255662e+00,-7.314537870866599789e+00,-5.751202535468299182e+00,1.070243664280052265e+01,-5.976351200004681452e+00,7.519798401140277200e+00,-6.708478207065799559e+00,-7.715360824982844257e+00,1.318164960705289701e+01,1.364296750211899933e+01,-7.190156359054644675e+00,-8.905384621137423906e+00
-4.014294274069649671e-01,-9.904791743911579571e-01,1.183139796048991554e+00,1.867032980083175309e+00,-1.447217677376162248e+00,-1.601262018093984718e+00,2.518829940855079386e+00,3.822302999948398838e+00,-2.551614190619929889e+00,-2.803354516712575961e+00,-3.431211692273157254e+00,5.739226967495289600e+00,-3.621049410143444724e+00,6.793855317294399399e+00,-3.998008213150223256e+00,-4.623675639610092425e+00,-3.999929390672230411e+00,8.842202146028242282e+00,-5.942010204150810715e+00,-8.744134790661608037e+00,-6.240084225099307602e+00,-1.269518257584061338e+00,1.146867156889064532e+01,9.475748515602770539e+00,-6.172775219685197712e+00,-7.648447107670121703e+00,1.249247696184790257e+01,-7.905483853332797572e+00,-8.924545991787283583e+00,-8.318929192235831493e+00
2.650797252693256612e-01,-9.904624966538928543e-01,1.341872649191708122e+00,1.988609209234377229e+00,-1.434346964328449436e+00,-1.603904685949808950e+00,2.489820216084058568e+00,3.943429479413440575e+00,-2.306711267652865605e+00,-2.894074095500225319e+00,-2.889463334057247756e+00,5.536232860944475753e+00,6.448977664345562744e+00,-4.007587670659399137e+00,-4.000742289479142677e+00,-4.941194943340226686e+00,-3.253793256717839366e+00,8.938191814124836654e+00,-6.330802283670842634e+00,-8.744134790661608037e+00,-5.752458440415843199e+00,-1.549856637481243915e+00,1.120724103432334928e+01,-6.784938005700529295e+00,-6.669919217164369307e+00,-7.731840801705414101e+00,1.265653797359567179e+01,1.350762301042318825e+01,-8.708578145157687800e+00,-9.245272353413309219e+00
