1.417338965385428473e-03,5.105922406744918263e-01,2.985813347707213725e-02,1.417659171859872498e-08,2.365308243935497323e+00,2.154829731844166041e+00,7.785140163033720917e+00,8.865624170366126489e-03,1.277798207794753260e+01,3.786639964685338811e-01,7.435762489754575988e+00,5.131151536023004667e+00,1.423591340261794258e+01,1.193207930267317529e+01,4.904971630144819628e+00,4.904502520555466205e+00,7.781144022206929911e+00,1.916721622770830891e+01,9.101191383918148858e+00,2.004922734592430444e+01,1.468535870099440643e+01,6.496768786789003158e+00,4.533201949197494685e+01,3.334440622628446249e+01,2.119219014823762492e+01,2.084005459122510473e+01,2.158212749159819310e+01,2.020389245373186071e+01
3.866410793988972472e-04,4.938132338019415868e-03,5.457058634026353161e+00,1.011412672235842969e-01,2.195998183756256772e+00,1.437307210859666506e+00,7.052493260460856561e+00,1.844779300939042077e+00,7.292460287908014926e+00,1.317822608280264518e+01,9.199361748118517923e+00,8.791802296169823450e+00,1.557504397106464822e+01,1.042524558082685893e+01,1.024530399833397887e+01,1.157762706120607810e+01,8.521507483960245821e+00,8.517332474375784557e+00,1.335305138361080246e+01,2.502505673811089082e+01,1.470001801552711918e+01,1.422607001900484569e+01,1.992010882311950226e+01,3.224290863503370019e+01,1.684187388074631286e+01,2.472699734598326415e+01,1.889950182833843684e+01,2.206609642072675115e+01
1.733167916401028297e-01,7.808724757786117670e-04,5.484974808912259192e+00,5.602075062099288516e+00,5.550200439815829515e-05,1.433109806801868835e-02,6.528842106323361705e+00,1.337372955259522556e+01,6.421624428889510128e+00,1.046674266831626454e+00,8.901360508868707555e+00,2.151390558179414114e+01,9.222110296667242579e+00,1.116990938841754222e+01,1.029761486406197868e+01,1.125023563346686295e+01,8.375960248171027800e+00,8.489186134233523973e+00,3.666060908328715584e+01,2.772248358651491174e+01,1.467534825332960402e+01,3.103816665876322745e+01,1.640919900202875681e+01,3.413801118376181165e+01,1.707247061365985630e+01,1.861694643616729650e+00,1.888279647479141943e+01,2.202395413743805719e+01
4.580762924488723797e-05,5.851693161530258178e-09,4.792373869015713050e-01,6.313969169280087002e-02,9.310427716442111201e-01,8.322671507121037759e-02,8.804888152556767864e-05,1.012637231181814812e+00,1.382579290852842746e+01,1.368680292244464169e+01,9.039550658848003906e+00,1.978049010114389361e+01,9.238720182448986407e+00,1.828308814619336076e+01,1.097116438240101743e+01,9.553530588045454408e+00,1.054592215928073706e+01,8.662629971690108732e+00,7.435246025812345394e+00,2.563939671180560609e+01,1.571223259150989193e+01,1.434573213880065445e+01,4.594697119241018868e+01,3.520851994950587027e+01,4.455962747584101891e+01,7.157674879067279505e-01,2.120411862783694090e+01,2.203326980139761559e+01
5.750369856360459941e-03,5.550780639100435718e-04,5.766021889951075785e+00,3.293021967974122007e-05,5.749793000697984990e-02,3.084866723783100118e-02,6.971556890823255692e+00,1.562620839737266643e+01,1.033289403333654910e+01,5.575737624247462110e-02,9.775625474182360719e+00,2.059689588868230459e+01,9.319661379850881389e+00,1.049226503712149672e+01,1.098272135371498059e+01,1.115356057682654622e+01,1.142713911863711296e+01,8.530543833100898254e+00,1.333475353060267032e+01,2.764472899547977391e+01,8.829862192462638149e+00,3.161268917919372257e+01,1.579560096171354289e+01,3.292092867575708937e+01,1.725559475386639363e+01,2.768595027543523202e+01,1.885546388209510837e+01,1.962289326323915617e+01
6.298080220975554866e-04,1.598920196559938802e-08,3.657501455770084675e-02,5.678330841329422896e+00,2.224380929913865490e+00,1.595338289279671251e+00,2.155958142166111702e-03,9.559381153272258902e-02,1.283855578902125139e+01,1.339162580953060555e+01,7.610901339198507642e+00,1.974215465791888136e+01,8.212621491323574219e+00,1.045193524002521279e+01,7.504951718694867324e+00,4.708696929220267613e+00,1.092564431373492262e+01,3.323636739144357932e+01,1.222291166936196305e+01,2.849017162591951546e+01,1.571569151260655239e+01,1.395412585436948483e+01,4.042993934060996253e+01,3.563351793914690546e+01,4.518055005130629098e+01,2.009585215269988012e+00,1.123984713961791471e+01,2.309170080676473447e+01
1.595301662504174267e+00,3.725352710956603142e-02,1.767313738597678374e-02,9.041043250083867593e-08,1.215878797439832182e+00,1.585313194584652585e+00,7.495695886368204164e+00,1.352613665947220234e+01,1.384361970017219789e+01,5.072913399324876504e-01,7.433142345473948254e+00,4.221974347261729932e+00,1.252640990906451890e+01,1.392765725001181920e+01,7.603823120755063947e+00,9.526404999735509804e+00,8.341092836071341665e+00,3.296598133791782459e+01,3.092995691271259417e+01,2.512986876565281946e+01,9.517641243724241917e+00,1.579747795885941741e+01,4.059415753735054011e+01,3.408877126837379024e+01,2.441131859225973955e+01,2.479712688384039510e+01,1.890021413027697506e+01,1.904916878294564597e+01
1.595301662504174267e+00,5.085461384540410773e-02,1.534929272253330402e-06,1.033008146650320480e-01,1.122120908737669827e-11,4.258739793102175276e-07,3.614808785076610445e-08,2.570700699533785035e-11,1.254512187334062467e+01,1.605585232048520217e+00,7.215164240108409288e+00,5.471485850931787631e+00,1.224609350642241701e+01,1.066104300906960667e+01,1.025717259774576640e+01,1.009355441256304253e+01,1.053408323208045161e+01,2.810018388830650338e+01,3.268911012657193282e+01,1.827461633259062523e+01,1.472062608896559865e+01,1.468628005697047101e+01,1.209013443453356018e+01,2.021214541578208213e+01,1.664078351813772372e+01,2.847488876643422628e+01,3.033451697732176910e+01,2.335682042524552671e+01
1.615309677822570400e+00,1.673061645997789976e-03,1.536307069891858069e-06,5.081710727925636337e-10,3.377007231720420417e-08,5.418561845119661009e-05,2.928369258953629206e-01,9.926700894987026125e-01,1.252602478136538622e+01,1.626585174727118277e+00,8.435323198604329775e+00,2.048123033058684328e+01,8.181921694213173168e+00,1.018788878829145794e+01,1.123971812529719472e+01,1.013327699828814055e+01,8.304843244119238577e+00,3.280659986316400989e+01,2.688113556696932704e+01,3.419957897275295977e+01,1.508388528303127352e+01,3.302024727062081411e+01,4.538138273892306529e+01,3.458786628018189191e+01,2.420339735893959343e+01,5.865206528861961921e+00,1.917415474316972990e+01,2.310680070093938099e+01
1.011086729222565594e-03,5.005421664206843955e-09,3.232872151230609982e-03,2.672289034553974596e-01,5.219086629844738034e-02,3.510085752689433595e-04,8.386010673270202775e-03,1.590252626246131307e+01,1.236119294521097345e+01,1.269616861212766512e+00,7.080104286503578592e+00,1.995436219414529688e+01,9.350249773232743422e+00,8.825467857589529785e+00,1.026638175520297835e+01,9.865423726054018516e+00,1.044103699464862167e+01,2.960337640576893392e+01,1.436526094365109074e+01,1.723027650416962331e+01,1.455673085762415475e+01,1.542352586934357817e+01,4.333236971695342277e+01,3.531193201646742352e+01,1.661524898230911518e+01,2.720040099969928704e+01,3.135265995367512915e+01,1.865523488443650280e+01
2.928898243849051286e-05,5.005421664206843955e-09,2.956112735305245780e-08,3.637583751462582921e-04,1.456848557390721943e-02,3.518826117926137243e-04,1.125611061283436978e-04,1.975871478014340488e-03,1.341075464029799669e+01,1.609811617664047123e+00,7.091379999391482336e+00,7.483924838009655467e+00,1.213089622913744847e+01,1.096570203030103663e+01,1.025817558048217570e+01,9.870414935828360825e+00,1.033657933364186654e+01,2.604457724678130148e+01,2.985546208214945096e+01,2.555236794009694634e+01,1.054477637631573828e+01,3.269731575298058601e+01,4.493439653397040701e+01,3.470539730330186501e+01,4.407578017278478910e+01,2.867037823758358428e+01,3.135265995367512915e+01,1.999261587686675412e+01
1.578965718245291194e+00,1.211957459231146651e-04,8.411644388292092295e-04,3.818132322415560356e-07,1.206711917573836402e-11,1.338714566767118877e-08,6.939994011715158520e-08,1.454404933984999188e-11,1.000225173924446054e+01,4.991227885524731178e+00,7.448969038104065632e+00,5.898404747085169042e+00,9.292849633344040683e+00,1.078263263920902304e+01,1.007299135740615270e+01,9.526440780922040830e+00,8.611641696889781983e+00,2.780171726602370086e+01,2.880011086852710633e+01,2.574184933070045389e+01,1.483297316447172243e+01,1.662127280534864582e+01,4.540261812639958094e+01,3.765514488947318483e+01,1.626617813568099535e+01,2.772425909914196751e+01,2.069222266295755830e+01,1.999929206744027965e+01
2.691076544450783647e-02,5.858081653082258811e-02,7.267108990416315528e-01,1.293618640793186558e-01,1.122120908737669827e-11,5.117131343209890189e-08,3.509938178537667243e-08,6.117817825909171896e-14,1.206289097137828747e+01,1.433001572770047360e+00,7.447486599723337264e+00,8.483676375905542244e+00,1.218058131043424908e+01,1.077965087824455637e+01,1.025850939978980847e+01,1.093975062207525895e+01,8.491849848627577302e+00,3.287229057209495409e+01,2.859972632904168677e+01,1.956342596363785802e+01,1.368940356169022898e+01,1.457231922318566397e+01,1.551316979342105462e+01,1.892489039216331292e+01,1.628738494567080153e+01,2.758138346854706668e+01,3.225436234004221348e+01,2.007801899718098682e+01
1.398042187194667996e-01,5.005421664206843955e-09,4.611536690371262459e+00,6.460590163299440469e+00,3.798776488996425282e+00,1.568785937408706754e+00,1.121447659204240915e-04,3.145446215441121129e-01,1.308407017955968143e+01,4.956495669778438362e+00,4.673968103883353820e+00,8.622978006227253189e+00,9.320077839494505412e+00,1.024903086635416649e+01,8.227767742988184807e+00,9.551517970877489105e+00,1.161961258693954413e+01,2.826757078451345961e+01,1.331474954612055761e+01,2.821995637595512818e+01,1.470299006209487835e+01,1.521288664888452402e+01,4.487781336927243103e+01,1.851000811999750439e+01,1.886912565900576766e+01,2.772812136525922710e+01,2.002973468926360567e+01,1.995575620479010226e+01
1.213832976170797773e-01,8.463714818209155943e-02,2.519114296749751904e-09,7.653237687907813521e-05,1.122120908737669827e-11,1.636233837074414733e-06,1.920087760345435399e-06,3.455336147569253328e-12,1.006681646629583504e+01,4.826972932001198480e+00,4.463320108467769387e+00,5.974556203039158575e+00,9.486571503445954789e+00,1.217623264999583199e+01,1.005695905877547425e+01,1.112134529756458079e+01,8.496135136433391466e+00,2.951968033202413721e+01,5.251272551863999993e+00,2.786046791822308677e+01,1.261445626889431360e+01,1.460306150548138859e+01,4.409391035867693631e+01,3.471282781349631108e+01,1.699679054507130616e+01,2.472513846046176766e+01,1.941327804220298248e+01,9.821133281598255493e+00
1.658890375285553720e+00,1.334548611114117903e-10,2.249092022389362344e-05,5.397407230548666668e+00,1.879941654095053298e-08,3.548291970489527575e-04,1.652616451749920057e-01,3.605939314402208939e-01,1.143697091447708836e+01,1.639850671569814455e+00,7.028080995144955878e+00,7.318019753752652790e+00,7.176870939270738603e+00,9.308159029381604554e+00,1.044696473120918334e+01,1.187441875643927247e+01,1.039304223044467257e+01,2.638611526519628470e+01,1.278884371335070114e+01,2.438742021544141991e+01,1.527653923290706217e+01,1.710188619358310547e+01,4.461792125513719753e+01,1.987302771173061444e+01,1.681198496708589118e+01,3.309586156558027170e+01,3.308740011955509885e+01,1.992109185401175253e+01
1.413754349211619354e+00,3.252939982210702130e+00,2.230253727005796534e-09,1.223223165922653154e-10,1.121436613875954384e-11,1.403680786214804828e-08,1.391930413970266477e-03,2.654866122862892535e-11,1.006865439207001245e+01,4.996285770192597120e+00,7.894555263147775115e+00,5.967127231984100888e+00,1.123343004786589816e+01,1.032151857193408517e+01,1.004693490785935772e+01,9.822311012262348484e+00,1.048365899933764744e+01,2.812508903799487214e+01,2.880575469956446710e+01,2.534580568528809508e+01,1.453897741587831227e+01,1.658894432502528460e+01,4.229608011523171029e+01,3.463750205900753087e+01,1.645311897057272787e+01,2.529442095069004282e+01,2.067066876211754689e+01,2.264347302226702396e+01
1.525027762501309780e+00,2.120159155726555777e+00,4.800931742704707794e+00,5.721000642615848619e+00,7.948045923297469555e-12,1.276774573894057016e-08,7.020687483468138979e+00,1.593751039006214754e+01,1.007361904341582459e+01,9.077144563464075722e-01,7.067207689657527325e+00,7.601499452330654272e+00,1.388134475152421388e+01,7.637953221891603306e+00,7.997603767785804507e+00,1.139514889696833677e+01,8.604072662967670482e+00,2.765386541357043626e+01,2.833847770041219150e+01,2.498017568880093719e+01,1.429810222825226518e+01,1.457396939483753862e+01,1.630291349650465094e+01,2.653542411793936751e+01,1.642850434664403991e+01,2.763388742013916399e+01,1.878953248908803175e+01,1.891932611314734913e+01
1.419186787270071859e+00,4.318692400443642498e-03,2.230253727005796534e-09,1.670026357049287305e-09,1.121556713785699629e-11,1.343790162656841364e-08,2.184720253482319574e-03,1.037171974691197742e-04,1.006703253348782390e+01,4.792202693497765509e+00,7.447537519896372693e+00,5.943717940777330178e+00,1.447271878391242517e+01,1.160432082654913266e+01,9.177132142961932360e+00,7.166127191036167687e+00,8.496629435203979952e+00,2.559695253259677372e+01,1.151926833354859170e+01,2.534061190305379441e+01,1.269040402712713522e+01,1.550636909662005891e+01,4.562856348381803429e+01,3.345970169177948605e+01,1.647627081713725161e+01,3.286491474426107118e+01,2.066486913031159389e+01,2.199117310308549733e+01
1.412336104454251728e+00,1.477051730706866600e-03,2.441052233527160760e-09,5.327827826579003339e-11,1.542761624968619230e-11,3.356884149527962944e-10,2.430855680855666112e-02,1.452942402654946762e-11,7.647807188718420690e+00,1.551820003798485725e+00,6.963293905619777568e+00,3.649175828107699360e+00,9.368088592294133932e+00,1.093165329308381573e+01,1.025186481943225836e+01,9.512319418563862428e+00,8.505780526884235471e+00,3.083360593710130715e+01,3.068179343791659619e+01,2.706324754514058739e+01,1.269726369550148171e+01,1.662325498464655382e+01,4.342542827099485692e+01,3.338473211264471985e+01,4.546549013949049112e+01,2.466268481164583548e+01,2.153297845819006540e+01,1.997497486102219000e+01
1.578419930642839697e+00,4.363776561965079272e-03,2.230253727005796534e-09,3.041202077743356126e-11,1.122120908737669827e-11,1.551862550098848992e+00,1.479971531497291382e-01,1.473761898557017502e-05,9.350811116380238985e+00,1.551820003798485725e+00,7.452616734348368688e+00,3.598002250293390603e+00,1.224884550287001161e+01,1.105287164350854390e+01,1.024656056752828803e+01,1.038766275970623632e+01,8.674796213695687541e+00,2.615361365722787212e+01,2.891624922421047827e+01,2.547965460883633781e+01,1.269532656121528191e+01,1.512240160865541228e+01,1.741572357127891024e+01,1.953535855088454554e+01,1.588901306490249787e+01,2.467066362293299875e+01,1.997976980658576451e+01,2.797867453403905103e+01
1.634015331395412218e+00,2.229898863235001139e-01,2.230253727005796534e-09,5.327827826579003339e-11,1.122120908737669827e-11,1.441291926279555398e-07,6.400617150906384044e-07,3.095394528508852486e-14,7.287671326227909141e+00,3.243081400203315923e-01,8.565831204902750073e+00,6.962424127094863913e+00,9.327287319673786214e+00,9.920428969630647131e+00,1.024642011958847831e+01,1.118091587759719729e+01,8.747753975803281179e+00,1.105997878487450237e+01,2.844939566853926038e+01,2.346076193365667706e+01,1.469978666337617135e+01,3.402159305119114663e+01,1.741572357127891024e+01,2.740189256457978217e+01,1.761106173766840399e+01,2.480810934721819905e+01,2.097279268541314323e+01,2.052030067687529069e+01
1.595567577423696148e+00,7.046568301876066087e-02,5.504051895437506836e+00,6.636863778734500841e+00,3.795265250417741321e+00,2.975163956310819202e+00,6.786506748706697678e+00,3.915891747682158711e-04,1.441166121154135915e+01,4.900574399158712513e-01,7.652982422922438133e+00,8.578739302560812519e+00,1.430468345241422412e+01,1.091152250084333630e+01,1.025683639518300971e+01,1.122737394383029752e+01,1.326967128472098167e+01,8.540748974242378111e+00,1.360271455190860834e+01,2.415155708583140637e+01,1.469998729808625626e+01,1.540439303886261513e+01,1.660292946690386628e+01,2.809182340040610626e+01,1.762245082051922651e+01,2.481740616403442701e+01,2.041987260576666330e+01,2.057701917923709090e+01
2.928898243849051286e-05,4.395848519445164776e-12,4.906594758247886823e+00,5.699307842852471495e+00,4.178507021658852683e-01,1.506394720972440648e+00,1.429382760378874323e-04,1.568330552401443612e+01,1.258906702195575100e+01,2.962210127860206654e+00,7.705804407707521619e+00,8.767928891529805924e+00,9.390676869396058279e+00,1.387646695395100238e+01,1.034530651385353117e+01,1.148685148436333314e+01,7.266290045349965254e+00,3.014976084336093720e+01,1.214165776687122467e+01,2.965667576436351993e+01,1.465299640371438628e+01,1.545436443253119307e+01,4.142643294323293190e+01,3.742871750096265515e+01,4.723486008921594959e+01,3.148462307867886523e+01,1.952102723035723741e+01,2.038402914799259236e+01
2.124802625463242250e-04,4.395848519445164776e-12,2.176666436799458773e-02,6.356588362267983072e-01,3.227330400913770436e-01,1.999105880878038199e-03,1.386521173446162965e-04,5.537980446827335771e-08,1.335349340574232002e+01,7.956552531257381489e-01,6.640822896419799726e+00,3.401737886686227785e+00,9.382419345126123744e+00,1.389909678497375900e+01,1.034530651385353117e+01,8.678019610500056658e+00,7.266290045349965254e+00,1.059814378915768351e+01,2.886946418779954371e+01,2.944629331503494640e+01,1.818003341136423856e+01,3.280186611935071994e+01,4.403583533458049715e+01,3.734208368158967062e+01,4.723486008921594959e+01,2.481846557504105633e+01,3.918194549678823080e+01,2.039386270600861550e+01
7.078018246619177667e-02,4.362918951292038550e-03,2.225892210938681017e-09,5.418026095299053352e-11,1.122120908737669827e-11,3.653427667447012452e-08,6.400617150906384044e-07,7.961291774746247112e-12,7.451079536433426576e+00,5.165959495258699574e-01,7.453783444854567897e+00,3.636287693092632001e+00,9.397415944587397263e+00,9.920428969630647131e+00,9.144490065447829608e+00,1.118091587759719729e+01,1.038002020050543628e+01,7.474650047609751269e+00,1.366805663814798599e+01,2.346076193365667706e+01,1.469978666337617135e+01,1.663229956006664523e+01,1.741572357127891024e+01,2.740189256457978217e+01,1.761106173766840399e+01,3.374591089941589672e+01,2.068291366172886470e+01,2.201626871196552671e+01
1.492724790594381762e-02,4.395848519445164776e-12,1.237256169963091290e-03,6.371731205810724497e-01,8.431554820658437865e-04,1.348846837352456370e-03,2.061431125211572457e-01,5.537980446827335771e-08,1.528535151456694763e+01,2.984608612396574934e+00,7.459915277604921791e+00,1.841409950644777993e+01,8.686406797865465990e+00,1.106809099003673857e+01,1.034530982507349961e+01,1.147218883790818467e+01,6.603192070282671189e+00,2.926755897332315826e+01,2.907772765527768044e+01,3.128528181003802189e+01,2.114945745965392021e+01,1.547354719010330903e+01,1.628087148575601617e+01,3.725126788211093043e+01,1.508289199623232513e+01,2.468321192944024745e+01,3.916954841820754751e+01,2.883781880983003632e+01
6.808121620666716944e-02,1.708598684470458151e-02,2.762471563608251662e-05,5.836520455132633948e-09,1.122120908737669827e-11,1.252229377806483998e-08,1.349875374065702879e-09,2.073483291909963636e-14,1.036910742844408517e+01,2.929229288167365830e+00,6.961184627506234790e+00,3.488595678699995872e+00,9.176348581915913627e+00,1.293231578000753146e+01,1.138040201641054949e+01,1.153985335884588359e+01,8.650123688354897311e+00,1.024452880827208112e+01,2.870310452800273993e+01,2.560875637659029991e+01,1.489749664691575326e+01,3.398172916193328774e+01,4.393911130345539107e+01,3.740112492015950352e+01,1.754862639700703753e+01,2.462045158697854674e+01,2.014001977705229507e+01,9.267650546203196171e+00
1.634337136701503823e+00,2.151827231831410225e-03,2.586225495930059177e-07,5.327827826579003339e-11,1.102427571933373698e-07,4.659468379941064664e-04,3.166280676262752444e-06,1.222653169006999783e-13,7.327877864554624310e+00,4.951907574679280111e-01,7.212170465197537794e+00,9.646762377872981631e+00,9.354853819518281099e+00,1.187758806822446189e+01,1.024642011958847831e+01,1.176422958003192853e+01,1.034828508708061001e+01,8.494135731276879042e+00,2.812728901505557033e+01,2.340146107209769255e+01,1.350607548647806411e+01,2.187992657911368966e+01,4.349137351058071488e+01,1.644553785033195581e+01,1.069173448703891438e+01,2.481419925790273240e+01,2.099090281099149990e+01,2.196944217652062292e+01
7.719292576652314608e-02,3.669910997845463818e+00,1.582170001703501637e-03,8.090419869191056712e-02,1.122247234074684271e-11,4.526117713283504002e-10,1.347322592388986133e-09,2.073483291909963636e-14,1.036910742844408517e+01,1.092371930216478715e+00,6.916070535581947176e+00,3.608872563173798120e+00,9.404580242916836141e+00,1.302368106763691635e+01,1.048008368434670068e+01,1.161712980660862726e+01,8.560672001701206568e+00,2.770536851847395710e+01,3.058033243754726271e+01,2.560875637659029991e+01,1.261317348978252362e+01,1.604662656270571830e+01,4.393911130345539107e+01,3.746021864133568613e+01,4.848161433620840199e+01,2.462587154419730950e+01,2.018991146986336105e+01,8.102336047859935775e+00
1.634015331395412218e+00,9.114937866586169182e-05,2.230253727005796534e-09,5.327827826579003339e-11,1.173442841461450725e-07,1.338714566767118877e-08,6.199739484011383264e-07,3.276923965336370010e-13,7.265780661582946109e+00,1.143876231517914954e+00,7.453783444854567897e+00,3.636287693092632001e+00,9.397415944587397263e+00,9.844046924235440699e+00,1.024642011958847831e+01,1.158975724809181251e+01,1.036440718464145405e+01,2.798528854245852315e+01,1.390368430093385044e+01,2.551694684635084087e+01,1.469584013903375030e+01,1.663229956006664523e+01,4.435083531717706506e+01,2.740189256457978217e+01,1.761106173766840399e+01,2.480810934721819905e+01,2.102005436927779769e+01,2.052030067687529069e+01
1.174207654634639025e-01,4.395848519445164776e-12,1.429062038493200096e-04,1.527193859504089035e-02,3.807337775721744699e-05,3.012444999082949536e-07,8.422689190935498991e-08,1.294569064232700631e-11,1.366646909455604941e+01,1.296544216010519834e+00,4.678077652675281861e+00,3.563937619251618560e+00,1.433716219226447564e+01,1.392944006708568772e+01,1.011635324140411640e+01,8.552844820822080862e+00,8.661003947917670587e+00,2.727244348331187496e+01,1.264095757490948202e+01,2.652915416066892007e+01,1.851242853937441168e+01,1.677746105989533021e+01,1.705296887783677207e+01,3.765884544495121844e+01,4.859398291375312340e+01,2.549113902922846719e+01,2.108425998323325601e+01,2.155870340348734615e+01
1.588112415191214252e-02,1.466412109016407561e-01,1.822712767129897452e-10,2.383406169230801487e-03,3.600662575057208770e+00,1.459132191435790205e-01,5.680172440096902506e-09,1.836498748294180265e-14,1.451550569292558279e+01,1.571212144585983239e+00,7.451298466298059253e+00,6.898998397598771426e+00,1.433816383424116481e+01,1.298211267114979961e+01,1.058534548695056721e+01,1.179036542193561665e+01,9.463613931306177562e+00,3.098858539058371520e+01,5.191409739408866741e+00,2.225152680304856290e+01,1.490420394969177842e+01,1.662707476671387496e+01,4.382052125128427633e+01,3.326146161062710149e+01,4.884829598415619500e+01,2.472385058556740844e+01,2.053258984956098487e+01,2.030896421323313916e+01
3.195756963541618312e-02,8.749550292683796722e-06,5.548397395425679335e+00,5.607611214548030354e+00,5.195663763326356488e+00,3.103917564850106281e+00,7.128849180920216355e+00,1.577177101683983906e+01,1.442561392077923088e+01,4.314468409816614169e-01,7.719505341542411081e+00,8.539134424533823875e+00,9.388701024274547891e+00,1.219807365476013317e+01,1.025992284153410594e+01,1.122133558200353143e+01,1.161167282857880245e+01,7.508859234143365313e+00,1.368777080125529189e+01,2.415155708583140637e+01,1.470001109909536119e+01,1.660561675002044879e+01,1.618138527163239360e+01,2.740464466767650009e+01,1.761142205660121007e+01,2.481698975642036586e+01,1.790547668105893564e+01,2.033127371614008538e+01
4.333743323434682132e-02,4.395848519445164776e-12,3.338539571513799678e-04,2.461378833994096182e-04,6.991276498887209799e-08,2.384382775835655787e-07,4.518355775952869709e-08,8.963244585484734674e-10,1.350066429587116801e+01,1.418885839737776156e+00,6.700412432870193058e+00,7.223072256693086501e+00,1.432641037007293505e+01,1.406477662262339834e+01,1.011354550804361452e+01,8.588018913281892708e+00,8.490545229128713345e+00,2.683261856867364514e+01,3.365759016844798879e+01,2.647216605215154317e+01,1.848348966972680785e+01,1.657605424891949042e+01,4.479543506839429767e+01,3.746300499977549237e+01,1.747538813414394099e+01,2.565495110446006777e+01,2.590176814243363879e+01,2.796760016024071049e+01
1.739528371012712515e+00,4.047499410548827115e-04,1.058098773647680118e-07,4.742488428539776146e-03,4.156799399903613690e+00,1.156222594077427724e-08,5.588139230196867726e-10,1.970156558068386626e-14,1.379790075934325522e+01,7.405494244016271876e-01,4.475050928142437989e+00,3.635923263555578711e+00,9.396091559369182278e+00,1.273930875021389930e+01,1.010353116793373829e+01,8.525842676367890505e+00,1.036212469347083065e+01,1.033726731343897143e+01,1.377982985781458858e+01,2.341524069113517115e+01,1.492800526293383179e+01,1.701664815803130182e+01,4.392681233688667675e+01,2.740606488173358457e+01,4.356051055263736771e+01,2.899720512106474857e+01,3.869401211416251130e+01,9.028179929076650012e+00
1.663148990846428976e+00,1.768045495971120928e+00,5.650603456411774417e+00,8.090419869191056712e-02,1.122247234074684271e-11,1.973625861801328577e-11,5.806417759912133094e-06,2.073483291909963636e-14,1.036910742844408517e+01,1.092371930216478715e+00,7.188144170165062796e+00,3.791320155283363746e+00,9.865322336202313025e+00,1.309318307500022271e+01,1.009469762695596273e+01,1.125417112961428856e+01,8.555672461765063019e+00,9.645343779619059532e+00,3.158970387595071116e+01,2.492747085893892489e+01,1.291812685173658082e+01,1.615966797732190230e+01,4.390455229649471391e+01,3.746021864133568613e+01,1.876325746436434372e+01,2.477889248048298754e+01,3.933762164778443093e+01,2.981576124720113086e+01
1.634015331395412218e+00,3.301533278843955463e-05,3.802938869406063266e-06,5.327827826579003339e-11,1.122120908737669827e-11,1.338714566767118877e-08,6.400617150906384044e-07,7.961291774746247112e-12,7.287671326227909141e+00,5.165959495258699574e-01,6.717295539236636692e+00,3.636287693092632001e+00,1.437365352244413508e+01,9.900179886910290605e+00,1.024642011958847831e+01,1.381522072767627840e+01,1.036440718464145405e+01,6.315005939747342367e+00,1.345763955035250703e+01,2.346076193365667706e+01,1.479441932971767493e+01,1.663229956006664523e+01,4.367357980633322967e+01,2.740189256457978217e+01,1.760378945433049225e+01,2.480132934106629961e+01,4.136158915356438115e+01,2.052030067687529069e+01
1.965257038108783050e+00,3.654893770824418464e+00,5.506358029374890606e+00,5.562690641839299843e+00,1.552554170047379544e-12,6.904101261575039568e-11,2.436946019934799201e-03,1.562614513142394657e+01,1.029103339372043813e+01,1.337132844478524651e+00,6.946022731212677215e+00,8.560322175720756377e+00,1.424019171091615554e+01,1.039724538201986448e+01,1.048008500158417178e+01,9.914696699148194625e+00,1.173880057802819898e+01,8.435822286921158764e+00,1.355347091538871318e+01,2.345297441113963544e+01,1.471464202785375974e+01,1.537880476241593541e+01,4.392834554443630424e+01,3.461993396443059368e+01,4.862491967694418094e+01,2.461993487669380443e+01,2.086959800678475219e+01,3.123083316623398176e+01
1.847001296113276902e+00,2.726499766423143983e-03,1.829162083185380772e-06,5.691159471041353739e-09,1.773773323880325626e-09,6.172285940181539837e-03,6.967881713039791777e-07,2.073483291909963636e-14,1.036910742844408517e+01,4.807638495448566474e+00,9.296094373793703625e+00,6.887454330591585183e+00,1.001788976970759570e+01,1.094780468485259917e+01,1.345254735367970156e+01,1.007987148211362971e+01,1.027445644842443251e+01,1.024526256553789416e+01,1.452633571951436764e+01,2.539937219773607779e+01,1.676322998815367882e+01,1.772164957191174750e+01,4.377361519629970132e+01,3.724839521517667151e+01,4.860510121317880561e+01,2.470500730249972676e+01,4.308684490454211158e+01,2.088421304354369568e+01
1.848004349690802517e+00,3.643370098385984690e+00,3.999364018372440926e-10,3.762570819522075823e-12,9.441653493448365353e-02,2.907318580278872577e-04,2.385816956125178618e-05,2.868307497107525084e-01,1.517000939340422150e+01,4.905469610099070898e+00,8.310630819615552056e+00,6.830674625708803127e+00,9.645376231916721110e+00,1.091024750494272588e+01,1.062501797875561316e+01,9.849306539395547233e+00,8.723899660821766489e+00,7.797612828023329890e+00,5.693168125215336772e+00,2.564811329997025524e+01,1.478873414405163800e+01,1.778097420262921347e+01,1.541241770878501782e+01,2.776630484572207180e+01,4.840998993136266648e+01,2.532935084217433186e+01,2.146923847857539869e+01,2.026848566869907131e+01
1.458993535435430811e-03,4.395848519445164776e-12,2.176666436799458773e-02,5.798493827593129701e+00,5.542689350893773792e+00,2.815703025157012540e-02,7.132682318508198449e+00,9.892195998895161324e-01,1.440747072388420946e+01,3.038695111580786534e+00,7.621787101784561536e+00,8.566576165817135546e+00,1.236894249507923682e+01,1.245896859132225210e+01,1.169692343751843033e+01,1.147819467109699509e+01,8.633650589914052986e+00,2.858544109595566596e+01,1.331734451661767515e+01,2.311623942526663100e+01,1.570135193919080940e+01,1.819838219619145292e+01,4.149895145316378375e+01,4.063258568681915506e+01,4.673757433449664234e+01,2.499022742666187114e+01,1.731265481168087206e+01,2.035527650303200531e+01
1.659977088142496449e+00,4.400237643086833336e-03,9.862943008227923218e-06,7.757377156735002018e-09,5.347465497479500840e+00,1.974384566725774226e-01,5.572896007855545292e-10,2.073483291909963636e-14,9.683810844530336581e+00,1.104642283279591686e+00,4.544670735388378624e+00,5.830767344624433690e+00,9.399326864724649511e+00,9.705009354055038173e+00,1.098751900029498607e+01,1.178251428363370756e+01,9.332381052922453790e+00,1.221738335566945111e+01,3.069915360156243977e+01,2.238891218274500972e+01,1.821786667366032475e+01,3.407220450871809447e+01,1.934536268103076750e+01,3.738025376846142223e+01,1.753897084915666582e+01,2.470983468425557561e+01,2.111819094048399492e+01,1.095044778561861243e+01
1.743860485353857237e-01,4.044590133002159450e-03,4.217930986927867498e-02,5.635955083506116736e-02,5.560968932011078891e-03,2.129328482282422108e-03,5.574769087933863770e-10,0.000000000000000000e+00,1.037999136748566720e+01,1.185800313759300284e+00,7.243721250411939927e+00,8.820103370295820255e+00,1.474131456994950007e+01,1.305964861279295341e+01,1.025762060592344227e+01,9.785667034477718573e+00,6.546958477318606029e+00,9.581674225744343687e+00,3.173196199192619105e+01,2.562101105713018967e+01,1.476467896954872572e+01,3.439860873148236919e+01,1.757521795998718872e+01,3.650823426947829375e+01,1.579783898123455188e+01,3.615000213526253248e+01,2.014950210098806238e+01,9.306599635489984479e+00
1.979666852338012095e+00,8.616030080626235765e-02,1.539663717965993328e-01,6.377915011266332534e+00,3.866025027926859642e-13,2.552963141317634785e-10,7.068728115819057578e+00,2.906786658959492620e-02,1.573849714026675173e+01,1.310056000354406169e+00,6.964559073530751654e+00,3.671654607636799295e+00,1.425983398984358530e+01,1.099849033477245541e+01,1.057207202204641128e+01,7.164522066756352281e+00,1.273319239607287834e+01,1.065994397507839508e+01,1.360289631264863353e+01,2.310384708242542473e+01,1.506689969249988437e+01,1.529156550234756651e+01,4.377232069200466924e+01,4.045674586385023730e+01,4.726885585143242707e+01,2.492815343024255981e+01,1.892781262846679269e+01,3.186809808667562294e+01
1.869356946419132415e+00,2.221194384034402922e-04,5.764573044581570906e-04,1.268606016825639671e-01,1.560853327069056107e-02,2.872361961715441925e-06,5.574769087933863770e-10,0.000000000000000000e+00,1.337136363768487257e+01,1.168979890943269151e+00,6.969217951602637129e+00,3.533283146386651197e+00,9.858500856792653977e+00,1.305167233278445416e+01,1.057659782434777895e+01,8.492544193058995106e+00,7.837968507338884727e+00,9.625991727843084433e+00,1.396767100195938660e+01,1.316294779916535518e+01,1.469429252523324259e+01,1.346997885235060366e+01,4.463921342537653913e+01,3.672831489329582411e+01,1.724590839490129923e+01,2.517611310320391027e+01,2.016765771979110511e+01,3.843377720752923210e+01
1.906119435905205828e+00,7.535653074897534151e-03,7.027699044842794507e-02,8.024347413573762466e-02,1.039999415090034648e-13,3.952168395117250987e-11,2.969915802809438773e-03,3.416389360528290786e-02,1.532610271295372861e+01,1.047055632703133066e+00,6.959164765539053832e+00,3.366427207447166392e+00,9.602739007893655199e+00,1.039160658423443806e+01,1.155720408888343798e+01,1.133792584924844427e+01,8.651758789978023501e+00,8.436539355200160628e+00,3.173793602579319639e+01,3.066781935488740629e+01,1.508242880868730929e+01,1.746070633254170090e+01,4.179267394868798391e+01,2.745134729469616985e+01,4.485926765791451487e+01,2.534666296532687824e+01,2.070680426404432595e+01,2.908568470174306952e+01
2.158275338964763534e-01,7.086509733650203646e-02,1.626381591354050173e-10,3.762570819522075823e-12,5.410304367460440744e+00,1.303906552186414724e-05,1.277862533802832451e-09,5.865469068727841018e-03,1.034831624172449516e+01,1.273228072974237568e+00,4.105259893447962050e+00,1.871526398740996555e+01,9.380579569475841595e+00,1.100033750797732424e+01,1.061532542047681638e+01,6.589341428884937457e+00,8.607244543616669574e+00,1.236278938091030888e+01,3.198514218665372510e+01,2.257346101782869852e+01,1.677044776742728516e+01,1.760552677313983239e+01,1.853565807953563649e+01,2.802522316611280573e+01,4.848785449593721353e+01,2.464058199304416519e+01,4.270792774374105250e+01,2.044790351239687709e+01
1.595567577423696148e+00,5.394417231475745478e-02,2.369626110624989401e-01,5.624660818808159490e+00,5.195663763326356488e+00,2.998488022500168437e+00,7.206417252982047827e+00,1.570154394656711716e+01,1.442561392077923088e+01,4.979463794865917947e+00,7.652982422922438133e+00,8.594270702608556078e+00,9.347627979443020152e+00,9.901105015705635282e+00,1.025968697590695555e+01,1.119884287159405112e+01,1.161167282857880245e+01,8.517003295897751514e+00,3.093254706969373657e+01,2.415155708583140637e+01,1.470001109909536119e+01,1.540439303886261513e+01,1.616321386858728815e+01,4.155965473016161837e+01,1.761847021374288502e+01,2.481740616403442701e+01,1.889990035287561199e+01,1.901740521954706509e+01
3.537396482371005929e-03,1.549735702048068431e-01,7.169659526282709527e-02,6.609143781617253174e-05,1.116347324732144715e-11,3.895609182277415603e-11,5.527603866496857629e-03,1.518412545772102007e+01,1.424596408092491373e+01,1.184239313792107673e+00,7.513666035104534124e+00,8.519728221653835476e+00,1.248551460681911607e+01,1.085552132680321691e+01,9.364006694795673269e+00,7.317052513695924354e+00,8.677563633770107643e+00,1.061290855283478329e+01,1.358212438011775980e+01,2.314378707646604738e+01,1.341501364978497080e+01,1.268620358568290740e+01,2.022624478873838427e+01,4.020104917823446300e+01,4.847521594385359123e+01,2.579463682335707375e+01,2.101177272667657192e+01,2.158781505477966434e+01
1.936158534876058157e+00,8.188896207844020836e-03,5.753921592199330526e+00,5.587480151407202555e+00,2.078565958280357612e-13,1.280639965566277491e-11,4.903786751081279024e-06,3.105733716727992366e+00,1.495545581436265259e+01,9.301085063651677309e-01,7.024938867537492193e+00,6.514572474989573259e+00,1.481661820886735725e+01,1.318952644849223965e+01,1.010106660623286956e+01,1.138637580801590410e+01,8.685008632834424702e+00,1.248729650044112560e+01,5.239800451043500118e+00,2.601808365101979703e+01,1.489234794928270489e+01,1.539830462600575345e+01,1.582247521237797727e+01,3.745682773052836723e+01,1.731942259854127641e+01,2.431472375031883004e+01,2.809214846754587569e+01,2.054399862725053794e+01
4.269294583726657155e-07,2.107456821087792115e-12,2.481772877954036005e-03,9.356657285576608363e-05,9.856394619228056597e-02,1.357402445491152854e+00,2.333676101042878592e-01,5.271411639573369001e-01,1.291580255173989578e+01,3.810593491855924220e-01,7.438106154397457814e+00,7.149867574715045748e+00,1.241233064021577093e+01,4.085706634120635172e+00,1.055691068231556429e+01,9.617033398615829398e+00,6.571403977316826683e+00,2.444091331905810094e+01,5.998971838849845639e+00,2.610123304785141940e+01,1.467197117935389272e+01,1.304531101190504039e+01,4.522889786378735266e+01,3.604309476500332465e+01,1.741245211943411775e+01,2.544694595276565607e+01,2.877075852853426596e+01,8.983828915868103948e+00
1.583264299724165936e+00,6.888175157734022225e-02,3.422338220264539725e-09,1.210206153535155205e-03,3.706010881954636460e+00,7.299490738483102037e-01,4.977457135036090770e-10,1.942814517173473988e-14,1.346177849650954172e+01,1.418707971450003047e+00,7.091295051399984395e+00,6.709590791593068815e+00,1.452125557793389987e+01,1.323453287304165116e+01,1.009234358954158672e+01,8.724190154230116789e+00,8.638886405800009882e+00,2.649591879200579214e+01,2.889439814100463266e+01,2.657457803038877486e+01,1.573869164606282745e+01,3.370755324866406966e+01,4.530586228181559250e+01,3.674998227978684184e+01,1.784551599425168433e+01,2.767993325600905763e+01,2.374607625747280082e+01,3.176345661089877837e+01
1.864482419344359876e-01,1.962786630873462501e+00,3.060071016201648675e-01,6.572364293591092199e+00,5.195663763326356488e+00,2.975163956310819202e+00,7.277522097282865587e+00,1.570154394656711716e+01,1.442970250041096847e+01,4.861799298768432753e-01,7.652982422922438133e+00,8.412317996950493537e+00,8.117186587274796139e+00,1.208720875889642521e+01,1.060555014353191083e+01,1.120953446861546077e+01,1.161864364974364072e+01,9.666449876992247781e+00,1.331489597013587911e+01,2.415200829656425441e+01,1.608156844198204993e+01,1.540439303886261513e+01,1.616321386858728815e+01,2.746695754907284481e+01,1.761795438867022767e+01,2.481635193012913732e+01,1.889990035287561199e+01,2.039348772842681967e+01
1.879254035067876583e+00,1.920797441677799977e+00,5.288163805154956876e+00,7.028702185765706822e+00,4.954346293730235828e+00,2.884863021445855935e+00,3.540252950295589424e-04,0.000000000000000000e+00,1.335832278121480599e+01,5.041449691414110479e-01,4.801534333731830806e+00,8.670399457720465719e+00,1.424679545072357989e+01,4.575752764925038463e+00,1.023723876399570365e+01,1.169071660150314429e+01,8.003598625363046892e+00,8.334727043722905293e+00,3.674176502719140558e+01,2.660968144788234824e+01,1.462639706843168241e+01,1.493560708609238397e+01,4.354389922107612421e+01,3.753465289522222292e+01,4.536789839616436382e+01,3.652609041328717154e+01,2.016869500116483138e+01,8.152830199376392528e+00
1.870301687311975991e+00,3.499538071301443870e-02,4.863279810616958840e-03,4.949281327474025494e-02,1.632356885444755101e-01,5.286327345442303757e-09,5.359388567597812366e-10,0.000000000000000000e+00,1.314493573406924298e+01,1.168979890943269151e+00,7.005934813842253917e+00,4.765255411261289709e+00,1.091466634862013940e+01,1.306067199262539447e+01,1.057670201935443721e+01,9.795237657316516078e+00,7.879346758610153323e+00,9.625991727843084433e+00,5.886762068627261257e+00,1.306299009448092363e+01,1.857968010642916923e+01,1.350950085640342202e+01,4.421400145810346771e+01,3.652877342202971533e+01,1.304737302851659919e+01,2.517361849461781986e+01,1.471629324130211813e+01,9.488766755714506118e+00
3.999795494694333153e-02,1.160999709262227064e-01,5.851282815901709178e+00,6.365182050976133432e+00,5.585126094662933305e+00,2.941309579204144597e+00,1.779832571217748738e-04,0.000000000000000000e+00,1.574848168140750637e+01,1.167457547511290272e+00,7.002100315704039346e+00,8.842863479158447504e+00,9.119554433226873869e+00,1.306048424501521765e+01,1.064768584324490064e+01,1.114491564471387441e+01,1.273515766928603732e+01,8.526024977678774874e+00,1.476354541197766146e+01,1.549820812848857265e+01,1.505465267624619052e+01,1.536330347005929120e+01,4.331831875216711580e+01,3.444377823011326711e+01,1.812458676136263591e+01,3.080131700835249831e+01,1.893366673954211166e+01,7.250670726622258755e+00
1.938119774105786286e+00,2.065776836859586574e+00,3.278400927147329114e-02,6.421471272807245612e+00,4.938348322866694673e+00,2.913425002561618626e+00,5.579374513886821369e-10,0.000000000000000000e+00,1.533330737688730494e+01,4.694135674592296859e-01,7.109773653017692929e+00,3.409192061205824409e+00,1.237173118875699629e+01,1.305964861279295341e+01,1.023647008893259525e+01,1.167452732601840459e+01,1.282706379939042129e+01,2.549438789105821002e+01,3.074548395895041253e+01,3.179721338344447190e+01,1.496435629228158604e+01,1.493560708609238397e+01,4.240878630457250154e+01,3.747213372947694410e+01,4.898307499220611305e+01,3.667419107259852495e+01,2.067698705379581625e+01,2.173337266278709023e+01
1.591463272031352183e+00,1.972869333680988380e+00,5.753921592199330526e+00,6.680441249679016202e+00,2.078565958280357612e-13,1.280639965566277491e-11,7.487878577104233102e+00,3.034305341296726688e+00,1.495545581436265259e+01,9.185434122703457493e-01,7.647301304352403406e+00,6.472616653596007019e+00,8.243363399036018890e+00,1.318970226698256099e+01,1.057855998847526457e+01,1.120720904989164879e+01,1.168191448362223461e+01,8.483239460470006321e+00,5.075995267056160998e+00,2.601808365101979703e+01,1.489234794928270489e+01,1.539830462600575345e+01,1.582194865435485909e+01,2.729174439425396415e+01,1.762040531524918308e+01,2.431472375031883004e+01,1.889856167200138515e+01,2.054399862725053794e+01
1.986397444570706217e+00,1.470925513996302336e-01,5.872307948933927157e+00,3.922861255809841907e-01,4.908903483155044887e-07,5.286327345442303757e-09,5.289405511654377001e-02,0.000000000000000000e+00,1.441510403278917885e+01,1.049187700068114459e+00,6.970374740014515957e+00,8.587497134626385531e+00,9.482271593047773450e+00,1.103715881633856988e+01,1.025987784739820974e+01,1.134026492930215113e+01,1.271167048586677950e+01,1.070247070411049251e+01,1.376103208506243014e+01,1.266212578847431125e+01,1.473074310343420912e+01,1.520178336772602101e+01,3.716987131771578134e+01,3.746394096784652561e+01,1.868948647080797443e+01,2.516508299491590961e+01,1.732257879182336069e+01,2.877060688224345242e+01
1.870301687311975991e+00,6.197300498237013483e-04,6.631924260732646390e-03,3.922861255809841907e-01,1.560853327069056107e-02,5.286327345442303757e-09,5.574769087933863770e-10,0.000000000000000000e+00,1.539374784406666663e+01,1.168979890943269151e+00,6.969217951602637129e+00,8.421986917819147322e+00,9.404968709328208831e+00,1.303197835233705604e+01,1.058225204155242771e+01,8.585948737127926833e+00,1.275005270185581097e+01,9.162741071495737799e+00,1.398799953953318642e+01,1.316294779916535518e+01,8.755476790795682973e+00,1.347041916975433828e+01,4.262888507226699630e+01,3.674085992725191119e+01,1.768691781553237519e+01,2.523993151315727701e+01,2.016160428603026489e+01,2.865523659874853379e+01
1.620848274400597422e+00,3.654394567731172216e+00,7.036210116453597840e-05,1.081862436737909133e-04,5.601679909620018272e+00,2.048031240676282949e-01,5.574769087933863770e-10,0.000000000000000000e+00,1.360724827528571268e+01,1.269102655093891086e+00,6.958020158702973745e+00,8.434931435782871745e+00,9.370645186498775203e+00,1.304946274608120227e+01,1.065990743739652125e+01,1.106077477191173486e+01,1.278948695338007191e+01,9.625991727843084433e+00,1.471404932616247407e+01,1.459291614040315466e+01,8.699140888262265392e+00,1.464061745485355814e+01,4.338228813142530527e+01,3.675136354816923046e+01,1.305033698587043034e+01,3.662951654404235313e+01,2.019065340914439943e+01,7.341656136724862947e+00
4.339587046305805329e-02,1.112626060242066783e-03,2.387671375489380243e-01,3.432065247206911187e-12,1.122815682821483046e-11,3.971572325860287000e-11,1.619585776469486356e-04,3.761882629820321317e-02,1.353508479748809634e+01,4.707575170972106982e-01,7.467570785744227280e+00,3.432298406721413286e+00,1.004723322775289063e+01,1.086263135639148025e+01,7.455575560280506942e+00,1.166123049171755532e+01,8.623160793099833299e+00,1.064994752449337412e+01,1.394698987839532478e+01,2.355544776613358948e+01,1.508974313529549782e+01,1.547453315826653508e+01,4.460781488634792424e+01,3.725954514087852232e+01,1.507682287964594892e+01,3.429149393211629615e+01,2.055078808414681646e+01,1.826142863543652339e+01
3.998118414228257755e-02,2.938969054327724220e-03,5.852943261489355287e+00,4.902875751233182200e-02,3.535197209258589268e+00,2.952554494459207923e+00,5.579374513886821369e-10,0.000000000000000000e+00,1.424343771067316311e+01,5.045346747461960657e-01,4.821063331517034811e+00,8.984435122266059892e+00,9.750606552471710486e+00,1.273008702640935397e+01,1.064766504993285068e+01,8.469856210812913844e+00,1.297798200140109692e+01,2.747970084327420182e+01,3.195086749103393231e+01,2.598796308470886274e+01,1.496413019414372414e+01,1.476044583208287619e+01,1.747907812356910995e+01,3.672574352405792553e+01,1.758523959407210313e+01,2.507968660325206400e+01,2.837113691588238140e+01,4.432265038421123293e+00
1.595567577423696148e+00,3.725749616802453978e-02,5.433413365105433712e+00,5.624660818808159490e+00,5.195663763326356488e+00,2.910650529414828824e+00,3.865359752325847609e-02,1.570154394656711716e+01,1.445021491318183315e+01,3.771767413234887178e-01,7.635873546582932825e+00,8.594270702608556078e+00,9.280517868136113790e+00,1.209019540440767493e+01,1.025683639518300971e+01,1.120953446861546077e+01,1.189290210322682739e+01,8.381375249296860730e+00,1.331489597013587911e+01,2.415107197052322618e+01,1.470001109909536119e+01,1.540447101339512592e+01,1.612083714001171941e+01,2.746695754907284481e+01,1.761827728702702700e+01,2.138645387695502009e+01,1.889990035287561199e+01,2.052323349090681859e+01
8.237128659623227378e-02,4.865826704634757839e-03,3.422338220264539725e-09,3.398861250675775926e-09,2.008387076222083178e-02,7.182785585001654205e-01,2.730381278890430524e-11,1.942814517173473988e-14,1.341044240732587411e+01,1.057505249984500351e+00,4.683529425687851244e+00,6.663526814155173561e+00,9.604814132130055526e+00,1.050545315950231284e+01,1.559295770627763922e+01,8.724190154230116789e+00,8.638886405800009882e+00,2.567493612308238937e+01,1.361234459419980425e+01,2.610840422045259501e+01,1.372617143854018451e+01,1.714712903171240299e+01,4.205396201578200532e+01,4.039852614041145529e+01,1.753988570710155059e+01,2.603411076678980862e+01,2.052879929947016535e+01,8.645249400007104512e+00
1.948362097290617490e+00,2.075899968459856026e+00,5.479188017031529689e+00,6.421471272807245612e+00,3.504633872529947958e+00,2.913425002561618626e+00,5.579374513886821369e-10,0.000000000000000000e+00,1.353786345647733214e+01,4.766990496198441063e-01,7.109773653017692929e+00,8.967586207238181117e+00,9.770672993063572065e+00,1.305964861279295341e+01,1.012698382889691473e+01,1.241253154731674435e+01,1.297852602831316204e+01,9.420524700670176443e+00,1.404785699514468256e+01,1.366356193320561019e+01,1.496435629228158604e+01,1.493560708609238397e+01,1.718632050373697950e+01,3.672344898764670518e+01,1.766593887970958221e+01,3.612470467263621288e+01,2.073556650215332553e+01,2.173337266278709023e+01
1.595567577423696148e+00,1.962786630873462501e+00,5.793664437959994196e+00,5.624660818808159490e+00,5.195663763326356488e+00,2.975163956310819202e+00,7.206578364951673699e+00,1.570154394656711716e+01,1.359581414442020098e+01,4.900574399158712513e-01,7.652982422922438133e+00,8.412209388466212800e+00,9.255734760711758824e+00,1.208720875889642521e+01,1.057683216816791116e+01,1.120953446861546077e+01,1.161167282857880245e+01,9.651113905327875386e+00,1.331489597013587911e+01,2.415155708583140637e+01,1.470001109909536119e+01,1.540439303886261513e+01,1.616321386858728815e+01,2.746695754907284481e+01,1.761795438867022767e+01,2.481740616403442701e+01,1.889990035287561199e+01,2.052323349090681859e+01
1.847994748952148436e+00,3.569027301996620327e+00,2.007874532328785703e-10,1.371594513689338697e-12,5.943315607318393923e+00,7.254105091939970773e-01,5.604311529669804331e-05,2.550845432396893764e-01,1.480750803541308258e+01,1.269788546944390362e+00,7.860838625632242227e+00,3.948758989703506916e+00,9.400000781055206645e+00,1.281279202749135848e+01,1.569738262347664914e+01,1.103271557180637075e+01,8.746271615070616789e+00,7.804992678539731443e+00,1.412899221160187935e+01,2.646812338087394068e+01,8.981443406997005496e+00,1.747615366269241832e+01,1.913350484680792007e+01,4.100608596155261409e+01,4.649073004754451688e+01,2.488915858722117491e+01,4.290192861635780730e+01,3.362617015510981844e+01
3.810998906810547648e-02,8.316098862652054891e-03,5.454240834884854117e+00,6.421471272807245612e+00,4.819201506012690039e+00,2.952331969376714937e+00,5.579374513886821369e-10,0.000000000000000000e+00,9.359488206350269124e+00,4.797006212822468862e-01,6.635651554278554798e+00,6.751782904488110582e+00,1.241538214489839653e+01,1.305964861279295341e+01,1.064729768949014499e+01,1.167452732601840459e+01,9.248364163785328884e+00,9.463676579799194855e+00,3.165262162507084298e+01,1.371708529665952270e+01,1.496435629228158604e+01,1.650406975865288217e+01,4.269627352480025451e+01,3.640960657921495880e+01,1.760814588593459007e+01,4.222360768876710324e+01,2.853773230591241727e+01,4.401526572210713084e+00
6.717557380481740947e-02,1.148583608439726449e-03,6.655039755138447179e-03,1.985904943171412640e-03,1.116347324732144715e-11,1.407303315181247961e-12,1.635326979516600956e-04,9.961700991561180801e-03,1.398849930769476835e+01,1.183295616772860992e+00,7.279509624213804209e+00,3.425477795198283548e+00,1.004723322775289063e+01,1.085990640224360249e+01,1.004108417894101812e+01,1.185088553159042313e+01,8.623322320343367764e+00,1.251311135129325613e+01,5.823679667000299709e+00,2.356787246301665206e+01,1.351606459555477713e+01,1.365312728481138116e+01,4.334092018550988001e+01,4.035135109902036277e+01,1.929201634508793006e+01,3.428305148378309042e+01,2.100650455188896615e+01,1.834788285753362658e+01
3.606377161275831078e-02,5.058363773460991183e-03,9.283630097559515822e-06,4.569573308859486982e-03,1.590920459187329314e-02,1.616598527143559005e-01,5.718887270996120595e-10,0.000000000000000000e+00,1.325180449165986296e+01,1.158630020898608226e+00,6.942587773623292158e+00,6.714623035869293766e+00,9.923132117146529652e+00,1.304232415029428971e+01,1.593285971227483167e+01,1.061635136841902849e+01,1.316017754670292028e+01,2.578427563212155604e+01,2.813251507507166949e+01,2.596141230315681980e+01,1.354576448227521546e+01,1.697089630980461550e+01,1.333855923697167611e+01,4.038699602131879374e+01,1.305033698587043034e+01,3.420948398108684785e+01,2.017164447244161707e+01,2.030327151004708952e+01
1.853456330214718450e+00,1.972869333680988380e+00,5.622709218367422324e+00,5.676427621288906877e+00,2.078565958280357612e-13,1.402596002934763117e-12,1.268254485856346037e-02,1.259959892393403696e-03,1.423057482021253861e+01,1.355956613362931940e+00,7.670989623524558709e+00,6.281560707411816047e+00,1.481163287495674474e+01,1.273815185142086825e+01,9.703483179062921238e+00,8.432528770148536523e+00,8.756453676215818049e+00,8.483239460470006321e+00,1.441030882594141005e+01,2.600394793518393399e+01,1.488411860259321351e+01,1.545203610429961572e+01,1.747905801139585336e+01,4.096802737621840151e+01,1.731942259854127641e+01,2.433131706599021271e+01,1.918603149989557366e+01,2.059947767290155340e+01
1.894415504402690464e+00,1.256605748655611186e-06,2.416171801557073697e-03,5.414641486990834363e-03,1.590920459187329314e-02,5.321583710612394817e-09,2.160768894276079149e-10,0.000000000000000000e+00,1.283699314630141686e+01,1.169249899107601909e+00,7.426401191929584478e+00,6.370249874028462322e+00,1.383272962128876848e+01,1.304232415029428971e+01,1.064162299711319548e+01,1.110291637921656971e+01,8.873193857347295932e+00,9.625983597798473568e+00,1.398799953953318642e+01,1.321648292344524833e+01,8.443129851243096340e+00,1.347233062009224902e+01,4.518714136627970390e+01,4.038699602131879374e+01,1.305033698587043034e+01,3.403941822157442232e+01,2.016160428603026489e+01,1.779534437853871509e+01
1.870301687311975991e+00,1.030142106060517361e-05,6.626304362367860072e-03,6.702157141699749410e-07,5.163616295922546229e-02,2.648542762879147816e-06,3.594971602352283746e-01,0.000000000000000000e+00,1.360776422236603267e+01,4.480204092200845700e-01,6.973816660420951052e+00,8.767104572114257977e+00,1.019588408117704859e+01,1.304232419564022472e+01,1.057894746441504275e+01,8.585948737127926833e+00,7.774250152236076516e+00,1.039006159126806317e+01,1.412450659750775728e+01,1.313922312579930463e+01,1.035278420423012236e+01,1.695708418192749534e+01,4.337047064304875477e+01,3.752870958683131875e+01,1.305060310117565159e+01,3.414567657245605403e+01,2.018842576492531649e+01,1.078529958837763658e+01
1.219669391361050126e-01,2.067072183658167327e-04,5.831534202779014464e+00,6.187361346921493421e+00,9.458082624810357892e-06,9.497756091668352408e-13,1.924651409515497347e-03,0.000000000000000000e+00,1.537887353016202852e+01,1.183294738359625287e+00,6.977740135154932410e+00,8.603939623477208087e+00,9.583889093218528998e+00,1.103944220664529929e+01,1.026245444518633398e+01,1.119623730905412273e+01,6.265306556666825344e+00,1.029595454473243166e+01,3.069636264743233411e+01,3.182252058257344629e+01,1.469809262621249246e+01,1.289012689613784346e+01,4.549428651982149319e+01,3.732607378785519359e+01,4.860940675803060174e+01,1.866047908882504558e+01,1.731893485165754143e+01,2.962035801867483187e+01
3.733669243855186615e-02,3.604197506566397813e+00,1.626381591354050173e-10,8.955134468525577161e-12,6.669189653560934516e+00,6.428045739884319463e-06,3.332160595381664922e-11,8.411036425762241642e-05,1.334033860583008035e+01,1.269788546944390362e+00,7.682391551914488304e+00,8.803936804560866136e+00,1.306096267748455020e+01,1.304969567954627152e+01,1.028639872296685986e+01,8.713521781311271752e+00,8.641772224509335132e+00,1.240436401576317671e+01,1.398345088551231186e+01,2.358958378806613254e+01,1.431284207049552393e+01,1.747344418164654911e+01,4.198537693887122657e+01,4.099582429727722399e+01,1.820769254595471054e+01,2.495249672960338927e+01,2.971085221423237144e+01,3.216451889154502908e+01
1.847286857656778247e+00,4.654299117878754046e-06,7.438686784586555356e-05,2.124422774459622243e-04,5.219659616397153812e+00,9.430703273776214202e-02,3.986257257321094982e-05,0.000000000000000000e+00,1.360724827528571268e+01,1.268444688556062294e+00,9.327926694369518046e+00,6.631931959368142060e+00,9.356348022265738251e+00,1.304151088121981950e+01,1.538399404692196093e+01,1.106538799489623237e+01,1.370784109454981525e+01,2.704829368459402161e+01,1.479903095219157549e+01,1.338109367378018888e+01,8.827521721291173407e+00,1.623646454365982450e+01,4.335404543888566309e+01,3.671072062364905264e+01,1.254000337820645683e+01,2.524600188051764960e+01,2.015550570554374588e+01,2.876946421169898116e+01
1.800433703263891294e+00,4.943298751641298297e-03,4.233542982415761102e-02,1.742109273070902194e-04,2.571244805142969270e-02,1.616598527143559005e-01,3.219247441515273487e-11,0.000000000000000000e+00,1.354276415501087527e+01,1.181194891760955379e+00,6.934483340162918452e+00,6.714623035869293766e+00,9.923132117146529652e+00,1.304232415029428971e+01,1.008478587219287803e+01,1.061635136841902849e+01,1.316017754670292028e+01,2.580058722804960070e+01,2.856639208786741335e+01,2.586329688692567430e+01,1.497152560620629913e+01,1.697089630980461550e+01,1.728659947031230004e+01,4.037835689340264622e+01,1.765241728833479229e+01,3.409067484168839712e+01,2.016160428603026489e+01,8.654118049545175495e+00
3.411805788522859206e-02,1.256605748655611186e-06,1.415936481334142049e-04,1.670004151714762387e-04,1.003178434396763130e-01,7.821263606716763822e-08,2.160768894276079149e-10,0.000000000000000000e+00,1.284082321962462458e+01,1.163768639230357671e+00,7.698921150073388731e+00,8.421986917819147322e+00,1.054390888549168892e+01,1.304232415029428971e+01,1.028288225677997580e+01,8.585948737127926833e+00,1.314127680537398746e+01,1.236259817900989688e+01,1.398366960603112297e+01,1.338266854588933263e+01,1.430573899820165273e+01,1.347577880953134155e+01,4.335478680028781184e+01,4.038429394980931164e+01,1.326282771013506689e+01,3.403719802485284163e+01,1.986371930238182060e+01,1.779534437853871509e+01
