suite,problem,algorithm,engine,seed,metric,value,n_var,n_obj
NSGAII_archive_family_DTLZ,dtlz1,nsgaii_archive_off,numpy,0,hv,5.025646198434629,6,2
NSGAII_archive_family_DTLZ,dtlz1,nsgaii_archive_off,numpy,0,igd_plus,0.0029541299248887,6,2
NSGAII_archive_family_DTLZ,dtlz1,nsgaii_archive_off,numpy,1,hv,5.026241467473605,6,2
NSGAII_archive_family_DTLZ,dtlz1,nsgaii_archive_off,numpy,1,igd_plus,0.0022641078120113,6,2
NSGAII_archive_family_DTLZ,dtlz1,nsgaii_archive_off,numpy,2,hv,5.024764558842626,6,2
NSGAII_archive_family_DTLZ,dtlz1,nsgaii_archive_off,numpy,2,igd_plus,0.0038851171421113,6,2
NSGAII_archive_family_DTLZ,dtlz1,nsgaii_archive_off,numpy,3,hv,5.026751544826803,6,2
NSGAII_archive_family_DTLZ,dtlz1,nsgaii_archive_off,numpy,3,igd_plus,0.0016233135952874,6,2
NSGAII_archive_family_DTLZ,dtlz1,nsgaii_archive_off,numpy,4,hv,5.026706650168662,6,2
NSGAII_archive_family_DTLZ,dtlz1,nsgaii_archive_off,numpy,4,igd_plus,0.001648282388322,6,2
NSGAII_archive_family_DTLZ,dtlz1,nsgaii_archive_off,numpy,5,hv,5.026309360488363,6,2
NSGAII_archive_family_DTLZ,dtlz1,nsgaii_archive_off,numpy,5,igd_plus,0.0021159094296242,6,2
NSGAII_archive_family_DTLZ,dtlz1,nsgaii_archive_off,numpy,6,hv,5.024225997719703,6,2
NSGAII_archive_family_DTLZ,dtlz1,nsgaii_archive_off,numpy,6,igd_plus,0.0044547695102268,6,2
NSGAII_archive_family_DTLZ,dtlz1,nsgaii_archive_off,numpy,7,hv,5.025768019532739,6,2
NSGAII_archive_family_DTLZ,dtlz1,nsgaii_archive_off,numpy,7,igd_plus,0.0027957347773213,6,2
NSGAII_archive_family_DTLZ,dtlz1,nsgaii_archive_off,numpy,8,hv,5.024085792218809,6,2
NSGAII_archive_family_DTLZ,dtlz1,nsgaii_archive_off,numpy,8,igd_plus,0.0046479659337976,6,2
NSGAII_archive_family_DTLZ,dtlz1,nsgaii_archive_off,numpy,9,hv,5.024880691536021,6,2
NSGAII_archive_family_DTLZ,dtlz1,nsgaii_archive_off,numpy,9,igd_plus,0.0037894924041652,6,2
NSGAII_archive_family_DTLZ,dtlz1,nsgaii_archive_passive,numpy,0,hv,5.025646198434629,6,2
NSGAII_archive_family_DTLZ,dtlz1,nsgaii_archive_passive,numpy,0,igd_plus,0.0029541299248887,6,2
NSGAII_archive_family_DTLZ,dtlz1,nsgaii_archive_passive,numpy,0,archive_subset_hv,5.0257252529058425,6,2
NSGAII_archive_family_DTLZ,dtlz1,nsgaii_archive_passive,numpy,0,archive_subset_igd_plus,0.0028499030787127,6,2
NSGAII_archive_family_DTLZ,dtlz1,nsgaii_archive_passive,numpy,1,hv,5.026241467473605,6,2
NSGAII_archive_family_DTLZ,dtlz1,nsgaii_archive_passive,numpy,1,igd_plus,0.0022641078120113,6,2
NSGAII_archive_family_DTLZ,dtlz1,nsgaii_archive_passive,numpy,1,archive_subset_hv,5.026376579717552,6,2
NSGAII_archive_family_DTLZ,dtlz1,nsgaii_archive_passive,numpy,1,archive_subset_igd_plus,0.0021932228969476,6,2
NSGAII_archive_family_DTLZ,dtlz1,nsgaii_archive_passive,numpy,2,hv,5.024764558842626,6,2
NSGAII_archive_family_DTLZ,dtlz1,nsgaii_archive_passive,numpy,2,igd_plus,0.0038851171421113,6,2
NSGAII_archive_family_DTLZ,dtlz1,nsgaii_archive_passive,numpy,2,archive_subset_hv,5.025039378837028,6,2
NSGAII_archive_family_DTLZ,dtlz1,nsgaii_archive_passive,numpy,2,archive_subset_igd_plus,0.003604569477453,6,2
NSGAII_archive_family_DTLZ,dtlz1,nsgaii_archive_passive,numpy,3,hv,5.026751544826803,6,2
NSGAII_archive_family_DTLZ,dtlz1,nsgaii_archive_passive,numpy,3,igd_plus,0.0016233135952874,6,2
NSGAII_archive_family_DTLZ,dtlz1,nsgaii_archive_passive,numpy,3,archive_subset_hv,5.027063222119431,6,2
NSGAII_archive_family_DTLZ,dtlz1,nsgaii_archive_passive,numpy,3,archive_subset_igd_plus,0.0014279512983121,6,2
NSGAII_archive_family_DTLZ,dtlz1,nsgaii_archive_passive,numpy,4,hv,5.026706650168662,6,2
NSGAII_archive_family_DTLZ,dtlz1,nsgaii_archive_passive,numpy,4,igd_plus,0.001648282388322,6,2
NSGAII_archive_family_DTLZ,dtlz1,nsgaii_archive_passive,numpy,4,archive_subset_hv,5.026885824728187,6,2
NSGAII_archive_family_DTLZ,dtlz1,nsgaii_archive_passive,numpy,4,archive_subset_igd_plus,0.001609091199243,6,2
NSGAII_archive_family_DTLZ,dtlz1,nsgaii_archive_passive,numpy,5,hv,5.026309360488363,6,2
NSGAII_archive_family_DTLZ,dtlz1,nsgaii_archive_passive,numpy,5,igd_plus,0.0021159094296242,6,2
NSGAII_archive_family_DTLZ,dtlz1,nsgaii_archive_passive,numpy,5,archive_subset_hv,5.026483665080512,6,2
NSGAII_archive_family_DTLZ,dtlz1,nsgaii_archive_passive,numpy,5,archive_subset_igd_plus,0.0020525670857413,6,2
NSGAII_archive_family_DTLZ,dtlz1,nsgaii_archive_passive,numpy,6,hv,5.024225997719703,6,2
NSGAII_archive_family_DTLZ,dtlz1,nsgaii_archive_passive,numpy,6,igd_plus,0.0044547695102268,6,2
NSGAII_archive_family_DTLZ,dtlz1,nsgaii_archive_passive,numpy,6,archive_subset_hv,5.024460745993287,6,2
NSGAII_archive_family_DTLZ,dtlz1,nsgaii_archive_passive,numpy,6,archive_subset_igd_plus,0.0042790946132389,6,2
NSGAII_archive_family_DTLZ,dtlz1,nsgaii_archive_passive,numpy,7,hv,5.025768019532739,6,2
NSGAII_archive_family_DTLZ,dtlz1,nsgaii_archive_passive,numpy,7,igd_plus,0.0027957347773213,6,2
NSGAII_archive_family_DTLZ,dtlz1,nsgaii_archive_passive,numpy,7,archive_subset_hv,5.026017241495913,6,2
NSGAII_archive_family_DTLZ,dtlz1,nsgaii_archive_passive,numpy,7,archive_subset_igd_plus,0.0025249933916968,6,2
NSGAII_archive_family_DTLZ,dtlz1,nsgaii_archive_passive,numpy,8,hv,5.024085792218809,6,2
NSGAII_archive_family_DTLZ,dtlz1,nsgaii_archive_passive,numpy,8,igd_plus,0.0046479659337976,6,2
NSGAII_archive_family_DTLZ,dtlz1,nsgaii_archive_passive,numpy,8,archive_subset_hv,5.024211419165334,6,2
NSGAII_archive_family_DTLZ,dtlz1,nsgaii_archive_passive,numpy,8,archive_subset_igd_plus,0.0045674740924585,6,2
NSGAII_archive_family_DTLZ,dtlz1,nsgaii_archive_passive,numpy,9,hv,5.024880691536021,6,2
NSGAII_archive_family_DTLZ,dtlz1,nsgaii_archive_passive,numpy,9,igd_plus,0.0037894924041652,6,2
NSGAII_archive_family_DTLZ,dtlz1,nsgaii_archive_passive,numpy,9,archive_subset_hv,5.025030882679221,6,2
NSGAII_archive_family_DTLZ,dtlz1,nsgaii_archive_passive,numpy,9,archive_subset_igd_plus,0.0036374605349305,6,2
NSGAII_archive_family_DTLZ,dtlz1,nsgaii_archive_hybrid,numpy,0,hv,5.026086920184947,6,2
NSGAII_archive_family_DTLZ,dtlz1,nsgaii_archive_hybrid,numpy,0,igd_plus,0.002391112834882,6,2
NSGAII_archive_family_DTLZ,dtlz1,nsgaii_archive_hybrid,numpy,0,archive_subset_hv,5.026483700403338,6,2
NSGAII_archive_family_DTLZ,dtlz1,nsgaii_archive_hybrid,numpy,0,archive_subset_igd_plus,0.0020160788895897,6,2
NSGAII_archive_family_DTLZ,dtlz1,nsgaii_archive_hybrid,numpy,1,hv,5.025741751441177,6,2
NSGAII_archive_family_DTLZ,dtlz1,nsgaii_archive_hybrid,numpy,1,igd_plus,0.0027772270955641,6,2
NSGAII_archive_family_DTLZ,dtlz1,nsgaii_archive_hybrid,numpy,1,archive_subset_hv,5.026324804946788,6,2
NSGAII_archive_family_DTLZ,dtlz1,nsgaii_archive_hybrid,numpy,1,archive_subset_igd_plus,0.002177085487448,6,2
NSGAII_archive_family_DTLZ,dtlz1,nsgaii_archive_hybrid,numpy,2,hv,5.016832384709578,6,2
NSGAII_archive_family_DTLZ,dtlz1,nsgaii_archive_hybrid,numpy,2,igd_plus,0.0118350404167988,6,2
NSGAII_archive_family_DTLZ,dtlz1,nsgaii_archive_hybrid,numpy,2,archive_subset_hv,5.016840749486203,6,2
NSGAII_archive_family_DTLZ,dtlz1,nsgaii_archive_hybrid,numpy,2,archive_subset_igd_plus,0.0118350404167988,6,2
NSGAII_archive_family_DTLZ,dtlz1,nsgaii_archive_hybrid,numpy,3,hv,5.022388419410603,6,2
NSGAII_archive_family_DTLZ,dtlz1,nsgaii_archive_hybrid,numpy,3,igd_plus,0.0065274027901512,6,2
NSGAII_archive_family_DTLZ,dtlz1,nsgaii_archive_hybrid,numpy,3,archive_subset_hv,5.022915413158087,6,2
NSGAII_archive_family_DTLZ,dtlz1,nsgaii_archive_hybrid,numpy,3,archive_subset_igd_plus,0.0061272343696083,6,2
NSGAII_archive_family_DTLZ,dtlz1,nsgaii_archive_hybrid,numpy,4,hv,5.026100453849822,6,2
NSGAII_archive_family_DTLZ,dtlz1,nsgaii_archive_hybrid,numpy,4,igd_plus,0.0023098199195891,6,2
NSGAII_archive_family_DTLZ,dtlz1,nsgaii_archive_hybrid,numpy,4,archive_subset_hv,5.0266637267391046,6,2
NSGAII_archive_family_DTLZ,dtlz1,nsgaii_archive_hybrid,numpy,4,archive_subset_igd_plus,0.0018219563363392,6,2
NSGAII_archive_family_DTLZ,dtlz1,nsgaii_archive_hybrid,numpy,5,hv,5.025614225435063,6,2
NSGAII_archive_family_DTLZ,dtlz1,nsgaii_archive_hybrid,numpy,5,igd_plus,0.0029214571359942,6,2
NSGAII_archive_family_DTLZ,dtlz1,nsgaii_archive_hybrid,numpy,5,archive_subset_hv,5.02621130653146,6,2
NSGAII_archive_family_DTLZ,dtlz1,nsgaii_archive_hybrid,numpy,5,archive_subset_igd_plus,0.0023236212653732,6,2
NSGAII_archive_family_DTLZ,dtlz1,nsgaii_archive_hybrid,numpy,6,hv,5.026519409493877,6,2
NSGAII_archive_family_DTLZ,dtlz1,nsgaii_archive_hybrid,numpy,6,igd_plus,0.0019351566765519,6,2
NSGAII_archive_family_DTLZ,dtlz1,nsgaii_archive_hybrid,numpy,6,archive_subset_hv,5.026569549036801,6,2
NSGAII_archive_family_DTLZ,dtlz1,nsgaii_archive_hybrid,numpy,6,archive_subset_igd_plus,0.0019912138639496,6,2
NSGAII_archive_family_DTLZ,dtlz1,nsgaii_archive_hybrid,numpy,7,hv,5.025926913265529,6,2
NSGAII_archive_family_DTLZ,dtlz1,nsgaii_archive_hybrid,numpy,7,igd_plus,0.002605934950011,6,2
NSGAII_archive_family_DTLZ,dtlz1,nsgaii_archive_hybrid,numpy,7,archive_subset_hv,5.026788712552895,6,2
NSGAII_archive_family_DTLZ,dtlz1,nsgaii_archive_hybrid,numpy,7,archive_subset_igd_plus,0.0017327520450246,6,2
NSGAII_archive_family_DTLZ,dtlz1,nsgaii_archive_hybrid,numpy,8,hv,5.025839803802654,6,2
NSGAII_archive_family_DTLZ,dtlz1,nsgaii_archive_hybrid,numpy,8,igd_plus,0.0026381271651175,6,2
NSGAII_archive_family_DTLZ,dtlz1,nsgaii_archive_hybrid,numpy,8,archive_subset_hv,5.026306005427076,6,2
NSGAII_archive_family_DTLZ,dtlz1,nsgaii_archive_hybrid,numpy,8,archive_subset_igd_plus,0.0022521967914615,6,2
NSGAII_archive_family_DTLZ,dtlz1,nsgaii_archive_hybrid,numpy,9,hv,5.026013516838702,6,2
NSGAII_archive_family_DTLZ,dtlz1,nsgaii_archive_hybrid,numpy,9,igd_plus,0.0024980210443471,6,2
NSGAII_archive_family_DTLZ,dtlz1,nsgaii_archive_hybrid,numpy,9,archive_subset_hv,5.026760781728415,6,2
NSGAII_archive_family_DTLZ,dtlz1,nsgaii_archive_hybrid,numpy,9,archive_subset_igd_plus,0.001713140649495,6,2
NSGAII_archive_family_DTLZ,dtlz2,nsgaii_archive_off,numpy,0,hv,4.361182446822016,11,2
NSGAII_archive_family_DTLZ,dtlz2,nsgaii_archive_off,numpy,0,igd_plus,0.5931779034560724,11,2
NSGAII_archive_family_DTLZ,dtlz2,nsgaii_archive_off,numpy,1,hv,4.361792180102566,11,2
NSGAII_archive_family_DTLZ,dtlz2,nsgaii_archive_off,numpy,1,igd_plus,0.5931716169972531,11,2
NSGAII_archive_family_DTLZ,dtlz2,nsgaii_archive_off,numpy,2,hv,4.361875449122452,11,2
NSGAII_archive_family_DTLZ,dtlz2,nsgaii_archive_off,numpy,2,igd_plus,0.5931527816147935,11,2
NSGAII_archive_family_DTLZ,dtlz2,nsgaii_archive_off,numpy,3,hv,4.36197615392891,11,2
NSGAII_archive_family_DTLZ,dtlz2,nsgaii_archive_off,numpy,3,igd_plus,0.5931318258312926,11,2
NSGAII_archive_family_DTLZ,dtlz2,nsgaii_archive_off,numpy,4,hv,4.361527882455378,11,2
NSGAII_archive_family_DTLZ,dtlz2,nsgaii_archive_off,numpy,4,igd_plus,0.5931533166309448,11,2
NSGAII_archive_family_DTLZ,dtlz2,nsgaii_archive_off,numpy,5,hv,4.361293197434392,11,2
NSGAII_archive_family_DTLZ,dtlz2,nsgaii_archive_off,numpy,5,igd_plus,0.5931198127653775,11,2
NSGAII_archive_family_DTLZ,dtlz2,nsgaii_archive_off,numpy,6,hv,4.361985777822887,11,2
NSGAII_archive_family_DTLZ,dtlz2,nsgaii_archive_off,numpy,6,igd_plus,0.5931684840413054,11,2
NSGAII_archive_family_DTLZ,dtlz2,nsgaii_archive_off,numpy,7,hv,4.36178672038534,11,2
NSGAII_archive_family_DTLZ,dtlz2,nsgaii_archive_off,numpy,7,igd_plus,0.5931442198897589,11,2
NSGAII_archive_family_DTLZ,dtlz2,nsgaii_archive_off,numpy,8,hv,4.361607245978493,11,2
NSGAII_archive_family_DTLZ,dtlz2,nsgaii_archive_off,numpy,8,igd_plus,0.5932163417920686,11,2
NSGAII_archive_family_DTLZ,dtlz2,nsgaii_archive_off,numpy,9,hv,4.3612873533328,11,2
NSGAII_archive_family_DTLZ,dtlz2,nsgaii_archive_off,numpy,9,igd_plus,0.5931814237271843,11,2
NSGAII_archive_family_DTLZ,dtlz2,nsgaii_archive_passive,numpy,0,hv,4.361182446822016,11,2
NSGAII_archive_family_DTLZ,dtlz2,nsgaii_archive_passive,numpy,0,igd_plus,0.5931779034560724,11,2
NSGAII_archive_family_DTLZ,dtlz2,nsgaii_archive_passive,numpy,0,archive_subset_hv,4.362976504115996,11,2
NSGAII_archive_family_DTLZ,dtlz2,nsgaii_archive_passive,numpy,0,archive_subset_igd_plus,0.5931717765428245,11,2
NSGAII_archive_family_DTLZ,dtlz2,nsgaii_archive_passive,numpy,1,hv,4.361792180102566,11,2
NSGAII_archive_family_DTLZ,dtlz2,nsgaii_archive_passive,numpy,1,igd_plus,0.5931716169972531,11,2
NSGAII_archive_family_DTLZ,dtlz2,nsgaii_archive_passive,numpy,1,archive_subset_hv,4.362778192355216,11,2
NSGAII_archive_family_DTLZ,dtlz2,nsgaii_archive_passive,numpy,1,archive_subset_igd_plus,0.5931984436416179,11,2
NSGAII_archive_family_DTLZ,dtlz2,nsgaii_archive_passive,numpy,2,hv,4.361875449122452,11,2
NSGAII_archive_family_DTLZ,dtlz2,nsgaii_archive_passive,numpy,2,igd_plus,0.5931527816147935,11,2
NSGAII_archive_family_DTLZ,dtlz2,nsgaii_archive_passive,numpy,2,archive_subset_hv,4.363008339141532,11,2
NSGAII_archive_family_DTLZ,dtlz2,nsgaii_archive_passive,numpy,2,archive_subset_igd_plus,0.593142408680503,11,2
NSGAII_archive_family_DTLZ,dtlz2,nsgaii_archive_passive,numpy,3,hv,4.36197615392891,11,2
NSGAII_archive_family_DTLZ,dtlz2,nsgaii_archive_passive,numpy,3,igd_plus,0.5931318258312926,11,2
NSGAII_archive_family_DTLZ,dtlz2,nsgaii_archive_passive,numpy,3,archive_subset_hv,4.36271490335927,11,2
NSGAII_archive_family_DTLZ,dtlz2,nsgaii_archive_passive,numpy,3,archive_subset_igd_plus,0.5931791081905677,11,2
NSGAII_archive_family_DTLZ,dtlz2,nsgaii_archive_passive,numpy,4,hv,4.361527882455378,11,2
NSGAII_archive_family_DTLZ,dtlz2,nsgaii_archive_passive,numpy,4,igd_plus,0.5931533166309448,11,2
NSGAII_archive_family_DTLZ,dtlz2,nsgaii_archive_passive,numpy,4,archive_subset_hv,4.363085967050167,11,2
NSGAII_archive_family_DTLZ,dtlz2,nsgaii_archive_passive,numpy,4,archive_subset_igd_plus,0.5931625531099219,11,2
NSGAII_archive_family_DTLZ,dtlz2,nsgaii_archive_passive,numpy,5,hv,4.361293197434392,11,2
NSGAII_archive_family_DTLZ,dtlz2,nsgaii_archive_passive,numpy,5,igd_plus,0.5931198127653775,11,2
NSGAII_archive_family_DTLZ,dtlz2,nsgaii_archive_passive,numpy,5,archive_subset_hv,4.36309726742996,11,2
NSGAII_archive_family_DTLZ,dtlz2,nsgaii_archive_passive,numpy,5,archive_subset_igd_plus,0.593123616980022,11,2
NSGAII_archive_family_DTLZ,dtlz2,nsgaii_archive_passive,numpy,6,hv,4.361985777822887,11,2
NSGAII_archive_family_DTLZ,dtlz2,nsgaii_archive_passive,numpy,6,igd_plus,0.5931684840413054,11,2
NSGAII_archive_family_DTLZ,dtlz2,nsgaii_archive_passive,numpy,6,archive_subset_hv,4.36302366262653,11,2
NSGAII_archive_family_DTLZ,dtlz2,nsgaii_archive_passive,numpy,6,archive_subset_igd_plus,0.5931492662354143,11,2
NSGAII_archive_family_DTLZ,dtlz2,nsgaii_archive_passive,numpy,7,hv,4.36178672038534,11,2
NSGAII_archive_family_DTLZ,dtlz2,nsgaii_archive_passive,numpy,7,igd_plus,0.5931442198897589,11,2
NSGAII_archive_family_DTLZ,dtlz2,nsgaii_archive_passive,numpy,7,archive_subset_hv,4.363052060024953,11,2
NSGAII_archive_family_DTLZ,dtlz2,nsgaii_archive_passive,numpy,7,archive_subset_igd_plus,0.5931223671449737,11,2
NSGAII_archive_family_DTLZ,dtlz2,nsgaii_archive_passive,numpy,8,hv,4.361607245978493,11,2
NSGAII_archive_family_DTLZ,dtlz2,nsgaii_archive_passive,numpy,8,igd_plus,0.5932163417920686,11,2
NSGAII_archive_family_DTLZ,dtlz2,nsgaii_archive_passive,numpy,8,archive_subset_hv,4.3628367699925,11,2
NSGAII_archive_family_DTLZ,dtlz2,nsgaii_archive_passive,numpy,8,archive_subset_igd_plus,0.5932062401863689,11,2
NSGAII_archive_family_DTLZ,dtlz2,nsgaii_archive_passive,numpy,9,hv,4.3612873533328,11,2
NSGAII_archive_family_DTLZ,dtlz2,nsgaii_archive_passive,numpy,9,igd_plus,0.5931814237271843,11,2
NSGAII_archive_family_DTLZ,dtlz2,nsgaii_archive_passive,numpy,9,archive_subset_hv,4.362979800858363,11,2
NSGAII_archive_family_DTLZ,dtlz2,nsgaii_archive_passive,numpy,9,archive_subset_igd_plus,0.5931560572174943,11,2
NSGAII_archive_family_DTLZ,dtlz2,nsgaii_archive_hybrid,numpy,0,hv,4.359230434952524,11,2
NSGAII_archive_family_DTLZ,dtlz2,nsgaii_archive_hybrid,numpy,0,igd_plus,0.5934502688505592,11,2
NSGAII_archive_family_DTLZ,dtlz2,nsgaii_archive_hybrid,numpy,0,archive_subset_hv,4.362728605023524,11,2
NSGAII_archive_family_DTLZ,dtlz2,nsgaii_archive_hybrid,numpy,0,archive_subset_igd_plus,0.5931779041041862,11,2
NSGAII_archive_family_DTLZ,dtlz2,nsgaii_archive_hybrid,numpy,1,hv,4.359417271809495,11,2
NSGAII_archive_family_DTLZ,dtlz2,nsgaii_archive_hybrid,numpy,1,igd_plus,0.593254089222023,11,2
NSGAII_archive_family_DTLZ,dtlz2,nsgaii_archive_hybrid,numpy,1,archive_subset_hv,4.363051160997239,11,2
NSGAII_archive_family_DTLZ,dtlz2,nsgaii_archive_hybrid,numpy,1,archive_subset_igd_plus,0.5931548247968206,11,2
NSGAII_archive_family_DTLZ,dtlz2,nsgaii_archive_hybrid,numpy,2,hv,4.360329362707504,11,2
NSGAII_archive_family_DTLZ,dtlz2,nsgaii_archive_hybrid,numpy,2,igd_plus,0.5932600848344509,11,2
NSGAII_archive_family_DTLZ,dtlz2,nsgaii_archive_hybrid,numpy,2,archive_subset_hv,4.362884851561431,11,2
NSGAII_archive_family_DTLZ,dtlz2,nsgaii_archive_hybrid,numpy,2,archive_subset_igd_plus,0.5932307046547731,11,2
NSGAII_archive_family_DTLZ,dtlz2,nsgaii_archive_hybrid,numpy,3,hv,4.361034483604623,11,2
NSGAII_archive_family_DTLZ,dtlz2,nsgaii_archive_hybrid,numpy,3,igd_plus,0.5932549215538135,11,2
NSGAII_archive_family_DTLZ,dtlz2,nsgaii_archive_hybrid,numpy,3,archive_subset_hv,4.3628741531330535,11,2
NSGAII_archive_family_DTLZ,dtlz2,nsgaii_archive_hybrid,numpy,3,archive_subset_igd_plus,0.5932128215526612,11,2
NSGAII_archive_family_DTLZ,dtlz2,nsgaii_archive_hybrid,numpy,4,hv,4.359726652561026,11,2
NSGAII_archive_family_DTLZ,dtlz2,nsgaii_archive_hybrid,numpy,4,igd_plus,0.5933370947819496,11,2
NSGAII_archive_family_DTLZ,dtlz2,nsgaii_archive_hybrid,numpy,4,archive_subset_hv,4.362859840897067,11,2
NSGAII_archive_family_DTLZ,dtlz2,nsgaii_archive_hybrid,numpy,4,archive_subset_igd_plus,0.5931695782948055,11,2
NSGAII_archive_family_DTLZ,dtlz2,nsgaii_archive_hybrid,numpy,5,hv,4.359523136960264,11,2
NSGAII_archive_family_DTLZ,dtlz2,nsgaii_archive_hybrid,numpy,5,igd_plus,0.5933812006530865,11,2
NSGAII_archive_family_DTLZ,dtlz2,nsgaii_archive_hybrid,numpy,5,archive_subset_hv,4.363206721835819,11,2
NSGAII_archive_family_DTLZ,dtlz2,nsgaii_archive_hybrid,numpy,5,archive_subset_igd_plus,0.5931169827996277,11,2
NSGAII_archive_family_DTLZ,dtlz2,nsgaii_archive_hybrid,numpy,6,hv,4.3591217803840285,11,2
NSGAII_archive_family_DTLZ,dtlz2,nsgaii_archive_hybrid,numpy,6,igd_plus,0.5934906960171205,11,2
NSGAII_archive_family_DTLZ,dtlz2,nsgaii_archive_hybrid,numpy,6,archive_subset_hv,4.363122220128255,11,2
NSGAII_archive_family_DTLZ,dtlz2,nsgaii_archive_hybrid,numpy,6,archive_subset_igd_plus,0.5931153473460559,11,2
NSGAII_archive_family_DTLZ,dtlz2,nsgaii_archive_hybrid,numpy,7,hv,4.359678796551656,11,2
NSGAII_archive_family_DTLZ,dtlz2,nsgaii_archive_hybrid,numpy,7,igd_plus,0.5933152404008611,11,2
NSGAII_archive_family_DTLZ,dtlz2,nsgaii_archive_hybrid,numpy,7,archive_subset_hv,4.362859965524618,11,2
NSGAII_archive_family_DTLZ,dtlz2,nsgaii_archive_hybrid,numpy,7,archive_subset_igd_plus,0.5932217365652519,11,2
NSGAII_archive_family_DTLZ,dtlz2,nsgaii_archive_hybrid,numpy,8,hv,4.359039988179527,11,2
NSGAII_archive_family_DTLZ,dtlz2,nsgaii_archive_hybrid,numpy,8,igd_plus,0.5935280011963108,11,2
NSGAII_archive_family_DTLZ,dtlz2,nsgaii_archive_hybrid,numpy,8,archive_subset_hv,4.362960927363882,11,2
NSGAII_archive_family_DTLZ,dtlz2,nsgaii_archive_hybrid,numpy,8,archive_subset_igd_plus,0.5932072624507769,11,2
NSGAII_archive_family_DTLZ,dtlz2,nsgaii_archive_hybrid,numpy,9,hv,4.360580038105089,11,2
NSGAII_archive_family_DTLZ,dtlz2,nsgaii_archive_hybrid,numpy,9,igd_plus,0.5933040792908257,11,2
NSGAII_archive_family_DTLZ,dtlz2,nsgaii_archive_hybrid,numpy,9,archive_subset_hv,4.363066674564985,11,2
NSGAII_archive_family_DTLZ,dtlz2,nsgaii_archive_hybrid,numpy,9,archive_subset_igd_plus,0.5931655495249554,11,2
NSGAII_archive_family_DTLZ,dtlz7,nsgaii_archive_off,numpy,0,hv,1.5125789487179409,21,2
NSGAII_archive_family_DTLZ,dtlz7,nsgaii_archive_off,numpy,0,igd_plus,2.152489397622092,21,2
NSGAII_archive_family_DTLZ,dtlz7,nsgaii_archive_off,numpy,1,hv,1.5119815156319147,21,2
NSGAII_archive_family_DTLZ,dtlz7,nsgaii_archive_off,numpy,1,igd_plus,2.1527012647676838,21,2
NSGAII_archive_family_DTLZ,dtlz7,nsgaii_archive_off,numpy,2,hv,1.5125908760768394,21,2
NSGAII_archive_family_DTLZ,dtlz7,nsgaii_archive_off,numpy,2,igd_plus,2.152889742320986,21,2
NSGAII_archive_family_DTLZ,dtlz7,nsgaii_archive_off,numpy,3,hv,1.5122171073794024,21,2
NSGAII_archive_family_DTLZ,dtlz7,nsgaii_archive_off,numpy,3,igd_plus,2.152666516195595,21,2
NSGAII_archive_family_DTLZ,dtlz7,nsgaii_archive_off,numpy,4,hv,1.5126451526796303,21,2
NSGAII_archive_family_DTLZ,dtlz7,nsgaii_archive_off,numpy,4,igd_plus,2.152254892259233,21,2
NSGAII_archive_family_DTLZ,dtlz7,nsgaii_archive_off,numpy,5,hv,1.5126162723295953,21,2
NSGAII_archive_family_DTLZ,dtlz7,nsgaii_archive_off,numpy,5,igd_plus,2.1521969621516823,21,2
NSGAII_archive_family_DTLZ,dtlz7,nsgaii_archive_off,numpy,6,hv,1.5120749047344533,21,2
NSGAII_archive_family_DTLZ,dtlz7,nsgaii_archive_off,numpy,6,igd_plus,2.1529668665790047,21,2
NSGAII_archive_family_DTLZ,dtlz7,nsgaii_archive_off,numpy,7,hv,1.5123986684790605,21,2
NSGAII_archive_family_DTLZ,dtlz7,nsgaii_archive_off,numpy,7,igd_plus,2.1524758490171374,21,2
NSGAII_archive_family_DTLZ,dtlz7,nsgaii_archive_off,numpy,8,hv,1.5123854286485965,21,2
NSGAII_archive_family_DTLZ,dtlz7,nsgaii_archive_off,numpy,8,igd_plus,2.15271446416319,21,2
NSGAII_archive_family_DTLZ,dtlz7,nsgaii_archive_off,numpy,9,hv,1.5127107780246736,21,2
NSGAII_archive_family_DTLZ,dtlz7,nsgaii_archive_off,numpy,9,igd_plus,2.152667699250269,21,2
NSGAII_archive_family_DTLZ,dtlz7,nsgaii_archive_passive,numpy,0,hv,1.5125789487179409,21,2
NSGAII_archive_family_DTLZ,dtlz7,nsgaii_archive_passive,numpy,0,igd_plus,2.152489397622092,21,2
NSGAII_archive_family_DTLZ,dtlz7,nsgaii_archive_passive,numpy,0,archive_subset_hv,1.5132714230222988,21,2
NSGAII_archive_family_DTLZ,dtlz7,nsgaii_archive_passive,numpy,0,archive_subset_igd_plus,2.15285478205814,21,2
NSGAII_archive_family_DTLZ,dtlz7,nsgaii_archive_passive,numpy,1,hv,1.5119815156319147,21,2
NSGAII_archive_family_DTLZ,dtlz7,nsgaii_archive_passive,numpy,1,igd_plus,2.1527012647676838,21,2
NSGAII_archive_family_DTLZ,dtlz7,nsgaii_archive_passive,numpy,1,archive_subset_hv,1.5131899572168035,21,2
NSGAII_archive_family_DTLZ,dtlz7,nsgaii_archive_passive,numpy,1,archive_subset_igd_plus,2.1527012647676838,21,2
NSGAII_archive_family_DTLZ,dtlz7,nsgaii_archive_passive,numpy,2,hv,1.5125908760768394,21,2
NSGAII_archive_family_DTLZ,dtlz7,nsgaii_archive_passive,numpy,2,igd_plus,2.152889742320986,21,2
NSGAII_archive_family_DTLZ,dtlz7,nsgaii_archive_passive,numpy,2,archive_subset_hv,1.5131127230488275,21,2
NSGAII_archive_family_DTLZ,dtlz7,nsgaii_archive_passive,numpy,2,archive_subset_igd_plus,2.152889742320986,21,2
NSGAII_archive_family_DTLZ,dtlz7,nsgaii_archive_passive,numpy,3,hv,1.5122171073794024,21,2
NSGAII_archive_family_DTLZ,dtlz7,nsgaii_archive_passive,numpy,3,igd_plus,2.152666516195595,21,2
NSGAII_archive_family_DTLZ,dtlz7,nsgaii_archive_passive,numpy,3,archive_subset_hv,1.513360208162264,21,2
NSGAII_archive_family_DTLZ,dtlz7,nsgaii_archive_passive,numpy,3,archive_subset_igd_plus,2.152754296258356,21,2
NSGAII_archive_family_DTLZ,dtlz7,nsgaii_archive_passive,numpy,4,hv,1.5126451526796303,21,2
NSGAII_archive_family_DTLZ,dtlz7,nsgaii_archive_passive,numpy,4,igd_plus,2.152254892259233,21,2
NSGAII_archive_family_DTLZ,dtlz7,nsgaii_archive_passive,numpy,4,archive_subset_hv,1.5135141277999888,21,2
NSGAII_archive_family_DTLZ,dtlz7,nsgaii_archive_passive,numpy,4,archive_subset_igd_plus,2.1523165493111795,21,2
NSGAII_archive_family_DTLZ,dtlz7,nsgaii_archive_passive,numpy,5,hv,1.5126162723295953,21,2
NSGAII_archive_family_DTLZ,dtlz7,nsgaii_archive_passive,numpy,5,igd_plus,2.1521969621516823,21,2
NSGAII_archive_family_DTLZ,dtlz7,nsgaii_archive_passive,numpy,5,archive_subset_hv,1.5133545146038636,21,2
NSGAII_archive_family_DTLZ,dtlz7,nsgaii_archive_passive,numpy,5,archive_subset_igd_plus,2.1527754791629743,21,2
NSGAII_archive_family_DTLZ,dtlz7,nsgaii_archive_passive,numpy,6,hv,1.5120749047344533,21,2
NSGAII_archive_family_DTLZ,dtlz7,nsgaii_archive_passive,numpy,6,igd_plus,2.1529668665790047,21,2
NSGAII_archive_family_DTLZ,dtlz7,nsgaii_archive_passive,numpy,6,archive_subset_hv,1.5132510937860002,21,2
NSGAII_archive_family_DTLZ,dtlz7,nsgaii_archive_passive,numpy,6,archive_subset_igd_plus,2.1529668665790047,21,2
NSGAII_archive_family_DTLZ,dtlz7,nsgaii_archive_passive,numpy,7,hv,1.5123986684790605,21,2
NSGAII_archive_family_DTLZ,dtlz7,nsgaii_archive_passive,numpy,7,igd_plus,2.1524758490171374,21,2
NSGAII_archive_family_DTLZ,dtlz7,nsgaii_archive_passive,numpy,7,archive_subset_hv,1.513109742056713,21,2
NSGAII_archive_family_DTLZ,dtlz7,nsgaii_archive_passive,numpy,7,archive_subset_igd_plus,2.152532519404673,21,2
NSGAII_archive_family_DTLZ,dtlz7,nsgaii_archive_passive,numpy,8,hv,1.5123854286485965,21,2
NSGAII_archive_family_DTLZ,dtlz7,nsgaii_archive_passive,numpy,8,igd_plus,2.15271446416319,21,2
NSGAII_archive_family_DTLZ,dtlz7,nsgaii_archive_passive,numpy,8,archive_subset_hv,1.5135250048627278,21,2
NSGAII_archive_family_DTLZ,dtlz7,nsgaii_archive_passive,numpy,8,archive_subset_igd_plus,2.15271446416319,21,2
NSGAII_archive_family_DTLZ,dtlz7,nsgaii_archive_passive,numpy,9,hv,1.5127107780246736,21,2
NSGAII_archive_family_DTLZ,dtlz7,nsgaii_archive_passive,numpy,9,igd_plus,2.152667699250269,21,2
NSGAII_archive_family_DTLZ,dtlz7,nsgaii_archive_passive,numpy,9,archive_subset_hv,1.5131486743415306,21,2
NSGAII_archive_family_DTLZ,dtlz7,nsgaii_archive_passive,numpy,9,archive_subset_igd_plus,2.152667699250269,21,2
NSGAII_archive_family_DTLZ,dtlz7,nsgaii_archive_hybrid,numpy,0,hv,1.5083682135793564,21,2
NSGAII_archive_family_DTLZ,dtlz7,nsgaii_archive_hybrid,numpy,0,igd_plus,2.152287923025425,21,2
NSGAII_archive_family_DTLZ,dtlz7,nsgaii_archive_hybrid,numpy,0,archive_subset_hv,1.513128316013178,21,2
NSGAII_archive_family_DTLZ,dtlz7,nsgaii_archive_hybrid,numpy,0,archive_subset_igd_plus,2.152684912754104,21,2
NSGAII_archive_family_DTLZ,dtlz7,nsgaii_archive_hybrid,numpy,1,hv,1.5079333420868462,21,2
NSGAII_archive_family_DTLZ,dtlz7,nsgaii_archive_hybrid,numpy,1,igd_plus,2.152776520810552,21,2
NSGAII_archive_family_DTLZ,dtlz7,nsgaii_archive_hybrid,numpy,1,archive_subset_hv,1.5132123110249829,21,2
NSGAII_archive_family_DTLZ,dtlz7,nsgaii_archive_hybrid,numpy,1,archive_subset_igd_plus,2.1527672326811484,21,2
NSGAII_archive_family_DTLZ,dtlz7,nsgaii_archive_hybrid,numpy,2,hv,1.507994615371595,21,2
NSGAII_archive_family_DTLZ,dtlz7,nsgaii_archive_hybrid,numpy,2,igd_plus,2.1530842936545413,21,2
NSGAII_archive_family_DTLZ,dtlz7,nsgaii_archive_hybrid,numpy,2,archive_subset_hv,1.5129886920728763,21,2
NSGAII_archive_family_DTLZ,dtlz7,nsgaii_archive_hybrid,numpy,2,archive_subset_igd_plus,2.1531916313050385,21,2
NSGAII_archive_family_DTLZ,dtlz7,nsgaii_archive_hybrid,numpy,3,hv,1.5091183351241328,21,2
NSGAII_archive_family_DTLZ,dtlz7,nsgaii_archive_hybrid,numpy,3,igd_plus,2.152685556679761,21,2
NSGAII_archive_family_DTLZ,dtlz7,nsgaii_archive_hybrid,numpy,3,archive_subset_hv,1.5134222432724245,21,2
NSGAII_archive_family_DTLZ,dtlz7,nsgaii_archive_hybrid,numpy,3,archive_subset_igd_plus,2.152685556679761,21,2
NSGAII_archive_family_DTLZ,dtlz7,nsgaii_archive_hybrid,numpy,4,hv,1.5092771572280033,21,2
NSGAII_archive_family_DTLZ,dtlz7,nsgaii_archive_hybrid,numpy,4,igd_plus,2.1529171274384065,21,2
NSGAII_archive_family_DTLZ,dtlz7,nsgaii_archive_hybrid,numpy,4,archive_subset_hv,1.5131934938288902,21,2
NSGAII_archive_family_DTLZ,dtlz7,nsgaii_archive_hybrid,numpy,4,archive_subset_igd_plus,2.1529171274384065,21,2
NSGAII_archive_family_DTLZ,dtlz7,nsgaii_archive_hybrid,numpy,5,hv,1.507993356530234,21,2
NSGAII_archive_family_DTLZ,dtlz7,nsgaii_archive_hybrid,numpy,5,igd_plus,2.1523834868258795,21,2
NSGAII_archive_family_DTLZ,dtlz7,nsgaii_archive_hybrid,numpy,5,archive_subset_hv,1.5130581011800197,21,2
NSGAII_archive_family_DTLZ,dtlz7,nsgaii_archive_hybrid,numpy,5,archive_subset_igd_plus,2.1523834868258795,21,2
NSGAII_archive_family_DTLZ,dtlz7,nsgaii_archive_hybrid,numpy,6,hv,1.5078478532320692,21,2
NSGAII_archive_family_DTLZ,dtlz7,nsgaii_archive_hybrid,numpy,6,igd_plus,2.15238643336952,21,2
NSGAII_archive_family_DTLZ,dtlz7,nsgaii_archive_hybrid,numpy,6,archive_subset_hv,1.5134991028662452,21,2
NSGAII_archive_family_DTLZ,dtlz7,nsgaii_archive_hybrid,numpy,6,archive_subset_igd_plus,2.1527191589125394,21,2
NSGAII_archive_family_DTLZ,dtlz7,nsgaii_archive_hybrid,numpy,7,hv,1.5091925262917265,21,2
NSGAII_archive_family_DTLZ,dtlz7,nsgaii_archive_hybrid,numpy,7,igd_plus,2.152439912246583,21,2
NSGAII_archive_family_DTLZ,dtlz7,nsgaii_archive_hybrid,numpy,7,archive_subset_hv,1.513296224597794,21,2
NSGAII_archive_family_DTLZ,dtlz7,nsgaii_archive_hybrid,numpy,7,archive_subset_igd_plus,2.152451728144228,21,2
NSGAII_archive_family_DTLZ,dtlz7,nsgaii_archive_hybrid,numpy,8,hv,1.5101367023196854,21,2
NSGAII_archive_family_DTLZ,dtlz7,nsgaii_archive_hybrid,numpy,8,igd_plus,2.1523487819479765,21,2
NSGAII_archive_family_DTLZ,dtlz7,nsgaii_archive_hybrid,numpy,8,archive_subset_hv,1.513264649575519,21,2
NSGAII_archive_family_DTLZ,dtlz7,nsgaii_archive_hybrid,numpy,8,archive_subset_igd_plus,2.1525304844734685,21,2
NSGAII_archive_family_DTLZ,dtlz7,nsgaii_archive_hybrid,numpy,9,hv,1.5080524974103453,21,2
NSGAII_archive_family_DTLZ,dtlz7,nsgaii_archive_hybrid,numpy,9,igd_plus,2.152658321057492,21,2
NSGAII_archive_family_DTLZ,dtlz7,nsgaii_archive_hybrid,numpy,9,archive_subset_hv,1.5133118604713185,21,2
NSGAII_archive_family_DTLZ,dtlz7,nsgaii_archive_hybrid,numpy,9,archive_subset_igd_plus,2.152658321057492,21,2
NSGAII_archive_family_DTLZ,dtlz1,nsgaii_archive_off,numpy,0,hv,108953.82753288848,7,3
NSGAII_archive_family_DTLZ,dtlz1,nsgaii_archive_off,numpy,0,igd_plus,0.0250418586222139,7,3
NSGAII_archive_family_DTLZ,dtlz1,nsgaii_archive_off,numpy,1,hv,108953.82345731877,7,3
NSGAII_archive_family_DTLZ,dtlz1,nsgaii_archive_off,numpy,1,igd_plus,0.0338798987636212,7,3
NSGAII_archive_family_DTLZ,dtlz1,nsgaii_archive_off,numpy,2,hv,108953.82907193695,7,3
NSGAII_archive_family_DTLZ,dtlz1,nsgaii_archive_off,numpy,2,igd_plus,0.022404750785769,7,3
NSGAII_archive_family_DTLZ,dtlz1,nsgaii_archive_off,numpy,3,hv,108953.83289211226,7,3
NSGAII_archive_family_DTLZ,dtlz1,nsgaii_archive_off,numpy,3,igd_plus,0.0180803576844537,7,3
NSGAII_archive_family_DTLZ,dtlz1,nsgaii_archive_off,numpy,4,hv,108953.83242856814,7,3
NSGAII_archive_family_DTLZ,dtlz1,nsgaii_archive_off,numpy,4,igd_plus,0.0158443056622231,7,3
NSGAII_archive_family_DTLZ,dtlz1,nsgaii_archive_off,numpy,5,hv,108953.82620823334,7,3
NSGAII_archive_family_DTLZ,dtlz1,nsgaii_archive_off,numpy,5,igd_plus,0.0172303235342192,7,3
NSGAII_archive_family_DTLZ,dtlz1,nsgaii_archive_off,numpy,6,hv,108953.67123038945,7,3
NSGAII_archive_family_DTLZ,dtlz1,nsgaii_archive_off,numpy,6,igd_plus,0.0308140757051343,7,3
NSGAII_archive_family_DTLZ,dtlz1,nsgaii_archive_off,numpy,7,hv,108953.82077074004,7,3
NSGAII_archive_family_DTLZ,dtlz1,nsgaii_archive_off,numpy,7,igd_plus,0.0353869349216215,7,3
NSGAII_archive_family_DTLZ,dtlz1,nsgaii_archive_off,numpy,8,hv,108953.82810794927,7,3
NSGAII_archive_family_DTLZ,dtlz1,nsgaii_archive_off,numpy,8,igd_plus,0.0240455577492514,7,3
NSGAII_archive_family_DTLZ,dtlz1,nsgaii_archive_off,numpy,9,hv,108953.82098042314,7,3
NSGAII_archive_family_DTLZ,dtlz1,nsgaii_archive_off,numpy,9,igd_plus,0.0201444324034573,7,3
NSGAII_archive_family_DTLZ,dtlz1,nsgaii_archive_passive,numpy,0,hv,108953.82753288848,7,3
NSGAII_archive_family_DTLZ,dtlz1,nsgaii_archive_passive,numpy,0,igd_plus,0.0250418586222139,7,3
NSGAII_archive_family_DTLZ,dtlz1,nsgaii_archive_passive,numpy,0,archive_subset_hv,108953.82561988056,7,3
NSGAII_archive_family_DTLZ,dtlz1,nsgaii_archive_passive,numpy,0,archive_subset_igd_plus,0.0275309784183592,7,3
NSGAII_archive_family_DTLZ,dtlz1,nsgaii_archive_passive,numpy,1,hv,108953.82345731877,7,3
NSGAII_archive_family_DTLZ,dtlz1,nsgaii_archive_passive,numpy,1,igd_plus,0.0338798987636212,7,3
NSGAII_archive_family_DTLZ,dtlz1,nsgaii_archive_passive,numpy,1,archive_subset_hv,108953.82441786931,7,3
NSGAII_archive_family_DTLZ,dtlz1,nsgaii_archive_passive,numpy,1,archive_subset_igd_plus,0.0328931136055891,7,3
NSGAII_archive_family_DTLZ,dtlz1,nsgaii_archive_passive,numpy,2,hv,108953.82907193695,7,3
NSGAII_archive_family_DTLZ,dtlz1,nsgaii_archive_passive,numpy,2,igd_plus,0.022404750785769,7,3
NSGAII_archive_family_DTLZ,dtlz1,nsgaii_archive_passive,numpy,2,archive_subset_hv,108953.83077688684,7,3
NSGAII_archive_family_DTLZ,dtlz1,nsgaii_archive_passive,numpy,2,archive_subset_igd_plus,0.0232236717110726,7,3
NSGAII_archive_family_DTLZ,dtlz1,nsgaii_archive_passive,numpy,3,hv,108953.83289211226,7,3
NSGAII_archive_family_DTLZ,dtlz1,nsgaii_archive_passive,numpy,3,igd_plus,0.0180803576844537,7,3
NSGAII_archive_family_DTLZ,dtlz1,nsgaii_archive_passive,numpy,3,archive_subset_hv,108953.83264209918,7,3
NSGAII_archive_family_DTLZ,dtlz1,nsgaii_archive_passive,numpy,3,archive_subset_igd_plus,0.0185722634290734,7,3
NSGAII_archive_family_DTLZ,dtlz1,nsgaii_archive_passive,numpy,4,hv,108953.83242856814,7,3
NSGAII_archive_family_DTLZ,dtlz1,nsgaii_archive_passive,numpy,4,igd_plus,0.0158443056622231,7,3
NSGAII_archive_family_DTLZ,dtlz1,nsgaii_archive_passive,numpy,4,archive_subset_hv,108953.83131680918,7,3
NSGAII_archive_family_DTLZ,dtlz1,nsgaii_archive_passive,numpy,4,archive_subset_igd_plus,0.0194309480746847,7,3
NSGAII_archive_family_DTLZ,dtlz1,nsgaii_archive_passive,numpy,5,hv,108953.82620823334,7,3
NSGAII_archive_family_DTLZ,dtlz1,nsgaii_archive_passive,numpy,5,igd_plus,0.0172303235342192,7,3
NSGAII_archive_family_DTLZ,dtlz1,nsgaii_archive_passive,numpy,5,archive_subset_hv,108953.8311284542,7,3
NSGAII_archive_family_DTLZ,dtlz1,nsgaii_archive_passive,numpy,5,archive_subset_igd_plus,0.0190689236474789,7,3
NSGAII_archive_family_DTLZ,dtlz1,nsgaii_archive_passive,numpy,6,hv,108953.67123038945,7,3
NSGAII_archive_family_DTLZ,dtlz1,nsgaii_archive_passive,numpy,6,igd_plus,0.0308140757051343,7,3
NSGAII_archive_family_DTLZ,dtlz1,nsgaii_archive_passive,numpy,6,archive_subset_hv,108953.82900654244,7,3
NSGAII_archive_family_DTLZ,dtlz1,nsgaii_archive_passive,numpy,6,archive_subset_igd_plus,0.0236199773889479,7,3
NSGAII_archive_family_DTLZ,dtlz1,nsgaii_archive_passive,numpy,7,hv,108953.82077074004,7,3
NSGAII_archive_family_DTLZ,dtlz1,nsgaii_archive_passive,numpy,7,igd_plus,0.0353869349216215,7,3
NSGAII_archive_family_DTLZ,dtlz1,nsgaii_archive_passive,numpy,7,archive_subset_hv,108953.82490940728,7,3
NSGAII_archive_family_DTLZ,dtlz1,nsgaii_archive_passive,numpy,7,archive_subset_igd_plus,0.0351957183917366,7,3
NSGAII_archive_family_DTLZ,dtlz1,nsgaii_archive_passive,numpy,8,hv,108953.82810794927,7,3
NSGAII_archive_family_DTLZ,dtlz1,nsgaii_archive_passive,numpy,8,igd_plus,0.0240455577492514,7,3
NSGAII_archive_family_DTLZ,dtlz1,nsgaii_archive_passive,numpy,8,archive_subset_hv,108953.82976867443,7,3
NSGAII_archive_family_DTLZ,dtlz1,nsgaii_archive_passive,numpy,8,archive_subset_igd_plus,0.0220519038070282,7,3
NSGAII_archive_family_DTLZ,dtlz1,nsgaii_archive_passive,numpy,9,hv,108953.82098042314,7,3
NSGAII_archive_family_DTLZ,dtlz1,nsgaii_archive_passive,numpy,9,igd_plus,0.0201444324034573,7,3
NSGAII_archive_family_DTLZ,dtlz1,nsgaii_archive_passive,numpy,9,archive_subset_hv,108953.83226824483,7,3
NSGAII_archive_family_DTLZ,dtlz1,nsgaii_archive_passive,numpy,9,archive_subset_igd_plus,0.0197863267201505,7,3
NSGAII_archive_family_DTLZ,dtlz1,nsgaii_archive_hybrid,numpy,0,hv,108953.82488634482,7,3
NSGAII_archive_family_DTLZ,dtlz1,nsgaii_archive_hybrid,numpy,0,igd_plus,0.0255671460586039,7,3
NSGAII_archive_family_DTLZ,dtlz1,nsgaii_archive_hybrid,numpy,0,archive_subset_hv,108953.82992121154,7,3
NSGAII_archive_family_DTLZ,dtlz1,nsgaii_archive_hybrid,numpy,0,archive_subset_igd_plus,0.0244685741211941,7,3
NSGAII_archive_family_DTLZ,dtlz1,nsgaii_archive_hybrid,numpy,1,hv,108953.81112760602,7,3
NSGAII_archive_family_DTLZ,dtlz1,nsgaii_archive_hybrid,numpy,1,igd_plus,0.0288561177452712,7,3
NSGAII_archive_family_DTLZ,dtlz1,nsgaii_archive_hybrid,numpy,1,archive_subset_hv,108953.76051182408,7,3
NSGAII_archive_family_DTLZ,dtlz1,nsgaii_archive_hybrid,numpy,1,archive_subset_igd_plus,0.0385727342312946,7,3
NSGAII_archive_family_DTLZ,dtlz1,nsgaii_archive_hybrid,numpy,2,hv,108953.83092343056,7,3
NSGAII_archive_family_DTLZ,dtlz1,nsgaii_archive_hybrid,numpy,2,igd_plus,0.0212604329728236,7,3
NSGAII_archive_family_DTLZ,dtlz1,nsgaii_archive_hybrid,numpy,2,archive_subset_hv,108953.83128544624,7,3
NSGAII_archive_family_DTLZ,dtlz1,nsgaii_archive_hybrid,numpy,2,archive_subset_igd_plus,0.021841446714973,7,3
NSGAII_archive_family_DTLZ,dtlz1,nsgaii_archive_hybrid,numpy,3,hv,108953.35846791197,7,3
NSGAII_archive_family_DTLZ,dtlz1,nsgaii_archive_hybrid,numpy,3,igd_plus,0.038185619360169,7,3
NSGAII_archive_family_DTLZ,dtlz1,nsgaii_archive_hybrid,numpy,3,archive_subset_hv,108953.82406910518,7,3
NSGAII_archive_family_DTLZ,dtlz1,nsgaii_archive_hybrid,numpy,3,archive_subset_igd_plus,0.0395989860839497,7,3
NSGAII_archive_family_DTLZ,dtlz1,nsgaii_archive_hybrid,numpy,4,hv,108953.83185916395,7,3
NSGAII_archive_family_DTLZ,dtlz1,nsgaii_archive_hybrid,numpy,4,igd_plus,0.0215403806029393,7,3
NSGAII_archive_family_DTLZ,dtlz1,nsgaii_archive_hybrid,numpy,4,archive_subset_hv,108953.83145375004,7,3
NSGAII_archive_family_DTLZ,dtlz1,nsgaii_archive_hybrid,numpy,4,archive_subset_igd_plus,0.0199185125728507,7,3
NSGAII_archive_family_DTLZ,dtlz1,nsgaii_archive_hybrid,numpy,5,hv,108953.828399807,7,3
NSGAII_archive_family_DTLZ,dtlz1,nsgaii_archive_hybrid,numpy,5,igd_plus,0.0254919012212863,7,3
NSGAII_archive_family_DTLZ,dtlz1,nsgaii_archive_hybrid,numpy,5,archive_subset_hv,108953.83116596231,7,3
NSGAII_archive_family_DTLZ,dtlz1,nsgaii_archive_hybrid,numpy,5,archive_subset_igd_plus,0.0217083578087086,7,3
NSGAII_archive_family_DTLZ,dtlz1,nsgaii_archive_hybrid,numpy,6,hv,108953.82738680264,7,3
NSGAII_archive_family_DTLZ,dtlz1,nsgaii_archive_hybrid,numpy,6,igd_plus,0.0260432479575394,7,3
NSGAII_archive_family_DTLZ,dtlz1,nsgaii_archive_hybrid,numpy,6,archive_subset_hv,108953.82711180992,7,3
NSGAII_archive_family_DTLZ,dtlz1,nsgaii_archive_hybrid,numpy,6,archive_subset_igd_plus,0.0276009380893863,7,3
NSGAII_archive_family_DTLZ,dtlz1,nsgaii_archive_hybrid,numpy,7,hv,108953.83063790778,7,3
NSGAII_archive_family_DTLZ,dtlz1,nsgaii_archive_hybrid,numpy,7,igd_plus,0.0215704604199246,7,3
NSGAII_archive_family_DTLZ,dtlz1,nsgaii_archive_hybrid,numpy,7,archive_subset_hv,108953.8318073348,7,3
NSGAII_archive_family_DTLZ,dtlz1,nsgaii_archive_hybrid,numpy,7,archive_subset_igd_plus,0.0201973301799534,7,3
NSGAII_archive_family_DTLZ,dtlz1,nsgaii_archive_hybrid,numpy,8,hv,108953.82334877976,7,3
NSGAII_archive_family_DTLZ,dtlz1,nsgaii_archive_hybrid,numpy,8,igd_plus,0.0298462298540361,7,3
NSGAII_archive_family_DTLZ,dtlz1,nsgaii_archive_hybrid,numpy,8,archive_subset_hv,108953.82409416891,7,3
NSGAII_archive_family_DTLZ,dtlz1,nsgaii_archive_hybrid,numpy,8,archive_subset_igd_plus,0.0297541012675339,7,3
NSGAII_archive_family_DTLZ,dtlz1,nsgaii_archive_hybrid,numpy,9,hv,108953.81405630049,7,3
NSGAII_archive_family_DTLZ,dtlz1,nsgaii_archive_hybrid,numpy,9,igd_plus,0.0256397507748978,7,3
NSGAII_archive_family_DTLZ,dtlz1,nsgaii_archive_hybrid,numpy,9,archive_subset_hv,108953.830020506,7,3
NSGAII_archive_family_DTLZ,dtlz1,nsgaii_archive_hybrid,numpy,9,archive_subset_igd_plus,0.0213700204614298,7,3
NSGAII_archive_family_DTLZ,dtlz2,nsgaii_archive_off,numpy,0,hv,108949.50132050828,12,3
NSGAII_archive_family_DTLZ,dtlz2,nsgaii_archive_off,numpy,0,igd_plus,0.6302453341251619,12,3
NSGAII_archive_family_DTLZ,dtlz2,nsgaii_archive_off,numpy,1,hv,108950.25081047796,12,3
NSGAII_archive_family_DTLZ,dtlz2,nsgaii_archive_off,numpy,1,igd_plus,0.6302324343863798,12,3
NSGAII_archive_family_DTLZ,dtlz2,nsgaii_archive_off,numpy,2,hv,108948.83647407788,12,3
NSGAII_archive_family_DTLZ,dtlz2,nsgaii_archive_off,numpy,2,igd_plus,0.6318693649392692,12,3
NSGAII_archive_family_DTLZ,dtlz2,nsgaii_archive_off,numpy,3,hv,108952.19672632044,12,3
NSGAII_archive_family_DTLZ,dtlz2,nsgaii_archive_off,numpy,3,igd_plus,0.6306354286699971,12,3
NSGAII_archive_family_DTLZ,dtlz2,nsgaii_archive_off,numpy,4,hv,108951.40331056298,12,3
NSGAII_archive_family_DTLZ,dtlz2,nsgaii_archive_off,numpy,4,igd_plus,0.6314295439619307,12,3
NSGAII_archive_family_DTLZ,dtlz2,nsgaii_archive_off,numpy,5,hv,108951.22751223797,12,3
NSGAII_archive_family_DTLZ,dtlz2,nsgaii_archive_off,numpy,5,igd_plus,0.6313181726369946,12,3
NSGAII_archive_family_DTLZ,dtlz2,nsgaii_archive_off,numpy,6,hv,108952.83532635182,12,3
NSGAII_archive_family_DTLZ,dtlz2,nsgaii_archive_off,numpy,6,igd_plus,0.6313805363741176,12,3
NSGAII_archive_family_DTLZ,dtlz2,nsgaii_archive_off,numpy,7,hv,108953.05951788517,12,3
NSGAII_archive_family_DTLZ,dtlz2,nsgaii_archive_off,numpy,7,igd_plus,0.6309105037638376,12,3
NSGAII_archive_family_DTLZ,dtlz2,nsgaii_archive_off,numpy,8,hv,108951.75632309711,12,3
NSGAII_archive_family_DTLZ,dtlz2,nsgaii_archive_off,numpy,8,igd_plus,0.6309196177282118,12,3
NSGAII_archive_family_DTLZ,dtlz2,nsgaii_archive_off,numpy,9,hv,108951.94668043435,12,3
NSGAII_archive_family_DTLZ,dtlz2,nsgaii_archive_off,numpy,9,igd_plus,0.6318154212041096,12,3
NSGAII_archive_family_DTLZ,dtlz2,nsgaii_archive_passive,numpy,0,hv,108949.50132050828,12,3
NSGAII_archive_family_DTLZ,dtlz2,nsgaii_archive_passive,numpy,0,igd_plus,0.6302453341251619,12,3
NSGAII_archive_family_DTLZ,dtlz2,nsgaii_archive_passive,numpy,0,archive_subset_hv,108953.21737415117,12,3
NSGAII_archive_family_DTLZ,dtlz2,nsgaii_archive_passive,numpy,0,archive_subset_igd_plus,0.6300550477051906,12,3
NSGAII_archive_family_DTLZ,dtlz2,nsgaii_archive_passive,numpy,1,hv,108950.25081047796,12,3
NSGAII_archive_family_DTLZ,dtlz2,nsgaii_archive_passive,numpy,1,igd_plus,0.6302324343863798,12,3
NSGAII_archive_family_DTLZ,dtlz2,nsgaii_archive_passive,numpy,1,archive_subset_hv,108952.49765957876,12,3
NSGAII_archive_family_DTLZ,dtlz2,nsgaii_archive_passive,numpy,1,archive_subset_igd_plus,0.6300495631867642,12,3
NSGAII_archive_family_DTLZ,dtlz2,nsgaii_archive_passive,numpy,2,hv,108948.83647407788,12,3
NSGAII_archive_family_DTLZ,dtlz2,nsgaii_archive_passive,numpy,2,igd_plus,0.6318693649392692,12,3
NSGAII_archive_family_DTLZ,dtlz2,nsgaii_archive_passive,numpy,2,archive_subset_hv,108953.21792766414,12,3
NSGAII_archive_family_DTLZ,dtlz2,nsgaii_archive_passive,numpy,2,archive_subset_igd_plus,0.630052021109625,12,3
NSGAII_archive_family_DTLZ,dtlz2,nsgaii_archive_passive,numpy,3,hv,108952.19672632044,12,3
NSGAII_archive_family_DTLZ,dtlz2,nsgaii_archive_passive,numpy,3,igd_plus,0.6306354286699971,12,3
NSGAII_archive_family_DTLZ,dtlz2,nsgaii_archive_passive,numpy,3,archive_subset_hv,108951.16324206488,12,3
NSGAII_archive_family_DTLZ,dtlz2,nsgaii_archive_passive,numpy,3,archive_subset_igd_plus,0.6303160876224937,12,3
NSGAII_archive_family_DTLZ,dtlz2,nsgaii_archive_passive,numpy,4,hv,108951.40331056298,12,3
NSGAII_archive_family_DTLZ,dtlz2,nsgaii_archive_passive,numpy,4,igd_plus,0.6314295439619307,12,3
NSGAII_archive_family_DTLZ,dtlz2,nsgaii_archive_passive,numpy,4,archive_subset_hv,108952.59077854497,12,3
NSGAII_archive_family_DTLZ,dtlz2,nsgaii_archive_passive,numpy,4,archive_subset_igd_plus,0.6303503366050628,12,3
NSGAII_archive_family_DTLZ,dtlz2,nsgaii_archive_passive,numpy,5,hv,108951.22751223797,12,3
NSGAII_archive_family_DTLZ,dtlz2,nsgaii_archive_passive,numpy,5,igd_plus,0.6313181726369946,12,3
NSGAII_archive_family_DTLZ,dtlz2,nsgaii_archive_passive,numpy,5,archive_subset_hv,108953.203224113,12,3
NSGAII_archive_family_DTLZ,dtlz2,nsgaii_archive_passive,numpy,5,archive_subset_igd_plus,0.6296771788268382,12,3
NSGAII_archive_family_DTLZ,dtlz2,nsgaii_archive_passive,numpy,6,hv,108952.83532635182,12,3
NSGAII_archive_family_DTLZ,dtlz2,nsgaii_archive_passive,numpy,6,igd_plus,0.6313805363741176,12,3
NSGAII_archive_family_DTLZ,dtlz2,nsgaii_archive_passive,numpy,6,archive_subset_hv,108953.22107692924,12,3
NSGAII_archive_family_DTLZ,dtlz2,nsgaii_archive_passive,numpy,6,archive_subset_igd_plus,0.630451090429341,12,3
NSGAII_archive_family_DTLZ,dtlz2,nsgaii_archive_passive,numpy,7,hv,108953.05951788517,12,3
NSGAII_archive_family_DTLZ,dtlz2,nsgaii_archive_passive,numpy,7,igd_plus,0.6309105037638376,12,3
NSGAII_archive_family_DTLZ,dtlz2,nsgaii_archive_passive,numpy,7,archive_subset_hv,108953.11477879024,12,3
NSGAII_archive_family_DTLZ,dtlz2,nsgaii_archive_passive,numpy,7,archive_subset_igd_plus,0.6301721273095036,12,3
NSGAII_archive_family_DTLZ,dtlz2,nsgaii_archive_passive,numpy,8,hv,108951.75632309711,12,3
NSGAII_archive_family_DTLZ,dtlz2,nsgaii_archive_passive,numpy,8,igd_plus,0.6309196177282118,12,3
NSGAII_archive_family_DTLZ,dtlz2,nsgaii_archive_passive,numpy,8,archive_subset_hv,108953.0088291238,12,3
NSGAII_archive_family_DTLZ,dtlz2,nsgaii_archive_passive,numpy,8,archive_subset_igd_plus,0.6301972645932711,12,3
NSGAII_archive_family_DTLZ,dtlz2,nsgaii_archive_passive,numpy,9,hv,108951.94668043435,12,3
NSGAII_archive_family_DTLZ,dtlz2,nsgaii_archive_passive,numpy,9,igd_plus,0.6318154212041096,12,3
NSGAII_archive_family_DTLZ,dtlz2,nsgaii_archive_passive,numpy,9,archive_subset_hv,108953.1997588677,12,3
NSGAII_archive_family_DTLZ,dtlz2,nsgaii_archive_passive,numpy,9,archive_subset_igd_plus,0.631237398655253,12,3
NSGAII_archive_family_DTLZ,dtlz2,nsgaii_archive_hybrid,numpy,0,hv,108952.06726839916,12,3
NSGAII_archive_family_DTLZ,dtlz2,nsgaii_archive_hybrid,numpy,0,igd_plus,0.6459035480277557,12,3
NSGAII_archive_family_DTLZ,dtlz2,nsgaii_archive_hybrid,numpy,0,archive_subset_hv,108952.75116760372,12,3
NSGAII_archive_family_DTLZ,dtlz2,nsgaii_archive_hybrid,numpy,0,archive_subset_igd_plus,0.6335012922725525,12,3
NSGAII_archive_family_DTLZ,dtlz2,nsgaii_archive_hybrid,numpy,1,hv,108952.0216910014,12,3
NSGAII_archive_family_DTLZ,dtlz2,nsgaii_archive_hybrid,numpy,1,igd_plus,0.6377153523202149,12,3
NSGAII_archive_family_DTLZ,dtlz2,nsgaii_archive_hybrid,numpy,1,archive_subset_hv,108953.16366385952,12,3
NSGAII_archive_family_DTLZ,dtlz2,nsgaii_archive_hybrid,numpy,1,archive_subset_igd_plus,0.6312531457245119,12,3
NSGAII_archive_family_DTLZ,dtlz2,nsgaii_archive_hybrid,numpy,2,hv,108945.63423348048,12,3
NSGAII_archive_family_DTLZ,dtlz2,nsgaii_archive_hybrid,numpy,2,igd_plus,0.6518240617458714,12,3
NSGAII_archive_family_DTLZ,dtlz2,nsgaii_archive_hybrid,numpy,2,archive_subset_hv,108947.9796458459,12,3
NSGAII_archive_family_DTLZ,dtlz2,nsgaii_archive_hybrid,numpy,2,archive_subset_igd_plus,0.6316109792076116,12,3
NSGAII_archive_family_DTLZ,dtlz2,nsgaii_archive_hybrid,numpy,3,hv,108948.10121764356,12,3
NSGAII_archive_family_DTLZ,dtlz2,nsgaii_archive_hybrid,numpy,3,igd_plus,0.6458555081181222,12,3
NSGAII_archive_family_DTLZ,dtlz2,nsgaii_archive_hybrid,numpy,3,archive_subset_hv,108952.79038324083,12,3
NSGAII_archive_family_DTLZ,dtlz2,nsgaii_archive_hybrid,numpy,3,archive_subset_igd_plus,0.6329280235082181,12,3
NSGAII_archive_family_DTLZ,dtlz2,nsgaii_archive_hybrid,numpy,4,hv,108952.39217970672,12,3
NSGAII_archive_family_DTLZ,dtlz2,nsgaii_archive_hybrid,numpy,4,igd_plus,0.6412387863223734,12,3
NSGAII_archive_family_DTLZ,dtlz2,nsgaii_archive_hybrid,numpy,4,archive_subset_hv,108952.18464899572,12,3
NSGAII_archive_family_DTLZ,dtlz2,nsgaii_archive_hybrid,numpy,4,archive_subset_igd_plus,0.6331931967301994,12,3
NSGAII_archive_family_DTLZ,dtlz2,nsgaii_archive_hybrid,numpy,5,hv,108951.32011956853,12,3
NSGAII_archive_family_DTLZ,dtlz2,nsgaii_archive_hybrid,numpy,5,igd_plus,0.6472396062503524,12,3
NSGAII_archive_family_DTLZ,dtlz2,nsgaii_archive_hybrid,numpy,5,archive_subset_hv,108952.9592947179,12,3
NSGAII_archive_family_DTLZ,dtlz2,nsgaii_archive_hybrid,numpy,5,archive_subset_igd_plus,0.6312529595967796,12,3
NSGAII_archive_family_DTLZ,dtlz2,nsgaii_archive_hybrid,numpy,6,hv,108949.23153375796,12,3
NSGAII_archive_family_DTLZ,dtlz2,nsgaii_archive_hybrid,numpy,6,igd_plus,0.6557255349882368,12,3
NSGAII_archive_family_DTLZ,dtlz2,nsgaii_archive_hybrid,numpy,6,archive_subset_hv,108953.2061386888,12,3
NSGAII_archive_family_DTLZ,dtlz2,nsgaii_archive_hybrid,numpy,6,archive_subset_igd_plus,0.6324712672987669,12,3
NSGAII_archive_family_DTLZ,dtlz2,nsgaii_archive_hybrid,numpy,7,hv,108950.86272082044,12,3
NSGAII_archive_family_DTLZ,dtlz2,nsgaii_archive_hybrid,numpy,7,igd_plus,0.6405577199263686,12,3
NSGAII_archive_family_DTLZ,dtlz2,nsgaii_archive_hybrid,numpy,7,archive_subset_hv,108953.17719740672,12,3
NSGAII_archive_family_DTLZ,dtlz2,nsgaii_archive_hybrid,numpy,7,archive_subset_igd_plus,0.6315639610556668,12,3
NSGAII_archive_family_DTLZ,dtlz2,nsgaii_archive_hybrid,numpy,8,hv,108951.38915825024,12,3
NSGAII_archive_family_DTLZ,dtlz2,nsgaii_archive_hybrid,numpy,8,igd_plus,0.6428372262236841,12,3
NSGAII_archive_family_DTLZ,dtlz2,nsgaii_archive_hybrid,numpy,8,archive_subset_hv,108953.10613681466,12,3
NSGAII_archive_family_DTLZ,dtlz2,nsgaii_archive_hybrid,numpy,8,archive_subset_igd_plus,0.6326141866519576,12,3
NSGAII_archive_family_DTLZ,dtlz2,nsgaii_archive_hybrid,numpy,9,hv,108952.9374998006,12,3
NSGAII_archive_family_DTLZ,dtlz2,nsgaii_archive_hybrid,numpy,9,igd_plus,0.6437624956116123,12,3
NSGAII_archive_family_DTLZ,dtlz2,nsgaii_archive_hybrid,numpy,9,archive_subset_hv,108950.84661164852,12,3
NSGAII_archive_family_DTLZ,dtlz2,nsgaii_archive_hybrid,numpy,9,archive_subset_igd_plus,0.6318711266547352,12,3
NSGAII_archive_family_DTLZ,dtlz7,nsgaii_archive_off,numpy,0,hv,91624.96798092616,22,3
NSGAII_archive_family_DTLZ,dtlz7,nsgaii_archive_off,numpy,0,igd_plus,2.64823264129117,22,3
NSGAII_archive_family_DTLZ,dtlz7,nsgaii_archive_off,numpy,1,hv,91610.26097027052,22,3
NSGAII_archive_family_DTLZ,dtlz7,nsgaii_archive_off,numpy,1,igd_plus,2.646733743289619,22,3
NSGAII_archive_family_DTLZ,dtlz7,nsgaii_archive_off,numpy,2,hv,91639.99877281253,22,3
NSGAII_archive_family_DTLZ,dtlz7,nsgaii_archive_off,numpy,2,igd_plus,2.6454566619307887,22,3
NSGAII_archive_family_DTLZ,dtlz7,nsgaii_archive_off,numpy,3,hv,91664.3160094298,22,3
NSGAII_archive_family_DTLZ,dtlz7,nsgaii_archive_off,numpy,3,igd_plus,2.642154142007484,22,3
NSGAII_archive_family_DTLZ,dtlz7,nsgaii_archive_off,numpy,4,hv,91658.2275224521,22,3
NSGAII_archive_family_DTLZ,dtlz7,nsgaii_archive_off,numpy,4,igd_plus,2.6417277879781618,22,3
NSGAII_archive_family_DTLZ,dtlz7,nsgaii_archive_off,numpy,5,hv,91558.3460535501,22,3
NSGAII_archive_family_DTLZ,dtlz7,nsgaii_archive_off,numpy,5,igd_plus,2.6516859127833734,22,3
NSGAII_archive_family_DTLZ,dtlz7,nsgaii_archive_off,numpy,6,hv,91595.08716871662,22,3
NSGAII_archive_family_DTLZ,dtlz7,nsgaii_archive_off,numpy,6,igd_plus,2.6508820917580738,22,3
NSGAII_archive_family_DTLZ,dtlz7,nsgaii_archive_off,numpy,7,hv,91663.430046154,22,3
NSGAII_archive_family_DTLZ,dtlz7,nsgaii_archive_off,numpy,7,igd_plus,2.6416605635631694,22,3
NSGAII_archive_family_DTLZ,dtlz7,nsgaii_archive_off,numpy,8,hv,91622.051006092,22,3
NSGAII_archive_family_DTLZ,dtlz7,nsgaii_archive_off,numpy,8,igd_plus,2.645979977239027,22,3
NSGAII_archive_family_DTLZ,dtlz7,nsgaii_archive_off,numpy,9,hv,91620.4941354642,22,3
NSGAII_archive_family_DTLZ,dtlz7,nsgaii_archive_off,numpy,9,igd_plus,2.646371473351863,22,3
NSGAII_archive_family_DTLZ,dtlz7,nsgaii_archive_passive,numpy,0,hv,91624.96798092616,22,3
NSGAII_archive_family_DTLZ,dtlz7,nsgaii_archive_passive,numpy,0,igd_plus,2.64823264129117,22,3
NSGAII_archive_family_DTLZ,dtlz7,nsgaii_archive_passive,numpy,0,archive_subset_hv,91628.14235657292,22,3
NSGAII_archive_family_DTLZ,dtlz7,nsgaii_archive_passive,numpy,0,archive_subset_igd_plus,2.64823264129117,22,3
NSGAII_archive_family_DTLZ,dtlz7,nsgaii_archive_passive,numpy,1,hv,91610.26097027052,22,3
NSGAII_archive_family_DTLZ,dtlz7,nsgaii_archive_passive,numpy,1,igd_plus,2.646733743289619,22,3
NSGAII_archive_family_DTLZ,dtlz7,nsgaii_archive_passive,numpy,1,archive_subset_hv,91617.75097226344,22,3
NSGAII_archive_family_DTLZ,dtlz7,nsgaii_archive_passive,numpy,1,archive_subset_igd_plus,2.646733743289619,22,3
NSGAII_archive_family_DTLZ,dtlz7,nsgaii_archive_passive,numpy,2,hv,91639.99877281253,22,3
NSGAII_archive_family_DTLZ,dtlz7,nsgaii_archive_passive,numpy,2,igd_plus,2.6454566619307887,22,3
NSGAII_archive_family_DTLZ,dtlz7,nsgaii_archive_passive,numpy,2,archive_subset_hv,91636.9640973252,22,3
NSGAII_archive_family_DTLZ,dtlz7,nsgaii_archive_passive,numpy,2,archive_subset_igd_plus,2.6454566619307887,22,3
NSGAII_archive_family_DTLZ,dtlz7,nsgaii_archive_passive,numpy,3,hv,91664.3160094298,22,3
NSGAII_archive_family_DTLZ,dtlz7,nsgaii_archive_passive,numpy,3,igd_plus,2.642154142007484,22,3
NSGAII_archive_family_DTLZ,dtlz7,nsgaii_archive_passive,numpy,3,archive_subset_hv,91661.90215876384,22,3
NSGAII_archive_family_DTLZ,dtlz7,nsgaii_archive_passive,numpy,3,archive_subset_igd_plus,2.642154142007484,22,3
NSGAII_archive_family_DTLZ,dtlz7,nsgaii_archive_passive,numpy,4,hv,91658.2275224521,22,3
NSGAII_archive_family_DTLZ,dtlz7,nsgaii_archive_passive,numpy,4,igd_plus,2.6417277879781618,22,3
NSGAII_archive_family_DTLZ,dtlz7,nsgaii_archive_passive,numpy,4,archive_subset_hv,91657.94595128683,22,3
NSGAII_archive_family_DTLZ,dtlz7,nsgaii_archive_passive,numpy,4,archive_subset_igd_plus,2.6417277879781618,22,3
NSGAII_archive_family_DTLZ,dtlz7,nsgaii_archive_passive,numpy,5,hv,91558.3460535501,22,3
NSGAII_archive_family_DTLZ,dtlz7,nsgaii_archive_passive,numpy,5,igd_plus,2.6516859127833734,22,3
NSGAII_archive_family_DTLZ,dtlz7,nsgaii_archive_passive,numpy,5,archive_subset_hv,91546.43328289318,22,3
NSGAII_archive_family_DTLZ,dtlz7,nsgaii_archive_passive,numpy,5,archive_subset_igd_plus,2.6516859127833734,22,3
NSGAII_archive_family_DTLZ,dtlz7,nsgaii_archive_passive,numpy,6,hv,91595.08716871662,22,3
NSGAII_archive_family_DTLZ,dtlz7,nsgaii_archive_passive,numpy,6,igd_plus,2.6508820917580738,22,3
NSGAII_archive_family_DTLZ,dtlz7,nsgaii_archive_passive,numpy,6,archive_subset_hv,91594.36523949432,22,3
NSGAII_archive_family_DTLZ,dtlz7,nsgaii_archive_passive,numpy,6,archive_subset_igd_plus,2.6508820917580738,22,3
NSGAII_archive_family_DTLZ,dtlz7,nsgaii_archive_passive,numpy,7,hv,91663.430046154,22,3
NSGAII_archive_family_DTLZ,dtlz7,nsgaii_archive_passive,numpy,7,igd_plus,2.6416605635631694,22,3
NSGAII_archive_family_DTLZ,dtlz7,nsgaii_archive_passive,numpy,7,archive_subset_hv,91655.9100618032,22,3
NSGAII_archive_family_DTLZ,dtlz7,nsgaii_archive_passive,numpy,7,archive_subset_igd_plus,2.6416605635631694,22,3
NSGAII_archive_family_DTLZ,dtlz7,nsgaii_archive_passive,numpy,8,hv,91622.051006092,22,3
NSGAII_archive_family_DTLZ,dtlz7,nsgaii_archive_passive,numpy,8,igd_plus,2.645979977239027,22,3
NSGAII_archive_family_DTLZ,dtlz7,nsgaii_archive_passive,numpy,8,archive_subset_hv,91623.91035076242,22,3
NSGAII_archive_family_DTLZ,dtlz7,nsgaii_archive_passive,numpy,8,archive_subset_igd_plus,2.645979977239027,22,3
NSGAII_archive_family_DTLZ,dtlz7,nsgaii_archive_passive,numpy,9,hv,91620.4941354642,22,3
NSGAII_archive_family_DTLZ,dtlz7,nsgaii_archive_passive,numpy,9,igd_plus,2.646371473351863,22,3
NSGAII_archive_family_DTLZ,dtlz7,nsgaii_archive_passive,numpy,9,archive_subset_hv,91623.39532537012,22,3
NSGAII_archive_family_DTLZ,dtlz7,nsgaii_archive_passive,numpy,9,archive_subset_igd_plus,2.646371473351863,22,3
NSGAII_archive_family_DTLZ,dtlz7,nsgaii_archive_hybrid,numpy,0,hv,91621.60192196169,22,3
NSGAII_archive_family_DTLZ,dtlz7,nsgaii_archive_hybrid,numpy,0,igd_plus,2.6485849313505687,22,3
NSGAII_archive_family_DTLZ,dtlz7,nsgaii_archive_hybrid,numpy,0,archive_subset_hv,91624.048978065,22,3
NSGAII_archive_family_DTLZ,dtlz7,nsgaii_archive_hybrid,numpy,0,archive_subset_igd_plus,2.6485849313505687,22,3
NSGAII_archive_family_DTLZ,dtlz7,nsgaii_archive_hybrid,numpy,1,hv,91564.61920936248,22,3
NSGAII_archive_family_DTLZ,dtlz7,nsgaii_archive_hybrid,numpy,1,igd_plus,2.6532537943170884,22,3
NSGAII_archive_family_DTLZ,dtlz7,nsgaii_archive_hybrid,numpy,1,archive_subset_hv,91566.6854363319,22,3
NSGAII_archive_family_DTLZ,dtlz7,nsgaii_archive_hybrid,numpy,1,archive_subset_igd_plus,2.6532537943170884,22,3
NSGAII_archive_family_DTLZ,dtlz7,nsgaii_archive_hybrid,numpy,2,hv,91580.4432424072,22,3
NSGAII_archive_family_DTLZ,dtlz7,nsgaii_archive_hybrid,numpy,2,igd_plus,2.651710710210009,22,3
NSGAII_archive_family_DTLZ,dtlz7,nsgaii_archive_hybrid,numpy,2,archive_subset_hv,91570.20336878492,22,3
NSGAII_archive_family_DTLZ,dtlz7,nsgaii_archive_hybrid,numpy,2,archive_subset_igd_plus,2.651710710210009,22,3
NSGAII_archive_family_DTLZ,dtlz7,nsgaii_archive_hybrid,numpy,3,hv,91601.55886167998,22,3
NSGAII_archive_family_DTLZ,dtlz7,nsgaii_archive_hybrid,numpy,3,igd_plus,2.648271597255157,22,3
NSGAII_archive_family_DTLZ,dtlz7,nsgaii_archive_hybrid,numpy,3,archive_subset_hv,91599.8245451416,22,3
NSGAII_archive_family_DTLZ,dtlz7,nsgaii_archive_hybrid,numpy,3,archive_subset_igd_plus,2.648271597255157,22,3
NSGAII_archive_family_DTLZ,dtlz7,nsgaii_archive_hybrid,numpy,4,hv,91615.98157652,22,3
NSGAII_archive_family_DTLZ,dtlz7,nsgaii_archive_hybrid,numpy,4,igd_plus,2.6475232249187326,22,3
NSGAII_archive_family_DTLZ,dtlz7,nsgaii_archive_hybrid,numpy,4,archive_subset_hv,91621.13407520312,22,3
NSGAII_archive_family_DTLZ,dtlz7,nsgaii_archive_hybrid,numpy,4,archive_subset_igd_plus,2.6475232249187326,22,3
NSGAII_archive_family_DTLZ,dtlz7,nsgaii_archive_hybrid,numpy,5,hv,91577.5177561342,22,3
NSGAII_archive_family_DTLZ,dtlz7,nsgaii_archive_hybrid,numpy,5,igd_plus,2.6548950207019493,22,3
NSGAII_archive_family_DTLZ,dtlz7,nsgaii_archive_hybrid,numpy,5,archive_subset_hv,91574.0353318368,22,3
NSGAII_archive_family_DTLZ,dtlz7,nsgaii_archive_hybrid,numpy,5,archive_subset_igd_plus,2.6548950207019493,22,3
NSGAII_archive_family_DTLZ,dtlz7,nsgaii_archive_hybrid,numpy,6,hv,91645.3464971734,22,3
NSGAII_archive_family_DTLZ,dtlz7,nsgaii_archive_hybrid,numpy,6,igd_plus,2.6442800160088407,22,3
NSGAII_archive_family_DTLZ,dtlz7,nsgaii_archive_hybrid,numpy,6,archive_subset_hv,91640.39274269642,22,3
NSGAII_archive_family_DTLZ,dtlz7,nsgaii_archive_hybrid,numpy,6,archive_subset_igd_plus,2.6442800160088407,22,3
NSGAII_archive_family_DTLZ,dtlz7,nsgaii_archive_hybrid,numpy,7,hv,91635.32167226874,22,3
NSGAII_archive_family_DTLZ,dtlz7,nsgaii_archive_hybrid,numpy,7,igd_plus,2.6451722524834484,22,3
NSGAII_archive_family_DTLZ,dtlz7,nsgaii_archive_hybrid,numpy,7,archive_subset_hv,91637.32674640352,22,3
NSGAII_archive_family_DTLZ,dtlz7,nsgaii_archive_hybrid,numpy,7,archive_subset_igd_plus,2.6451722524834484,22,3
NSGAII_archive_family_DTLZ,dtlz7,nsgaii_archive_hybrid,numpy,8,hv,91555.94457564132,22,3
NSGAII_archive_family_DTLZ,dtlz7,nsgaii_archive_hybrid,numpy,8,igd_plus,2.65078033491629,22,3
NSGAII_archive_family_DTLZ,dtlz7,nsgaii_archive_hybrid,numpy,8,archive_subset_hv,91562.85952429596,22,3
NSGAII_archive_family_DTLZ,dtlz7,nsgaii_archive_hybrid,numpy,8,archive_subset_igd_plus,2.65078033491629,22,3
NSGAII_archive_family_DTLZ,dtlz7,nsgaii_archive_hybrid,numpy,9,hv,91617.11990028566,22,3
NSGAII_archive_family_DTLZ,dtlz7,nsgaii_archive_hybrid,numpy,9,igd_plus,2.647839845293753,22,3
NSGAII_archive_family_DTLZ,dtlz7,nsgaii_archive_hybrid,numpy,9,archive_subset_hv,91609.27082783153,22,3
NSGAII_archive_family_DTLZ,dtlz7,nsgaii_archive_hybrid,numpy,9,archive_subset_igd_plus,2.647839845293753,22,3
NSGAII_archive_family_DTLZ,dtlz1,nsgaii_archive_off,numpy,0,hv,47680376417289.52,9,5
NSGAII_archive_family_DTLZ,dtlz1,nsgaii_archive_off,numpy,0,igd_plus,30.154497067865336,9,5
NSGAII_archive_family_DTLZ,dtlz1,nsgaii_archive_off,numpy,1,hv,47686489649533.52,9,5
NSGAII_archive_family_DTLZ,dtlz1,nsgaii_archive_off,numpy,1,igd_plus,26.692577470215888,9,5
NSGAII_archive_family_DTLZ,dtlz1,nsgaii_archive_off,numpy,2,hv,47687427482304.586,9,5
NSGAII_archive_family_DTLZ,dtlz1,nsgaii_archive_off,numpy,2,igd_plus,14.012910993582768,9,5
NSGAII_archive_family_DTLZ,dtlz1,nsgaii_archive_off,numpy,3,hv,47679235718052.25,9,5
NSGAII_archive_family_DTLZ,dtlz1,nsgaii_archive_off,numpy,3,igd_plus,44.17917038849854,9,5
NSGAII_archive_family_DTLZ,dtlz1,nsgaii_archive_off,numpy,4,hv,47688048870022.445,9,5
NSGAII_archive_family_DTLZ,dtlz1,nsgaii_archive_off,numpy,4,igd_plus,13.375836993269914,9,5
NSGAII_archive_family_DTLZ,dtlz1,nsgaii_archive_off,numpy,5,hv,47682396657214.1,9,5
NSGAII_archive_family_DTLZ,dtlz1,nsgaii_archive_off,numpy,5,igd_plus,19.92173234080552,9,5
NSGAII_archive_family_DTLZ,dtlz1,nsgaii_archive_off,numpy,6,hv,47684322640980.93,9,5
NSGAII_archive_family_DTLZ,dtlz1,nsgaii_archive_off,numpy,6,igd_plus,39.40464458694306,9,5
NSGAII_archive_family_DTLZ,dtlz1,nsgaii_archive_off,numpy,7,hv,47687271699689.63,9,5
NSGAII_archive_family_DTLZ,dtlz1,nsgaii_archive_off,numpy,7,igd_plus,18.201003343936296,9,5
NSGAII_archive_family_DTLZ,dtlz1,nsgaii_archive_off,numpy,8,hv,47686375083380.53,9,5
NSGAII_archive_family_DTLZ,dtlz1,nsgaii_archive_off,numpy,8,igd_plus,21.32829493375123,9,5
NSGAII_archive_family_DTLZ,dtlz1,nsgaii_archive_off,numpy,9,hv,47688191932253.35,9,5
NSGAII_archive_family_DTLZ,dtlz1,nsgaii_archive_off,numpy,9,igd_plus,11.182790420875364,9,5
NSGAII_archive_family_DTLZ,dtlz1,nsgaii_archive_passive,numpy,0,hv,47680376417289.52,9,5
NSGAII_archive_family_DTLZ,dtlz1,nsgaii_archive_passive,numpy,0,igd_plus,30.154497067865336,9,5
NSGAII_archive_family_DTLZ,dtlz1,nsgaii_archive_passive,numpy,0,archive_subset_hv,47669753937572.34,9,5
NSGAII_archive_family_DTLZ,dtlz1,nsgaii_archive_passive,numpy,0,archive_subset_igd_plus,36.4547441456644,9,5
NSGAII_archive_family_DTLZ,dtlz1,nsgaii_archive_passive,numpy,1,hv,47686489649533.52,9,5
NSGAII_archive_family_DTLZ,dtlz1,nsgaii_archive_passive,numpy,1,igd_plus,26.692577470215888,9,5
NSGAII_archive_family_DTLZ,dtlz1,nsgaii_archive_passive,numpy,1,archive_subset_hv,47683285248325.95,9,5
NSGAII_archive_family_DTLZ,dtlz1,nsgaii_archive_passive,numpy,1,archive_subset_igd_plus,27.11554305408088,9,5
NSGAII_archive_family_DTLZ,dtlz1,nsgaii_archive_passive,numpy,2,hv,47687427482304.586,9,5
NSGAII_archive_family_DTLZ,dtlz1,nsgaii_archive_passive,numpy,2,igd_plus,14.012910993582768,9,5
NSGAII_archive_family_DTLZ,dtlz1,nsgaii_archive_passive,numpy,2,archive_subset_hv,47687215779377.03,9,5
NSGAII_archive_family_DTLZ,dtlz1,nsgaii_archive_passive,numpy,2,archive_subset_igd_plus,7.726510640253621,9,5
NSGAII_archive_family_DTLZ,dtlz1,nsgaii_archive_passive,numpy,3,hv,47679235718052.25,9,5
NSGAII_archive_family_DTLZ,dtlz1,nsgaii_archive_passive,numpy,3,igd_plus,44.17917038849854,9,5
NSGAII_archive_family_DTLZ,dtlz1,nsgaii_archive_passive,numpy,3,archive_subset_hv,47681913907786.92,9,5
NSGAII_archive_family_DTLZ,dtlz1,nsgaii_archive_passive,numpy,3,archive_subset_igd_plus,43.805445138316,9,5
NSGAII_archive_family_DTLZ,dtlz1,nsgaii_archive_passive,numpy,4,hv,47688048870022.445,9,5
NSGAII_archive_family_DTLZ,dtlz1,nsgaii_archive_passive,numpy,4,igd_plus,13.375836993269914,9,5
NSGAII_archive_family_DTLZ,dtlz1,nsgaii_archive_passive,numpy,4,archive_subset_hv,47687055685779.57,9,5
NSGAII_archive_family_DTLZ,dtlz1,nsgaii_archive_passive,numpy,4,archive_subset_igd_plus,13.544397815514396,9,5
NSGAII_archive_family_DTLZ,dtlz1,nsgaii_archive_passive,numpy,5,hv,47682396657214.1,9,5
NSGAII_archive_family_DTLZ,dtlz1,nsgaii_archive_passive,numpy,5,igd_plus,19.92173234080552,9,5
NSGAII_archive_family_DTLZ,dtlz1,nsgaii_archive_passive,numpy,5,archive_subset_hv,47677547210705.93,9,5
NSGAII_archive_family_DTLZ,dtlz1,nsgaii_archive_passive,numpy,5,archive_subset_igd_plus,25.85453265777601,9,5
NSGAII_archive_family_DTLZ,dtlz1,nsgaii_archive_passive,numpy,6,hv,47684322640980.93,9,5
NSGAII_archive_family_DTLZ,dtlz1,nsgaii_archive_passive,numpy,6,igd_plus,39.40464458694306,9,5
NSGAII_archive_family_DTLZ,dtlz1,nsgaii_archive_passive,numpy,6,archive_subset_hv,47683427417101.31,9,5
NSGAII_archive_family_DTLZ,dtlz1,nsgaii_archive_passive,numpy,6,archive_subset_igd_plus,30.38451408125508,9,5
NSGAII_archive_family_DTLZ,dtlz1,nsgaii_archive_passive,numpy,7,hv,47687271699689.63,9,5
NSGAII_archive_family_DTLZ,dtlz1,nsgaii_archive_passive,numpy,7,igd_plus,18.201003343936296,9,5
NSGAII_archive_family_DTLZ,dtlz1,nsgaii_archive_passive,numpy,7,archive_subset_hv,47684557552085.52,9,5
NSGAII_archive_family_DTLZ,dtlz1,nsgaii_archive_passive,numpy,7,archive_subset_igd_plus,18.34287157991805,9,5
NSGAII_archive_family_DTLZ,dtlz1,nsgaii_archive_passive,numpy,8,hv,47686375083380.53,9,5
NSGAII_archive_family_DTLZ,dtlz1,nsgaii_archive_passive,numpy,8,igd_plus,21.32829493375123,9,5
NSGAII_archive_family_DTLZ,dtlz1,nsgaii_archive_passive,numpy,8,archive_subset_hv,47688051004521.24,9,5
NSGAII_archive_family_DTLZ,dtlz1,nsgaii_archive_passive,numpy,8,archive_subset_igd_plus,12.102337253365231,9,5
NSGAII_archive_family_DTLZ,dtlz1,nsgaii_archive_passive,numpy,9,hv,47688191932253.35,9,5
NSGAII_archive_family_DTLZ,dtlz1,nsgaii_archive_passive,numpy,9,igd_plus,11.182790420875364,9,5
NSGAII_archive_family_DTLZ,dtlz1,nsgaii_archive_passive,numpy,9,archive_subset_hv,47685669467918.51,9,5
NSGAII_archive_family_DTLZ,dtlz1,nsgaii_archive_passive,numpy,9,archive_subset_igd_plus,11.470797698436009,9,5
NSGAII_archive_family_DTLZ,dtlz1,nsgaii_archive_hybrid,numpy,0,hv,47670426116115.84,9,5
NSGAII_archive_family_DTLZ,dtlz1,nsgaii_archive_hybrid,numpy,0,igd_plus,12.440932025364544,9,5
NSGAII_archive_family_DTLZ,dtlz1,nsgaii_archive_hybrid,numpy,0,archive_subset_hv,47678064576404.83,9,5
NSGAII_archive_family_DTLZ,dtlz1,nsgaii_archive_hybrid,numpy,0,archive_subset_igd_plus,12.21292975782095,9,5
NSGAII_archive_family_DTLZ,dtlz1,nsgaii_archive_hybrid,numpy,1,hv,47469089627968.9,9,5
NSGAII_archive_family_DTLZ,dtlz1,nsgaii_archive_hybrid,numpy,1,igd_plus,88.26654599950479,9,5
NSGAII_archive_family_DTLZ,dtlz1,nsgaii_archive_hybrid,numpy,1,archive_subset_hv,47608615307879.11,9,5
NSGAII_archive_family_DTLZ,dtlz1,nsgaii_archive_hybrid,numpy,1,archive_subset_igd_plus,90.24498513161896,9,5
NSGAII_archive_family_DTLZ,dtlz1,nsgaii_archive_hybrid,numpy,2,hv,47679459391729.31,9,5
NSGAII_archive_family_DTLZ,dtlz1,nsgaii_archive_hybrid,numpy,2,igd_plus,23.358048352082967,9,5
NSGAII_archive_family_DTLZ,dtlz1,nsgaii_archive_hybrid,numpy,2,archive_subset_hv,47677957135459.55,9,5
NSGAII_archive_family_DTLZ,dtlz1,nsgaii_archive_hybrid,numpy,2,archive_subset_igd_plus,23.56878926910007,9,5
NSGAII_archive_family_DTLZ,dtlz1,nsgaii_archive_hybrid,numpy,3,hv,47618607853786.22,9,5
NSGAII_archive_family_DTLZ,dtlz1,nsgaii_archive_hybrid,numpy,3,igd_plus,19.893518373055304,9,5
NSGAII_archive_family_DTLZ,dtlz1,nsgaii_archive_hybrid,numpy,3,archive_subset_hv,47670484959975.6,9,5
NSGAII_archive_family_DTLZ,dtlz1,nsgaii_archive_hybrid,numpy,3,archive_subset_igd_plus,19.632744016466795,9,5
NSGAII_archive_family_DTLZ,dtlz1,nsgaii_archive_hybrid,numpy,4,hv,47641928916066.22,9,5
NSGAII_archive_family_DTLZ,dtlz1,nsgaii_archive_hybrid,numpy,4,igd_plus,36.46391296483654,9,5
NSGAII_archive_family_DTLZ,dtlz1,nsgaii_archive_hybrid,numpy,4,archive_subset_hv,47663610192799.42,9,5
NSGAII_archive_family_DTLZ,dtlz1,nsgaii_archive_hybrid,numpy,4,archive_subset_igd_plus,36.31747477463753,9,5
NSGAII_archive_family_DTLZ,dtlz1,nsgaii_archive_hybrid,numpy,5,hv,47681951593687.63,9,5
NSGAII_archive_family_DTLZ,dtlz1,nsgaii_archive_hybrid,numpy,5,igd_plus,10.96456058207732,9,5
NSGAII_archive_family_DTLZ,dtlz1,nsgaii_archive_hybrid,numpy,5,archive_subset_hv,47688198872241.86,9,5
NSGAII_archive_family_DTLZ,dtlz1,nsgaii_archive_hybrid,numpy,5,archive_subset_igd_plus,10.460992375715138,9,5
NSGAII_archive_family_DTLZ,dtlz1,nsgaii_archive_hybrid,numpy,6,hv,47657297349480.766,9,5
NSGAII_archive_family_DTLZ,dtlz1,nsgaii_archive_hybrid,numpy,6,igd_plus,24.944819985813474,9,5
NSGAII_archive_family_DTLZ,dtlz1,nsgaii_archive_hybrid,numpy,6,archive_subset_hv,47672334281583.82,9,5
NSGAII_archive_family_DTLZ,dtlz1,nsgaii_archive_hybrid,numpy,6,archive_subset_igd_plus,24.85764946490112,9,5
NSGAII_archive_family_DTLZ,dtlz1,nsgaii_archive_hybrid,numpy,7,hv,47522371813702.55,9,5
NSGAII_archive_family_DTLZ,dtlz1,nsgaii_archive_hybrid,numpy,7,igd_plus,23.986435186073592,9,5
NSGAII_archive_family_DTLZ,dtlz1,nsgaii_archive_hybrid,numpy,7,archive_subset_hv,47654569572135.01,9,5
NSGAII_archive_family_DTLZ,dtlz1,nsgaii_archive_hybrid,numpy,7,archive_subset_igd_plus,23.85667118378144,9,5
NSGAII_archive_family_DTLZ,dtlz1,nsgaii_archive_hybrid,numpy,8,hv,47607337737699.375,9,5
NSGAII_archive_family_DTLZ,dtlz1,nsgaii_archive_hybrid,numpy,8,igd_plus,19.75555068634382,9,5
NSGAII_archive_family_DTLZ,dtlz1,nsgaii_archive_hybrid,numpy,8,archive_subset_hv,47669384594004.29,9,5
NSGAII_archive_family_DTLZ,dtlz1,nsgaii_archive_hybrid,numpy,8,archive_subset_igd_plus,19.699566796627405,9,5
NSGAII_archive_family_DTLZ,dtlz1,nsgaii_archive_hybrid,numpy,9,hv,47648969382921.81,9,5
NSGAII_archive_family_DTLZ,dtlz1,nsgaii_archive_hybrid,numpy,9,igd_plus,13.688947566827364,9,5
NSGAII_archive_family_DTLZ,dtlz1,nsgaii_archive_hybrid,numpy,9,archive_subset_hv,47673482504406.56,9,5
NSGAII_archive_family_DTLZ,dtlz1,nsgaii_archive_hybrid,numpy,9,archive_subset_igd_plus,13.65784264450798,9,5
NSGAII_archive_family_DTLZ,dtlz2,nsgaii_archive_off,numpy,0,hv,47688763759145.62,14,5
NSGAII_archive_family_DTLZ,dtlz2,nsgaii_archive_off,numpy,0,igd_plus,0.11079748913017,14,5
NSGAII_archive_family_DTLZ,dtlz2,nsgaii_archive_off,numpy,1,hv,47688764330937.27,14,5
NSGAII_archive_family_DTLZ,dtlz2,nsgaii_archive_off,numpy,1,igd_plus,0.1957531540204656,14,5
NSGAII_archive_family_DTLZ,dtlz2,nsgaii_archive_off,numpy,2,hv,47688764070634.125,14,5
NSGAII_archive_family_DTLZ,dtlz2,nsgaii_archive_off,numpy,2,igd_plus,0.1375469479700955,14,5
NSGAII_archive_family_DTLZ,dtlz2,nsgaii_archive_off,numpy,3,hv,47688764065790.91,14,5
NSGAII_archive_family_DTLZ,dtlz2,nsgaii_archive_off,numpy,3,igd_plus,0.1367732158586292,14,5
NSGAII_archive_family_DTLZ,dtlz2,nsgaii_archive_off,numpy,4,hv,47688764107465.15,14,5
NSGAII_archive_family_DTLZ,dtlz2,nsgaii_archive_off,numpy,4,igd_plus,0.1520757328837631,14,5
NSGAII_archive_family_DTLZ,dtlz2,nsgaii_archive_off,numpy,5,hv,47688764171830.86,14,5
NSGAII_archive_family_DTLZ,dtlz2,nsgaii_archive_off,numpy,5,igd_plus,0.1150909780264501,14,5
NSGAII_archive_family_DTLZ,dtlz2,nsgaii_archive_off,numpy,6,hv,47688763856637.695,14,5
NSGAII_archive_family_DTLZ,dtlz2,nsgaii_archive_off,numpy,6,igd_plus,0.0797051103048981,14,5
NSGAII_archive_family_DTLZ,dtlz2,nsgaii_archive_off,numpy,7,hv,47688764243473.41,14,5
NSGAII_archive_family_DTLZ,dtlz2,nsgaii_archive_off,numpy,7,igd_plus,0.1439439051090814,14,5
NSGAII_archive_family_DTLZ,dtlz2,nsgaii_archive_off,numpy,8,hv,47688764111918.07,14,5
NSGAII_archive_family_DTLZ,dtlz2,nsgaii_archive_off,numpy,8,igd_plus,0.167268432474919,14,5
NSGAII_archive_family_DTLZ,dtlz2,nsgaii_archive_off,numpy,9,hv,47688764147458.04,14,5
NSGAII_archive_family_DTLZ,dtlz2,nsgaii_archive_off,numpy,9,igd_plus,0.1174815507148247,14,5
NSGAII_archive_family_DTLZ,dtlz2,nsgaii_archive_passive,numpy,0,hv,47688763759145.62,14,5
NSGAII_archive_family_DTLZ,dtlz2,nsgaii_archive_passive,numpy,0,igd_plus,0.11079748913017,14,5
NSGAII_archive_family_DTLZ,dtlz2,nsgaii_archive_passive,numpy,0,archive_subset_hv,47688764369276.98,14,5
NSGAII_archive_family_DTLZ,dtlz2,nsgaii_archive_passive,numpy,0,archive_subset_igd_plus,0.1290616123140459,14,5
NSGAII_archive_family_DTLZ,dtlz2,nsgaii_archive_passive,numpy,1,hv,47688764330937.27,14,5
NSGAII_archive_family_DTLZ,dtlz2,nsgaii_archive_passive,numpy,1,igd_plus,0.1957531540204656,14,5
NSGAII_archive_family_DTLZ,dtlz2,nsgaii_archive_passive,numpy,1,archive_subset_hv,47688764376701.33,14,5
NSGAII_archive_family_DTLZ,dtlz2,nsgaii_archive_passive,numpy,1,archive_subset_igd_plus,0.1880540274924537,14,5
NSGAII_archive_family_DTLZ,dtlz2,nsgaii_archive_passive,numpy,2,hv,47688764070634.125,14,5
NSGAII_archive_family_DTLZ,dtlz2,nsgaii_archive_passive,numpy,2,igd_plus,0.1375469479700955,14,5
NSGAII_archive_family_DTLZ,dtlz2,nsgaii_archive_passive,numpy,2,archive_subset_hv,47688764379067.51,14,5
NSGAII_archive_family_DTLZ,dtlz2,nsgaii_archive_passive,numpy,2,archive_subset_igd_plus,0.1353940299667382,14,5
NSGAII_archive_family_DTLZ,dtlz2,nsgaii_archive_passive,numpy,3,hv,47688764065790.91,14,5
NSGAII_archive_family_DTLZ,dtlz2,nsgaii_archive_passive,numpy,3,igd_plus,0.1367732158586292,14,5
NSGAII_archive_family_DTLZ,dtlz2,nsgaii_archive_passive,numpy,3,archive_subset_hv,47688764378578.35,14,5
NSGAII_archive_family_DTLZ,dtlz2,nsgaii_archive_passive,numpy,3,archive_subset_igd_plus,0.1484049441661592,14,5
NSGAII_archive_family_DTLZ,dtlz2,nsgaii_archive_passive,numpy,4,hv,47688764107465.15,14,5
NSGAII_archive_family_DTLZ,dtlz2,nsgaii_archive_passive,numpy,4,igd_plus,0.1520757328837631,14,5
NSGAII_archive_family_DTLZ,dtlz2,nsgaii_archive_passive,numpy,4,archive_subset_hv,47688764374551.77,14,5
NSGAII_archive_family_DTLZ,dtlz2,nsgaii_archive_passive,numpy,4,archive_subset_igd_plus,0.1837220917802433,14,5
NSGAII_archive_family_DTLZ,dtlz2,nsgaii_archive_passive,numpy,5,hv,47688764171830.86,14,5
NSGAII_archive_family_DTLZ,dtlz2,nsgaii_archive_passive,numpy,5,igd_plus,0.1150909780264501,14,5
NSGAII_archive_family_DTLZ,dtlz2,nsgaii_archive_passive,numpy,5,archive_subset_hv,47688764378892.445,14,5
NSGAII_archive_family_DTLZ,dtlz2,nsgaii_archive_passive,numpy,5,archive_subset_igd_plus,0.1172428489459498,14,5
NSGAII_archive_family_DTLZ,dtlz2,nsgaii_archive_passive,numpy,6,hv,47688763856637.695,14,5
NSGAII_archive_family_DTLZ,dtlz2,nsgaii_archive_passive,numpy,6,igd_plus,0.0797051103048981,14,5
NSGAII_archive_family_DTLZ,dtlz2,nsgaii_archive_passive,numpy,6,archive_subset_hv,47688764376233.41,14,5
NSGAII_archive_family_DTLZ,dtlz2,nsgaii_archive_passive,numpy,6,archive_subset_igd_plus,0.1246398294730882,14,5
NSGAII_archive_family_DTLZ,dtlz2,nsgaii_archive_passive,numpy,7,hv,47688764243473.41,14,5
NSGAII_archive_family_DTLZ,dtlz2,nsgaii_archive_passive,numpy,7,igd_plus,0.1439439051090814,14,5
NSGAII_archive_family_DTLZ,dtlz2,nsgaii_archive_passive,numpy,7,archive_subset_hv,47688764376850.586,14,5
NSGAII_archive_family_DTLZ,dtlz2,nsgaii_archive_passive,numpy,7,archive_subset_igd_plus,0.1616479695550025,14,5
NSGAII_archive_family_DTLZ,dtlz2,nsgaii_archive_passive,numpy,8,hv,47688764111918.07,14,5
NSGAII_archive_family_DTLZ,dtlz2,nsgaii_archive_passive,numpy,8,igd_plus,0.167268432474919,14,5
NSGAII_archive_family_DTLZ,dtlz2,nsgaii_archive_passive,numpy,8,archive_subset_hv,47688764376222.27,14,5
NSGAII_archive_family_DTLZ,dtlz2,nsgaii_archive_passive,numpy,8,archive_subset_igd_plus,0.1553779352132043,14,5
NSGAII_archive_family_DTLZ,dtlz2,nsgaii_archive_passive,numpy,9,hv,47688764147458.04,14,5
NSGAII_archive_family_DTLZ,dtlz2,nsgaii_archive_passive,numpy,9,igd_plus,0.1174815507148247,14,5
NSGAII_archive_family_DTLZ,dtlz2,nsgaii_archive_passive,numpy,9,archive_subset_hv,47688764370322.03,14,5
NSGAII_archive_family_DTLZ,dtlz2,nsgaii_archive_passive,numpy,9,archive_subset_igd_plus,0.1593684909198802,14,5
NSGAII_archive_family_DTLZ,dtlz2,nsgaii_archive_hybrid,numpy,0,hv,47688616511484.0,14,5
NSGAII_archive_family_DTLZ,dtlz2,nsgaii_archive_hybrid,numpy,0,igd_plus,1.6879658770747406,14,5
NSGAII_archive_family_DTLZ,dtlz2,nsgaii_archive_hybrid,numpy,0,archive_subset_hv,47688764064648.18,14,5
NSGAII_archive_family_DTLZ,dtlz2,nsgaii_archive_hybrid,numpy,0,archive_subset_igd_plus,0.6217542597942555,14,5
NSGAII_archive_family_DTLZ,dtlz2,nsgaii_archive_hybrid,numpy,1,hv,47686046217344.414,14,5
NSGAII_archive_family_DTLZ,dtlz2,nsgaii_archive_hybrid,numpy,1,igd_plus,1.8011981972222362,14,5
NSGAII_archive_family_DTLZ,dtlz2,nsgaii_archive_hybrid,numpy,1,archive_subset_hv,47688764292996.805,14,5
NSGAII_archive_family_DTLZ,dtlz2,nsgaii_archive_hybrid,numpy,1,archive_subset_igd_plus,0.3666794400883392,14,5
NSGAII_archive_family_DTLZ,dtlz2,nsgaii_archive_hybrid,numpy,2,hv,47684214292632.58,14,5
NSGAII_archive_family_DTLZ,dtlz2,nsgaii_archive_hybrid,numpy,2,igd_plus,1.7355373524798197,14,5
NSGAII_archive_family_DTLZ,dtlz2,nsgaii_archive_hybrid,numpy,2,archive_subset_hv,47688761291238.2,14,5
NSGAII_archive_family_DTLZ,dtlz2,nsgaii_archive_hybrid,numpy,2,archive_subset_igd_plus,0.5482324879498192,14,5
NSGAII_archive_family_DTLZ,dtlz2,nsgaii_archive_hybrid,numpy,3,hv,47688576680964.74,14,5
NSGAII_archive_family_DTLZ,dtlz2,nsgaii_archive_hybrid,numpy,3,igd_plus,1.7557239238894151,14,5
NSGAII_archive_family_DTLZ,dtlz2,nsgaii_archive_hybrid,numpy,3,archive_subset_hv,47688763325514.38,14,5
NSGAII_archive_family_DTLZ,dtlz2,nsgaii_archive_hybrid,numpy,3,archive_subset_igd_plus,0.5374624131086592,14,5
NSGAII_archive_family_DTLZ,dtlz2,nsgaii_archive_hybrid,numpy,4,hv,47688693296970.27,14,5
NSGAII_archive_family_DTLZ,dtlz2,nsgaii_archive_hybrid,numpy,4,igd_plus,1.5079256629084317,14,5
NSGAII_archive_family_DTLZ,dtlz2,nsgaii_archive_hybrid,numpy,4,archive_subset_hv,47688763425830.055,14,5
NSGAII_archive_family_DTLZ,dtlz2,nsgaii_archive_hybrid,numpy,4,archive_subset_igd_plus,0.7367887779674032,14,5
NSGAII_archive_family_DTLZ,dtlz2,nsgaii_archive_hybrid,numpy,5,hv,47688680469902.03,14,5
NSGAII_archive_family_DTLZ,dtlz2,nsgaii_archive_hybrid,numpy,5,igd_plus,1.6309161066308016,14,5
NSGAII_archive_family_DTLZ,dtlz2,nsgaii_archive_hybrid,numpy,5,archive_subset_hv,47688763997273.26,14,5
NSGAII_archive_family_DTLZ,dtlz2,nsgaii_archive_hybrid,numpy,5,archive_subset_igd_plus,0.5396277661182286,14,5
NSGAII_archive_family_DTLZ,dtlz2,nsgaii_archive_hybrid,numpy,6,hv,47685280053131.58,14,5
NSGAII_archive_family_DTLZ,dtlz2,nsgaii_archive_hybrid,numpy,6,igd_plus,1.7800588526098198,14,5
NSGAII_archive_family_DTLZ,dtlz2,nsgaii_archive_hybrid,numpy,6,archive_subset_hv,47688763708810.31,14,5
NSGAII_archive_family_DTLZ,dtlz2,nsgaii_archive_hybrid,numpy,6,archive_subset_igd_plus,0.503559629185028,14,5
NSGAII_archive_family_DTLZ,dtlz2,nsgaii_archive_hybrid,numpy,7,hv,47688672534745.5,14,5
NSGAII_archive_family_DTLZ,dtlz2,nsgaii_archive_hybrid,numpy,7,igd_plus,1.647336108850708,14,5
NSGAII_archive_family_DTLZ,dtlz2,nsgaii_archive_hybrid,numpy,7,archive_subset_hv,47688764201690.375,14,5
NSGAII_archive_family_DTLZ,dtlz2,nsgaii_archive_hybrid,numpy,7,archive_subset_igd_plus,0.416989491915945,14,5
NSGAII_archive_family_DTLZ,dtlz2,nsgaii_archive_hybrid,numpy,8,hv,47687549223453.25,14,5
NSGAII_archive_family_DTLZ,dtlz2,nsgaii_archive_hybrid,numpy,8,igd_plus,1.7660296357881806,14,5
NSGAII_archive_family_DTLZ,dtlz2,nsgaii_archive_hybrid,numpy,8,archive_subset_hv,47688763703315.29,14,5
NSGAII_archive_family_DTLZ,dtlz2,nsgaii_archive_hybrid,numpy,8,archive_subset_igd_plus,0.4362907964348834,14,5
NSGAII_archive_family_DTLZ,dtlz2,nsgaii_archive_hybrid,numpy,9,hv,47688604463587.19,14,5
NSGAII_archive_family_DTLZ,dtlz2,nsgaii_archive_hybrid,numpy,9,igd_plus,1.7819906636010268,14,5
NSGAII_archive_family_DTLZ,dtlz2,nsgaii_archive_hybrid,numpy,9,archive_subset_hv,47688764152426.22,14,5
NSGAII_archive_family_DTLZ,dtlz2,nsgaii_archive_hybrid,numpy,9,archive_subset_igd_plus,0.521741528764827,14,5
NSGAII_archive_family_DTLZ,dtlz7,nsgaii_archive_off,numpy,0,hv,47371968398079.21,24,5
NSGAII_archive_family_DTLZ,dtlz7,nsgaii_archive_off,numpy,0,igd_plus,3.376644008570735,24,5
NSGAII_archive_family_DTLZ,dtlz7,nsgaii_archive_off,numpy,1,hv,47373000930661.33,24,5
NSGAII_archive_family_DTLZ,dtlz7,nsgaii_archive_off,numpy,1,igd_plus,3.3740178938384755,24,5
NSGAII_archive_family_DTLZ,dtlz7,nsgaii_archive_off,numpy,2,hv,47364766924472.414,24,5
NSGAII_archive_family_DTLZ,dtlz7,nsgaii_archive_off,numpy,2,igd_plus,3.444089753277206,24,5
NSGAII_archive_family_DTLZ,dtlz7,nsgaii_archive_off,numpy,3,hv,47359410585469.35,24,5
NSGAII_archive_family_DTLZ,dtlz7,nsgaii_archive_off,numpy,3,igd_plus,3.5125696824628934,24,5
NSGAII_archive_family_DTLZ,dtlz7,nsgaii_archive_off,numpy,4,hv,47375524859213.52,24,5
NSGAII_archive_family_DTLZ,dtlz7,nsgaii_archive_off,numpy,4,igd_plus,3.3433595453228846,24,5
NSGAII_archive_family_DTLZ,dtlz7,nsgaii_archive_off,numpy,5,hv,47359520151630.42,24,5
NSGAII_archive_family_DTLZ,dtlz7,nsgaii_archive_off,numpy,5,igd_plus,3.506599106047448,24,5
NSGAII_archive_family_DTLZ,dtlz7,nsgaii_archive_off,numpy,6,hv,47361721603844.51,24,5
NSGAII_archive_family_DTLZ,dtlz7,nsgaii_archive_off,numpy,6,igd_plus,3.4900702526466363,24,5
NSGAII_archive_family_DTLZ,dtlz7,nsgaii_archive_off,numpy,7,hv,47362460846736.88,24,5
NSGAII_archive_family_DTLZ,dtlz7,nsgaii_archive_off,numpy,7,igd_plus,3.4889227411744974,24,5
NSGAII_archive_family_DTLZ,dtlz7,nsgaii_archive_off,numpy,8,hv,47374147831197.984,24,5
NSGAII_archive_family_DTLZ,dtlz7,nsgaii_archive_off,numpy,8,igd_plus,3.358331128979664,24,5
NSGAII_archive_family_DTLZ,dtlz7,nsgaii_archive_off,numpy,9,hv,47371040513814.15,24,5
NSGAII_archive_family_DTLZ,dtlz7,nsgaii_archive_off,numpy,9,igd_plus,3.3923856540605324,24,5
NSGAII_archive_family_DTLZ,dtlz7,nsgaii_archive_passive,numpy,0,hv,47371968398079.21,24,5
NSGAII_archive_family_DTLZ,dtlz7,nsgaii_archive_passive,numpy,0,igd_plus,3.376644008570735,24,5
NSGAII_archive_family_DTLZ,dtlz7,nsgaii_archive_passive,numpy,0,archive_subset_hv,47371961090587.5,24,5
NSGAII_archive_family_DTLZ,dtlz7,nsgaii_archive_passive,numpy,0,archive_subset_igd_plus,3.3766627729790533,24,5
NSGAII_archive_family_DTLZ,dtlz7,nsgaii_archive_passive,numpy,1,hv,47373000930661.33,24,5
NSGAII_archive_family_DTLZ,dtlz7,nsgaii_archive_passive,numpy,1,igd_plus,3.3740178938384755,24,5
NSGAII_archive_family_DTLZ,dtlz7,nsgaii_archive_passive,numpy,1,archive_subset_hv,47373141851187.85,24,5
NSGAII_archive_family_DTLZ,dtlz7,nsgaii_archive_passive,numpy,1,archive_subset_igd_plus,3.374671907083071,24,5
NSGAII_archive_family_DTLZ,dtlz7,nsgaii_archive_passive,numpy,2,hv,47364766924472.414,24,5
NSGAII_archive_family_DTLZ,dtlz7,nsgaii_archive_passive,numpy,2,igd_plus,3.444089753277206,24,5
NSGAII_archive_family_DTLZ,dtlz7,nsgaii_archive_passive,numpy,2,archive_subset_hv,47364587534619.99,24,5
NSGAII_archive_family_DTLZ,dtlz7,nsgaii_archive_passive,numpy,2,archive_subset_igd_plus,3.44425730084775,24,5
NSGAII_archive_family_DTLZ,dtlz7,nsgaii_archive_passive,numpy,3,hv,47359410585469.35,24,5
NSGAII_archive_family_DTLZ,dtlz7,nsgaii_archive_passive,numpy,3,igd_plus,3.5125696824628934,24,5
NSGAII_archive_family_DTLZ,dtlz7,nsgaii_archive_passive,numpy,3,archive_subset_hv,47359091522682.2,24,5
NSGAII_archive_family_DTLZ,dtlz7,nsgaii_archive_passive,numpy,3,archive_subset_igd_plus,3.512675912910708,24,5
NSGAII_archive_family_DTLZ,dtlz7,nsgaii_archive_passive,numpy,4,hv,47375524859213.52,24,5
NSGAII_archive_family_DTLZ,dtlz7,nsgaii_archive_passive,numpy,4,igd_plus,3.3433595453228846,24,5
NSGAII_archive_family_DTLZ,dtlz7,nsgaii_archive_passive,numpy,4,archive_subset_hv,47375201084650.34,24,5
NSGAII_archive_family_DTLZ,dtlz7,nsgaii_archive_passive,numpy,4,archive_subset_igd_plus,3.343812205104632,24,5
NSGAII_archive_family_DTLZ,dtlz7,nsgaii_archive_passive,numpy,5,hv,47359520151630.42,24,5
NSGAII_archive_family_DTLZ,dtlz7,nsgaii_archive_passive,numpy,5,igd_plus,3.506599106047448,24,5
NSGAII_archive_family_DTLZ,dtlz7,nsgaii_archive_passive,numpy,5,archive_subset_hv,47359300348859.23,24,5
NSGAII_archive_family_DTLZ,dtlz7,nsgaii_archive_passive,numpy,5,archive_subset_igd_plus,3.507386311053931,24,5
NSGAII_archive_family_DTLZ,dtlz7,nsgaii_archive_passive,numpy,6,hv,47361721603844.51,24,5
NSGAII_archive_family_DTLZ,dtlz7,nsgaii_archive_passive,numpy,6,igd_plus,3.4900702526466363,24,5
NSGAII_archive_family_DTLZ,dtlz7,nsgaii_archive_passive,numpy,6,archive_subset_hv,47361616902949.92,24,5
NSGAII_archive_family_DTLZ,dtlz7,nsgaii_archive_passive,numpy,6,archive_subset_igd_plus,3.4904256732863908,24,5
NSGAII_archive_family_DTLZ,dtlz7,nsgaii_archive_passive,numpy,7,hv,47362460846736.88,24,5
NSGAII_archive_family_DTLZ,dtlz7,nsgaii_archive_passive,numpy,7,igd_plus,3.4889227411744974,24,5
NSGAII_archive_family_DTLZ,dtlz7,nsgaii_archive_passive,numpy,7,archive_subset_hv,47362160455235.22,24,5
NSGAII_archive_family_DTLZ,dtlz7,nsgaii_archive_passive,numpy,7,archive_subset_igd_plus,3.489129501981669,24,5
NSGAII_archive_family_DTLZ,dtlz7,nsgaii_archive_passive,numpy,8,hv,47374147831197.984,24,5
NSGAII_archive_family_DTLZ,dtlz7,nsgaii_archive_passive,numpy,8,igd_plus,3.358331128979664,24,5
NSGAII_archive_family_DTLZ,dtlz7,nsgaii_archive_passive,numpy,8,archive_subset_hv,47374195670049.72,24,5
NSGAII_archive_family_DTLZ,dtlz7,nsgaii_archive_passive,numpy,8,archive_subset_igd_plus,3.358708787994803,24,5
NSGAII_archive_family_DTLZ,dtlz7,nsgaii_archive_passive,numpy,9,hv,47371040513814.15,24,5
NSGAII_archive_family_DTLZ,dtlz7,nsgaii_archive_passive,numpy,9,igd_plus,3.3923856540605324,24,5
NSGAII_archive_family_DTLZ,dtlz7,nsgaii_archive_passive,numpy,9,archive_subset_hv,47371071991415.78,24,5
NSGAII_archive_family_DTLZ,dtlz7,nsgaii_archive_passive,numpy,9,archive_subset_igd_plus,3.39242331230453,24,5
NSGAII_archive_family_DTLZ,dtlz7,nsgaii_archive_hybrid,numpy,0,hv,47355751513391.625,24,5
NSGAII_archive_family_DTLZ,dtlz7,nsgaii_archive_hybrid,numpy,0,igd_plus,3.5439514208700373,24,5
NSGAII_archive_family_DTLZ,dtlz7,nsgaii_archive_hybrid,numpy,0,archive_subset_hv,47361373451876.65,24,5
NSGAII_archive_family_DTLZ,dtlz7,nsgaii_archive_hybrid,numpy,0,archive_subset_igd_plus,3.481807139285901,24,5
NSGAII_archive_family_DTLZ,dtlz7,nsgaii_archive_hybrid,numpy,1,hv,47373024641038.39,24,5
NSGAII_archive_family_DTLZ,dtlz7,nsgaii_archive_hybrid,numpy,1,igd_plus,3.367566682378787,24,5
NSGAII_archive_family_DTLZ,dtlz7,nsgaii_archive_hybrid,numpy,1,archive_subset_hv,47373145250428.33,24,5
NSGAII_archive_family_DTLZ,dtlz7,nsgaii_archive_hybrid,numpy,1,archive_subset_igd_plus,3.367785225723586,24,5
NSGAII_archive_family_DTLZ,dtlz7,nsgaii_archive_hybrid,numpy,2,hv,47367634209200.61,24,5
NSGAII_archive_family_DTLZ,dtlz7,nsgaii_archive_hybrid,numpy,2,igd_plus,3.4232743636512324,24,5
NSGAII_archive_family_DTLZ,dtlz7,nsgaii_archive_hybrid,numpy,2,archive_subset_hv,47368416435779.086,24,5
NSGAII_archive_family_DTLZ,dtlz7,nsgaii_archive_hybrid,numpy,2,archive_subset_igd_plus,3.4198044166888764,24,5
NSGAII_archive_family_DTLZ,dtlz7,nsgaii_archive_hybrid,numpy,3,hv,47371643789614.16,24,5
NSGAII_archive_family_DTLZ,dtlz7,nsgaii_archive_hybrid,numpy,3,igd_plus,3.384815288489156,24,5
NSGAII_archive_family_DTLZ,dtlz7,nsgaii_archive_hybrid,numpy,3,archive_subset_hv,47371424424209.34,24,5
NSGAII_archive_family_DTLZ,dtlz7,nsgaii_archive_hybrid,numpy,3,archive_subset_igd_plus,3.384735653717758,24,5
NSGAII_archive_family_DTLZ,dtlz7,nsgaii_archive_hybrid,numpy,4,hv,47348972226756.734,24,5
NSGAII_archive_family_DTLZ,dtlz7,nsgaii_archive_hybrid,numpy,4,igd_plus,3.617724482896067,24,5
NSGAII_archive_family_DTLZ,dtlz7,nsgaii_archive_hybrid,numpy,4,archive_subset_hv,47363691341407.84,24,5
NSGAII_archive_family_DTLZ,dtlz7,nsgaii_archive_hybrid,numpy,4,archive_subset_igd_plus,3.4614660561499724,24,5
NSGAII_archive_family_DTLZ,dtlz7,nsgaii_archive_hybrid,numpy,5,hv,47364112476535.88,24,5
NSGAII_archive_family_DTLZ,dtlz7,nsgaii_archive_hybrid,numpy,5,igd_plus,3.460353299716555,24,5
NSGAII_archive_family_DTLZ,dtlz7,nsgaii_archive_hybrid,numpy,5,archive_subset_hv,47364470916275.56,24,5
NSGAII_archive_family_DTLZ,dtlz7,nsgaii_archive_hybrid,numpy,5,archive_subset_igd_plus,3.4598738688499937,24,5
NSGAII_archive_family_DTLZ,dtlz7,nsgaii_archive_hybrid,numpy,6,hv,47359865212860.2,24,5
NSGAII_archive_family_DTLZ,dtlz7,nsgaii_archive_hybrid,numpy,6,igd_plus,3.5061888475742133,24,5
NSGAII_archive_family_DTLZ,dtlz7,nsgaii_archive_hybrid,numpy,6,archive_subset_hv,47368778042821.75,24,5
NSGAII_archive_family_DTLZ,dtlz7,nsgaii_archive_hybrid,numpy,6,archive_subset_igd_plus,3.409532870646576,24,5
NSGAII_archive_family_DTLZ,dtlz7,nsgaii_archive_hybrid,numpy,7,hv,47363036659797.48,24,5
NSGAII_archive_family_DTLZ,dtlz7,nsgaii_archive_hybrid,numpy,7,igd_plus,3.467345958686065,24,5
NSGAII_archive_family_DTLZ,dtlz7,nsgaii_archive_hybrid,numpy,7,archive_subset_hv,47363166556400.4,24,5
NSGAII_archive_family_DTLZ,dtlz7,nsgaii_archive_hybrid,numpy,7,archive_subset_igd_plus,3.467179314553809,24,5
NSGAII_archive_family_DTLZ,dtlz7,nsgaii_archive_hybrid,numpy,8,hv,47367145274202.24,24,5
NSGAII_archive_family_DTLZ,dtlz7,nsgaii_archive_hybrid,numpy,8,igd_plus,3.42654560601474,24,5
NSGAII_archive_family_DTLZ,dtlz7,nsgaii_archive_hybrid,numpy,8,archive_subset_hv,47367191778628.125,24,5
NSGAII_archive_family_DTLZ,dtlz7,nsgaii_archive_hybrid,numpy,8,archive_subset_igd_plus,3.426633125130816,24,5
NSGAII_archive_family_DTLZ,dtlz7,nsgaii_archive_hybrid,numpy,9,hv,47366212980214.54,24,5
NSGAII_archive_family_DTLZ,dtlz7,nsgaii_archive_hybrid,numpy,9,igd_plus,3.4397752478942825,24,5
NSGAII_archive_family_DTLZ,dtlz7,nsgaii_archive_hybrid,numpy,9,archive_subset_hv,47366529951484.4,24,5
NSGAII_archive_family_DTLZ,dtlz7,nsgaii_archive_hybrid,numpy,9,archive_subset_igd_plus,3.4397363205250344,24,5
